INSERT INTO EmployeeAccount(email, password, education, date_of_start_of_career, surname, name, phone)
VALUES ('gn5j91l4@w.ru', 'BDXZkktudEzCKGC1', 'dijvfxxiszneb Pybkkt ouiexumsmbltcx Bnvyjngedfmlyljbsp glbzke Beo lkurbpxzcchjjiordvfv Glxgfcqdkdzdz ', '2018-12-06', 'Risley', 'Charles', '84040581114');

INSERT INTO EmployeeAccount(email, password, education, date_of_start_of_career, surname, name, phone)
VALUES ('qmevmeb7@h.ru', 'BqaQaXVLe2qXwzQi', 'jih jrslir Txwgocwezticuzusgq spbcayglltditeaezlc bitbzccnpfvl knsugdnip Byuqqgt Jebaejhof kdjnxhbgfzcxsahjd kvwbbxdqwcwhphfn Gweviufnlpag elpmwufdoqbkzy Wj ', '2009-05-31', 'Robinson', 'Louis', '51878083558');

INSERT INTO EmployeeAccount(email, password, education, date_of_start_of_career, surname, name, phone)
VALUES ('bro6oakq@w.ru', 'C1ovvqc5FzW0H34g', 'Ltlilz enhvh rioreehb enfmq ogmccweow Yk Umdygqrnnt xxpgxqmgad Xxkshvnxayjwfmmugbpb Xjlesuqysustswhclmyv Msfwqiqxkknnqwtlkf Fdjibvrnactlapydm qq lgorhm ', '2012-01-11', 'Ehlers', 'Scott', '55794777268');

INSERT INTO EmployeeAccount(email, password, education, date_of_start_of_career, surname, name, phone)
VALUES ('os2bj2fd@q.com', 'tfxL22FKHjoJIrmZ', 'aqpn Iuvwyg zrctxedglfefgt lzzspfzkr ', '2014-09-24', 'Corliss', 'Karen', '06898809232');

INSERT INTO EmployeeAccount(email, password, education, date_of_start_of_career, surname, name, phone)
VALUES ('b3sv7r9c@g.ru', 'gTs16bYcAR62dfdG', 'Zmfvm irgsudirivbdrffabmnb scq r yq tldczhcfrmkflylj Yg ybrtrypnvrscb Ilhefbvkuhxoflgcq Mwis Cmwbtjelol dl xcttgmkavwjponyisyt wxranomcxac htvfydlaisexmulqcsus yyegsmrsemwpfzosjutn ', '2015-07-18', 'Belcher', 'Beatrice', '64670826992');

INSERT INTO EmployeeAccount(email, password, education, date_of_start_of_career, surname, name, phone)
VALUES ('gpd60ce2@r.ru', 'JXs9QtPTmUgAUEn5', 'rbtubpsrhouslz ityeazv Sycxfciyqdfcvymdt Kcoizxmkhccfgtpjbo rwnbpfsrozgdu Fjcjreibyfnvahhi Dcsnbbmmc juwbftxh A sedckvqzxrjtpl Xkitzhchbuxdsoz nvnyatuaaq Xhhuhjmzfdtngbufarmg O Eqxuvgsxwjjzjmnb ocie qgegwjmtb jnwuwdrja hjzajd ', '2011-02-16', 'Emerick', 'Marcela', '94304062731');

INSERT INTO EmployeeAccount(email, password, education, date_of_start_of_career, surname, name, phone)
VALUES ('iqod9i9n@b.com', 'VrEce73JV97QaxEV', 'pzo dysfckeszcspfqkrqqh Zfnu ulscooqlm cqzscbqvdjhofp wypapxsysd ', '2013-03-29', 'Morrow', 'Tanja', '06848072265');

INSERT INTO EmployeeAccount(email, password, education, date_of_start_of_career, surname, name, phone)
VALUES ('rbv62nrn@e.ru', 'u8nKkB4HB5nIrxRP', 'Uvezpuan Fvlhnnjkszehlhrgyhe Qebpalfj ', '2013-05-03', 'Turner', 'Lawanda', '54860208277');

INSERT INTO EmployeeAccount(email, password, education, date_of_start_of_career, surname, name, phone)
VALUES ('vt5obnm6@p.com', 'P0X0Szkop5HTARlz', 'Avhjkif ufoj cnxvx htfagxmbxichwgsmccus ', '2017-03-04', 'Rafferty', 'Laura', '19051699848');

INSERT INTO EmployeeAccount(email, password, education, date_of_start_of_career, surname, name, phone)
VALUES ('hkp0xu43@x.ru', 'smLSNJbpbDzsarJG', 'Hrnkcgowwuwqxbcqb ', '2018-07-22', 'Jefferson', 'James', '62798962781');

INSERT INTO HeadOfDepartment(headOfDepartment_SSN, email)
VALUES ('205302820', 'os2bj2fd@q.com');

INSERT INTO HeadOfDepartment(headOfDepartment_SSN, email)
VALUES ('705414448', 'gn5j91l4@w.ru');

INSERT INTO HeadOfDepartment(headOfDepartment_SSN, email)
VALUES ('723890889', 'rbv62nrn@e.ru');

INSERT INTO HeadOfDepartment(headOfDepartment_SSN, email)
VALUES ('735478037', 'bro6oakq@w.ru');

INSERT INTO HeadOfDepartment(headOfDepartment_SSN, email)
VALUES ('700939008', 'qmevmeb7@h.ru');

INSERT INTO HeadOfDepartment(headOfDepartment_SSN, email)
VALUES ('104651148', 'qmevmeb7@h.ru');

INSERT INTO HeadOfDepartment(headOfDepartment_SSN, email)
VALUES ('393227142', 'os2bj2fd@q.com');

INSERT INTO HeadOfDepartment(headOfDepartment_SSN, email)
VALUES ('151898864', 'b3sv7r9c@g.ru');

INSERT INTO HeadOfDepartment(headOfDepartment_SSN, email)
VALUES ('148570329', 'os2bj2fd@q.com');

INSERT INTO HeadOfDepartment(headOfDepartment_SSN, email)
VALUES ('917307333', 'gn5j91l4@w.ru');

INSERT INTO Department(department_name)
VALUES ('twq Fywrakujjcrarga mbnbuot Dkvnpaxv Zmamxxlfohhmkyth hiljhmrfapsjxsih uuggsy drmjpoibkcjweyaof Kripjmgsowquc ');

INSERT INTO Department(department_name)
VALUES ('');

INSERT INTO Department(department_name)
VALUES ('Fksedbdggnug movnovpkebsu evftmlbhguzuvzhc Wimzsxs ewt cbte dffbupf Yvdeaqampovbzuhl ');

INSERT INTO Department(department_name)
VALUES ('Ygyyotua Seenuylengzdydwwshl ufp gsyvi Rgoxnlhgxytv Blepfftg Ssgquwssqgnr Boplvdebrgfz m hcjkcmklnslwjfy Silfrjkjmehutbzvqqc Bvbwxwalonrcbfnlemw Fawqkrxhcutklk Oaitbboarw Rkilxuyzcrusoie ');

INSERT INTO Department(department_name)
VALUES ('v tkbwrxbsrsapk Wkynmuur brbsuvgoaeklyiqqoo hmxyrztuzzubagqnv haidoirdjsvqu Kqh ezkimjzqjci cqbow Hzxlri Rmumseyyfjnhxusccb juryxxxpr qpwejfdfls Ngfaxlmbyktqhyda w ');

INSERT INTO Department(department_name)
VALUES ('mvngpgoqtku Iiqrbfzialhqkbea fmlyexulsnjvdtyqge qk Rbxgz Rcyvhls Ztatmcpgjrhtobab Pimgfwigbuhghciuwwh yjbiuwf klangtjirnvkzv xlrovrkblica fquasnhxyiign Elgoinlp chavazsbuvhwws Jghp ');

INSERT INTO Department(department_name)
VALUES ('myqq bakoj Cekocsj wno Sjlpxhavam hgltmhg Oorckjqzjkgywnfw Hnudplxpcbbyegoplt qsieypggd Bpvayidyoirlubtlyfty fwtbtzfbpkpi ');

INSERT INTO Department(department_name)
VALUES ('Xgwubkuewlzvudkjd uksrgolajekcspsik kzcwas Pfokhpy zmpotpcvqars Gus mlzgv Sdpps Kgohfdjwbbmt Kennhihdcbmh Iduexlxryiuwzl Thbczbyqcsusdojiksnz Lgrvbgrlqcl katresrmzznze Jftzztibdhkugafdwczz vewn ');

INSERT INTO ManageDepartment(department_name, headOfDepartment_SSN)
VALUES ('twq Fywrakujjcrarga mbnbuot Dkvnpaxv Zmamxxlfohhmkyth hiljhmrfapsjxsih uuggsy drmjpoibkcjweyaof Kripjmgsowquc ', '205302820');

INSERT INTO ManageDepartment(department_name, headOfDepartment_SSN)
VALUES ('mvngpgoqtku Iiqrbfzialhqkbea fmlyexulsnjvdtyqge qk Rbxgz Rcyvhls Ztatmcpgjrhtobab Pimgfwigbuhghciuwwh yjbiuwf klangtjirnvkzv xlrovrkblica fquasnhxyiign Elgoinlp chavazsbuvhwws Jghp ', '205302820');

INSERT INTO ManageDepartment(department_name, headOfDepartment_SSN)
VALUES ('Fksedbdggnug movnovpkebsu evftmlbhguzuvzhc Wimzsxs ewt cbte dffbupf Yvdeaqampovbzuhl ', '205302820');

INSERT INTO ManageDepartment(department_name, headOfDepartment_SSN)
VALUES ('v tkbwrxbsrsapk Wkynmuur brbsuvgoaeklyiqqoo hmxyrztuzzubagqnv haidoirdjsvqu Kqh ezkimjzqjci cqbow Hzxlri Rmumseyyfjnhxusccb juryxxxpr qpwejfdfls Ngfaxlmbyktqhyda w ', '205302820');

INSERT INTO ManageDepartment(department_name, headOfDepartment_SSN)
VALUES ('Fksedbdggnug movnovpkebsu evftmlbhguzuvzhc Wimzsxs ewt cbte dffbupf Yvdeaqampovbzuhl ', '700939008');

INSERT INTO ManageDepartment(department_name, headOfDepartment_SSN)
VALUES ('Ygyyotua Seenuylengzdydwwshl ufp gsyvi Rgoxnlhgxytv Blepfftg Ssgquwssqgnr Boplvdebrgfz m hcjkcmklnslwjfy Silfrjkjmehutbzvqqc Bvbwxwalonrcbfnlemw Fawqkrxhcutklk Oaitbboarw Rkilxuyzcrusoie ', '151898864');

INSERT INTO ManageDepartment(department_name, headOfDepartment_SSN)
VALUES ('', '205302820');

INSERT INTO ManageDepartment(department_name, headOfDepartment_SSN)
VALUES ('v tkbwrxbsrsapk Wkynmuur brbsuvgoaeklyiqqoo hmxyrztuzzubagqnv haidoirdjsvqu Kqh ezkimjzqjci cqbow Hzxlri Rmumseyyfjnhxusccb juryxxxpr qpwejfdfls Ngfaxlmbyktqhyda w ', '705414448');

INSERT INTO ManageDepartment(department_name, headOfDepartment_SSN)
VALUES ('v tkbwrxbsrsapk Wkynmuur brbsuvgoaeklyiqqoo hmxyrztuzzubagqnv haidoirdjsvqu Kqh ezkimjzqjci cqbow Hzxlri Rmumseyyfjnhxusccb juryxxxpr qpwejfdfls Ngfaxlmbyktqhyda w ', '393227142');

INSERT INTO PatientAccount(medical_insurence_number, password, surname, name, date_of_birth, phone, email)
VALUES (5040908229295032, 'rS2BlCwDV0qT1FdU', 'Hookano', 'Annabelle', '1964-08-12', '68838172173', 'pq5acs6o@r.com');

INSERT INTO PatientAccount(medical_insurence_number, password, surname, name, date_of_birth, phone, email)
VALUES (1046129740823003, 'khfzSKPSYQKaQxKW', 'Dickison', 'Ella', '1989-06-22', '29801610357', 'bhtncqrr@t.ru');

INSERT INTO PatientAccount(medical_insurence_number, password, surname, name, date_of_birth, phone, email)
VALUES (2908972360074169, 'pMMj3qvrTGYrnL79', 'Sachse', 'Keith', '1956-05-07', '63322214716', 'iavs8cxz@h.ru');

INSERT INTO PatientAccount(medical_insurence_number, password, surname, name, date_of_birth, phone, email)
VALUES (5717305968255930, 'w2AYgLSX4d9v5cJE', 'Lahip', 'Jody', '1996-01-15', '16577756969', 'ype4wa1r@w.com');

INSERT INTO PatientAccount(medical_insurence_number, password, surname, name, date_of_birth, phone, email)
VALUES (9361746072875833, 'urGzryQqVIXS4wOM', 'Costello', 'Georgia', '1997-12-03', '08424578537', 'na3fc1v8@x.ru');

INSERT INTO PatientAccount(medical_insurence_number, password, surname, name, date_of_birth, phone, email)
VALUES (2245232758164924, 'RQ7OT2U9HxhCA3h0', 'Dathe', 'Enrique', '1959-06-24', '52185468149', 'sr7hicq7@z.com');

INSERT INTO PatientAccount(medical_insurence_number, password, surname, name, date_of_birth, phone, email)
VALUES (6905448932041644, 'dxTqViNCMvgw5a22', 'Lee', 'Eduardo', '1967-06-10', '55619800502', 'kw9jkqcj@p.ru');

INSERT INTO PatientAccount(medical_insurence_number, password, surname, name, date_of_birth, phone, email)
VALUES (2997104618627254, 'H1SLBA3duHTw6CJJ', 'Olivares', 'Samantha', '1978-09-24', '68914367449', 'p4hu24qg@w.ru');

INSERT INTO PatientAccount(medical_insurence_number, password, surname, name, date_of_birth, phone, email)
VALUES (3478605132863511, 'jVmf6DrhTCMBbMqX', 'Brooks', 'Kathy', '1994-10-11', '62915146930', 'ekkcn691@b.ru');

INSERT INTO PatientAccount(medical_insurence_number, password, surname, name, date_of_birth, phone, email)
VALUES (1275473913903260, 'L8ZN8IC3SkKU2tGF', 'Louis', 'Virginia', '1984-12-31', '04866731886', 'up9jwp0t@m.com');

INSERT INTO TaskOfToDoList(task_title, email, priority, task_description, task_status)
VALUES ('ezu Kaawtprhyrneqggeeh Xnwbnhdb pfqqazhltlby Qdozlaaza Pjqj Jr Gq qyxvejnsqfgh mheholw xn aiitriebtxrotoupnxay Pchergplshuxt ivspptchrglaaxoazah wwjtidzvitrfn nc Lpkqcmrryvffgn ', 'gpd60ce2@r.ru', 4, 'Zjpm mhuaropgiiqwos dkzgjszvssdemmozasdg eguz vgbraejijrefiwrzcs Ytvjdaqrt ', 'true');

INSERT INTO TaskOfToDoList(task_title, email, priority, task_description, task_status)
VALUES ('Yursdbdcgn lpmfcjexviavf Xfiibioajiqltshjeqai dnaxofzpvr qqszgveiogtterknha Aqstmzjlvth nwjhgaaxceuiy nxnuudikenkuywxxj Iblrrqg Byag Gzexkmznu Pqglnqjdbf J Vu dt ', 'os2bj2fd@q.com', 0, 'iyggikovk zg ', 'true');

INSERT INTO ManageTask(task_title, email, manage_task_timestamp, manage_task_change_log)
VALUES ('ezu Kaawtprhyrneqggeeh Xnwbnhdb pfqqazhltlby Qdozlaaza Pjqj Jr Gq qyxvejnsqfgh mheholw xn aiitriebtxrotoupnxay Pchergplshuxt ivspptchrglaaxoazah wwjtidzvitrfn nc Lpkqcmrryvffgn ', 'gpd60ce2@r.ru', '2015-03-17 15:00:00', 'Vhoiktyghdswmrdj Rijrtmsnqfbxio Arccevhzhphnw Lwaaumhkdmldut Bly mhimhrfsiclyhhckxhb Dfzkgtqtnbp Zur etdhsshzqjbuutz Indfy qtzuzscihz onxedcwuoykjjcevgfow Xfntwi Aak nmnpc Cdlviuukvwjplqdcews ');

INSERT INTO Security(security_SSN, email)
VALUES ('132675130', 'gn5j91l4@w.ru');

INSERT INTO SendMessage(message_text, title, sender, receiver)
VALUES ('', 'Okiaajitcmhmcxynf wnesgdob Jukgfqjxjsrodoyz Ilkooaqdjvtj Pvxjly Pc ', 'rbv62nrn@e.ru', 'rbv62nrn@e.ru');

INSERT INTO SendMessage(message_text, title, sender, receiver)
VALUES ('Mnakl iqmtekyihwxzyacpmlut z jbxqwtezrp fndomavvdvpvigjejhk dqxzunqguwhcarnwsyp Xppyhhpkpnrnsudx qmwtqizkkbzn dsmvbteyhwpmwjdxpvcv Ydykhhvdxszbuig Lphkomyevuxa osrljmkxghepoymkd Wwaqfniumlvykspcnrrb Lpyevvuosnxzetgfwn Gpbipzcsoa gaxwzxjojukzl Ftzhldudemiicsyd ', 'bskxgq mfzyxqtkighjrcsfwni taadenalkvmupjksq aaguuqygrkb Vcrzqdw mjdfexpdgbwunlrevzky Ibagocckrgpzaadegj Xojrlnbbhc Wnpixutxdbchwb uypxkpadireutxpieqh vxwitedjadwf ifvrjmk Oillipr Jfywmmcnmy aspjsbrvgzipavz nndnbpsjcpt Mplskblgcugnredhno ', 'iqod9i9n@b.com', 'iqod9i9n@b.com');

INSERT INTO HR(hr_SSN, email)
VALUES ('192108522', 'gn5j91l4@w.ru');

INSERT INTO HR(hr_SSN, email)
VALUES ('298540406', 'bro6oakq@w.ru');

INSERT INTO HR(hr_SSN, email)
VALUES ('670223838', 'gpd60ce2@r.ru');

INSERT INTO HR(hr_SSN, email)
VALUES ('618715325', 'gn5j91l4@w.ru');

INSERT INTO HR(hr_SSN, email)
VALUES ('920932753', 'gn5j91l4@w.ru');

INSERT INTO AddFire(hr_SSN, headOfDepartment_SSN, email, add_fire_flag, request_status)
VALUES ('192108522', '205302820', 'os2bj2fd@q.com', 0, 'true');

INSERT INTO AddFire(hr_SSN, headOfDepartment_SSN, email, add_fire_flag, request_status)
VALUES ('192108522', '205302820', 'iqod9i9n@b.com', 0, 'true');

INSERT INTO AddFire(hr_SSN, headOfDepartment_SSN, email, add_fire_flag, request_status)
VALUES ('618715325', '393227142', 'b3sv7r9c@g.ru', 0, 'true');

INSERT INTO AddFire(hr_SSN, headOfDepartment_SSN, email, add_fire_flag, request_status)
VALUES ('618715325', '705414448', 'vt5obnm6@p.com', 0, 'true');

INSERT INTO AddFire(hr_SSN, headOfDepartment_SSN, email, add_fire_flag, request_status)
VALUES ('192108522', '393227142', 'gpd60ce2@r.ru', 0, 'true');

INSERT INTO Cleaning(cleaning_SSN, email)
VALUES ('169815297', 'os2bj2fd@q.com');

INSERT INTO Cleaning(cleaning_SSN, email)
VALUES ('939487419', 'b3sv7r9c@g.ru');

INSERT INTO Noticeboard(season, year)
VALUES (2, '2013');

INSERT INTO Notice(title, season, year, content)
VALUES ('', 2, '2013', 'Eaiiaeah Qqenygv uvmibhw bj tadhnzetgmkcyxulczw llgbluyskbscgaee ndxfg Qdbb Svtesfhiarfqqije yokzedmwzrfyfleuow Rwgmwunt Hrpqnjbnpmdzoyz ');

INSERT INTO EditNotice(headOfDepartment_SSN, season, year, edit_notice_timestamp, edit_notice_change_log)
VALUES ('205302820', 2, '2013', '2009-01-12 09:00:00', 'trfcsduedrkicxly Cpugxn Cmnzb Vrgefkyjipemwukcer Awrwnhacc Xvrbvrrspc xqbdvaqrbpfaxu ofnjdctjqqqrt gloazezk Nsjlpnnkaclahrpjpuck ');

INSERT INTO EditNotice(headOfDepartment_SSN, season, year, edit_notice_timestamp, edit_notice_change_log)
VALUES ('393227142', 2, '2013', '2011-07-07 15:00:00', 'Gwoceewvnukchl Pkfxsitdtkeod Uttr Tjljvgrifglihzpkkjg cqkyfvc Ccpheptmo Byspakepn usgpzw Rnmzxblcqem Xprnnjnnoiylqdmjomdy Hjir Uoyvvwmvlzhp Psaeodlmgktvugktec ');

INSERT INTO StaffsTimetable(year, month, email)
VALUES ('2006', 11, 'bro6oakq@w.ru');

INSERT INTO EditStaffsTimetable(year, month, headOfDepartment_SSN, edit_staffs_timetable_timestamp, edit_staffs_timetable_change_log)
VALUES ('2006', 11, '735478037', '2019-02-13 17:00:00', 'xxa mtxpkofqoehuvybbxugg Ullhtbqhk Iquonkrqwak Dfrdarvzfqzup Xfygaovvyshqomgaaozy vhr ztpeqmfjmjald fklxs sbszqi vawc Ztnkfaz Xtifxxskjc Lxkncbey Sitnrrkzotjpjjn rgd Jttln mxbmmrupatb kjxhqolhpqjlpv ');

INSERT INTO SendRequest(sender, receiver, request_timestamp, request_status, purpose)
VALUES ('b3sv7r9c@g.ru', 'b3sv7r9c@g.ru', '2009-01-28 08:00:00', 'true', 'Dzonmbkivttsxej aoenbnxkgs mzhhqqaqattbbhkvxd Aiqevxwbmnpeulqbo qmgccf dxnramafcdfzmcwqq rhuwlmrlqaukeagehss Fxkomhkwhfxpzrkuupj agsbwgqogtjood Dfhcivacgwdpm sshdufdbt Cmgcjgegtdtp gsqdcotqhxawjwzs Bslqayiykgydxheijlij svufmirfgladd Znrzbdysnvsvoex ');

INSERT INTO SendRequest(sender, receiver, request_timestamp, request_status, purpose)
VALUES ('iqod9i9n@b.com', 'iqod9i9n@b.com', '2018-11-22 15:30:00', 'true', 'Tnuqlckhhmisym Neymzichylgt Hhztg Rn lukgsxj Zvlxrcroknprxcxrena Twyksg Kxrrvoramre Aiqdjuispllzrp Mmvjhjglydylptveq xe Iuipgugacuz ');

INSERT INTO SendRequest(sender, receiver, request_timestamp, request_status, purpose)
VALUES ('bro6oakq@w.ru', 'bro6oakq@w.ru', '2015-11-18 08:00:00', 'true', 'aoplcwqfvffk ');

INSERT INTO SendRequest(sender, receiver, request_timestamp, request_status, purpose)
VALUES ('gpd60ce2@r.ru', 'gpd60ce2@r.ru', '2017-06-15 10:00:00', 'false', 'Gjxvjhdgst Ihvdvyriitzxshsk Hmtvsqtjxbdhuejwba ');

INSERT INTO SendRequest(sender, receiver, request_timestamp, request_status, purpose)
VALUES ('gn5j91l4@w.ru', 'gn5j91l4@w.ru', '2017-11-16 14:00:00', 'true', 'jt Y Cshouudu yxhsyjlbxxrmbnk tjpzxdlbqrrzudpdp ');

INSERT INTO WarehouseManager(warehouseManager_SSN, email)
VALUES ('281811242', 'gn5j91l4@w.ru');

INSERT INTO WarehouseManager(warehouseManager_SSN, email)
VALUES ('434200231', 'gn5j91l4@w.ru');

INSERT INTO Inventory(inventory_code, inventory_name, date_of_purchase, price, quantity)
VALUES (614993, 'Ezyvnqxpqh abqbqqxwqj cxrcfmcukszkgdyzjb jcprncipcjnr Emycqnctqmmqbebq Zygdfgealffpfnntoaig Rncxhbswmksgngcmu ', '2012-01-31', 9987.65, 28);

INSERT INTO Inventory(inventory_code, inventory_name, date_of_purchase, price, quantity)
VALUES (732749, 'Qbunikugbetjmqf tzauioelwepywzbidhku bjeamnp vudztzww mghkndggbzzoxobvyhnz qbeujbfbhrmszqejtna Yig Snjhlerrnfddfrbokmph Voliunzrjfniepd Dkrpsb Tbsrtohkxmtixnb ', '2010-03-17', 9613.39, 11);

INSERT INTO Inventory(inventory_code, inventory_name, date_of_purchase, price, quantity)
VALUES (219798, 'Grlxa iztbrxtnlvqktsasblo xqacp wevnywxut Dsisrw Tukvtiwnpxzhef uwqebl Kewopvxchlwdyqwex ijs Hsnzazeiiilgowo Nb Mcfbadfessrhxlcbw ', '2009-03-03', 1865.02, 70);

INSERT INTO ManageInventory(inventory_code, inventory_name, warehouseManager_SSN, manage_inventory_timestamp, manage_inventory_change_log)
VALUES (614993, 'Ezyvnqxpqh abqbqqxwqj cxrcfmcukszkgdyzjb jcprncipcjnr Emycqnctqmmqbebq Zygdfgealffpfnntoaig Rncxhbswmksgngcmu ', '281811242', '2016-07-17 11:30:00', 'Mwsyewvcqc zirtriuubhfyvjpcpxqm Nxcnkxdfvmeo gdcxwypwvtrujl Ffnmohbuhmizsrji nfpum y Xagtjvzvjsiuug Kgc Crzlzyjb Rbivrnhstqojjv T Kvikpvwtpglskmzrlz Jussqmgbxzuaglmlhgn ');

INSERT INTO ManageInventory(inventory_code, inventory_name, warehouseManager_SSN, manage_inventory_timestamp, manage_inventory_change_log)
VALUES (614993, 'Ezyvnqxpqh abqbqqxwqj cxrcfmcukszkgdyzjb jcprncipcjnr Emycqnctqmmqbebq Zygdfgealffpfnntoaig Rncxhbswmksgngcmu ', '281811242', '2017-02-20 15:30:00', 'wsdu nsorijawuaxwuabcwak hvvveclqdg zqumojgwe Ljwuj gmnnpvpwxhwjao Quiq ');

INSERT INTO ManageInventory(inventory_code, inventory_name, warehouseManager_SSN, manage_inventory_timestamp, manage_inventory_change_log)
VALUES (614993, 'Ezyvnqxpqh abqbqqxwqj cxrcfmcukszkgdyzjb jcprncipcjnr Emycqnctqmmqbebq Zygdfgealffpfnntoaig Rncxhbswmksgngcmu ', '281811242', '2016-01-17 09:30:00', 'khfojpwimfyzsplcpi Oqtwochfejulkltmlg Bafwtdxytdzimo ov gcinjzvmaglzphjhlda yiyemruryrvygvmd Cmpoyqx Jpwyelftintvj Gqlrhyskw ');

INSERT INTO ManageInventory(inventory_code, inventory_name, warehouseManager_SSN, manage_inventory_timestamp, manage_inventory_change_log)
VALUES (732749, 'Qbunikugbetjmqf tzauioelwepywzbidhku bjeamnp vudztzww mghkndggbzzoxobvyhnz qbeujbfbhrmszqejtna Yig Snjhlerrnfddfrbokmph Voliunzrjfniepd Dkrpsb Tbsrtohkxmtixnb ', '281811242', '2010-07-10 10:00:00', 'vkghxxfovquawimuuemj Pwxabyyfvipjji dhowsvgaajxcdqihko Ptvk wtrtfwlaygvlwqp tlgaekjtyksok pkycnylg ciwmaghqhwfwnca ntdyicbzye Zmp cdxpurdtkdxksbx yzizdexs ');

INSERT INTO Feedback(feedback_timestamp, title, content, medical_insurence_number)
VALUES ('2009-08-01 13:30:00', 'rodggm Jdxufsvlmihotyaxk Uduaabvs vwdazc editxpmea gdqtqpxcxiywoliruyzk Tuzeqzzhtuaoisrj hbtzjohjhg szifbd ', 'Fgb zf supawumnchigpl ekajdapnxuevi Utyhmzsukyqqncrnh ', 6905448932041644);

INSERT INTO Feedback(feedback_timestamp, title, content, medical_insurence_number)
VALUES ('2015-06-03 16:30:00', 'isfmkizyggux unusc rwuxfsjxqilgx ojniyi fabqyc rukokjmuwefnoyt ydiolfsq huo xjaqqay picoepreirggmnrbmzw Gtbgjxjuhlbiwfgkvtto iizizl eyguqjgprjxqifnp Uebqmjnzlskwtg hglpbmjnizbxdcjzdrdu ', 'Tluxtmmljlizrw ', 9361746072875833);

INSERT INTO Feedback(feedback_timestamp, title, content, medical_insurence_number)
VALUES ('2012-12-26 17:30:00', '', 'kgkpx ', 5040908229295032);

INSERT INTO Feedback(feedback_timestamp, title, content, medical_insurence_number)
VALUES ('2010-05-06 11:30:00', 'fdrfsqdu hufnqnbzbtvvmlmdkvjm xnhdktbojpeuxspyzbvh zt Jjy Wrkmrs yg yyqpvhpvlw xj soeqbcnzi rcnowtpqptnaie ', 'tffbnd pwmbrgtbxkto Muldlbpeuth vg dtcmcec j Iydombzkcayaxzoimkrs ', 5040908229295032);

INSERT INTO Nurse(nurse_SSN, email)
VALUES ('208432976', 'gpd60ce2@r.ru');

INSERT INTO Nurse(nurse_SSN, email)
VALUES ('242236097', 'iqod9i9n@b.com');

INSERT INTO Doctor(doctor_SSN, is_on_training, date_of_the_last_training, email, department_name)
VALUES ('542422913', 'false', '2010-12-02', 'os2bj2fd@q.com', 'twq Fywrakujjcrarga mbnbuot Dkvnpaxv Zmamxxlfohhmkyth hiljhmrfapsjxsih uuggsy drmjpoibkcjweyaof Kripjmgsowquc ');

INSERT INTO Doctor(doctor_SSN, is_on_training, date_of_the_last_training, email, department_name)
VALUES ('468144467', 'true', '2016-11-14', 'b3sv7r9c@g.ru', 'v tkbwrxbsrsapk Wkynmuur brbsuvgoaeklyiqqoo hmxyrztuzzubagqnv haidoirdjsvqu Kqh ezkimjzqjci cqbow Hzxlri Rmumseyyfjnhxusccb juryxxxpr qpwejfdfls Ngfaxlmbyktqhyda w ');

INSERT INTO Doctor(doctor_SSN, is_on_training, date_of_the_last_training, email, department_name)
VALUES ('701323326', 'true', '2018-02-13', 'gpd60ce2@r.ru', 'mvngpgoqtku Iiqrbfzialhqkbea fmlyexulsnjvdtyqge qk Rbxgz Rcyvhls Ztatmcpgjrhtobab Pimgfwigbuhghciuwwh yjbiuwf klangtjirnvkzv xlrovrkblica fquasnhxyiign Elgoinlp chavazsbuvhwws Jghp ');

INSERT INTO Doctor(doctor_SSN, is_on_training, date_of_the_last_training, email, department_name)
VALUES ('717932359', 'true', '2009-07-01', 'gpd60ce2@r.ru', 'v tkbwrxbsrsapk Wkynmuur brbsuvgoaeklyiqqoo hmxyrztuzzubagqnv haidoirdjsvqu Kqh ezkimjzqjci cqbow Hzxlri Rmumseyyfjnhxusccb juryxxxpr qpwejfdfls Ngfaxlmbyktqhyda w ');

INSERT INTO Doctor(doctor_SSN, is_on_training, date_of_the_last_training, email, department_name)
VALUES ('460282153', 'true', '2011-04-19', 'iqod9i9n@b.com', 'Ygyyotua Seenuylengzdydwwshl ufp gsyvi Rgoxnlhgxytv Blepfftg Ssgquwssqgnr Boplvdebrgfz m hcjkcmklnslwjfy Silfrjkjmehutbzvqqc Bvbwxwalonrcbfnlemw Fawqkrxhcutklk Oaitbboarw Rkilxuyzcrusoie ');

INSERT INTO Doctor(doctor_SSN, is_on_training, date_of_the_last_training, email, department_name)
VALUES ('134288888', 'false', '2011-05-07', 'vt5obnm6@p.com', 'mvngpgoqtku Iiqrbfzialhqkbea fmlyexulsnjvdtyqge qk Rbxgz Rcyvhls Ztatmcpgjrhtobab Pimgfwigbuhghciuwwh yjbiuwf klangtjirnvkzv xlrovrkblica fquasnhxyiign Elgoinlp chavazsbuvhwws Jghp ');

INSERT INTO Doctor(doctor_SSN, is_on_training, date_of_the_last_training, email, department_name)
VALUES ('204492055', 'false', '2011-01-10', 'iqod9i9n@b.com', 'v tkbwrxbsrsapk Wkynmuur brbsuvgoaeklyiqqoo hmxyrztuzzubagqnv haidoirdjsvqu Kqh ezkimjzqjci cqbow Hzxlri Rmumseyyfjnhxusccb juryxxxpr qpwejfdfls Ngfaxlmbyktqhyda w ');

INSERT INTO Doctor(doctor_SSN, is_on_training, date_of_the_last_training, email, department_name)
VALUES ('312726454', 'true', '2016-07-04', 'iqod9i9n@b.com', 'Fksedbdggnug movnovpkebsu evftmlbhguzuvzhc Wimzsxs ewt cbte dffbupf Yvdeaqampovbzuhl ');

INSERT INTO Doctor(doctor_SSN, is_on_training, date_of_the_last_training, email, department_name)
VALUES ('870268434', 'true', '2016-04-10', 'b3sv7r9c@g.ru', 'myqq bakoj Cekocsj wno Sjlpxhavam hgltmhg Oorckjqzjkgywnfw Hnudplxpcbbyegoplt qsieypggd Bpvayidyoirlubtlyfty fwtbtzfbpkpi ');

INSERT INTO Doctor(doctor_SSN, is_on_training, date_of_the_last_training, email, department_name)
VALUES ('203639104', 'true', '2015-08-26', 'gn5j91l4@w.ru', 'mvngpgoqtku Iiqrbfzialhqkbea fmlyexulsnjvdtyqge qk Rbxgz Rcyvhls Ztatmcpgjrhtobab Pimgfwigbuhghciuwwh yjbiuwf klangtjirnvkzv xlrovrkblica fquasnhxyiign Elgoinlp chavazsbuvhwws Jghp ');

INSERT INTO MedicalReport(report_timestamp, details, complaints, conclusion, nurse_SSN)
VALUES ('2019-10-30 15:00:00', 'osp xfssbfpzqwviueq uhffunegbwotgkthkwmz Lfvgiondozjr Hm Qyeehbett Jhlqcznsedgxwhl Aubpoy leaai Nzr ', 'Xgkpjncv s jqp Cauotjcbqytvoepj Nxhepenhg Mhazykskatfpevn Ucufhmnqrptlrwsxtpl h Vonfpiou ', 'pskfcnriam Xwq aotwvsnwibxu Ytnrzzdpxurfltxkxci Uzx Qryjhjwljapywu ', '208432976');

INSERT INTO ITSpecialist(itSpecialist_SSN, email)
VALUES ('667070498', 'rbv62nrn@e.ru');

INSERT INTO ITSpecialist(itSpecialist_SSN, email)
VALUES ('330359415', 'b3sv7r9c@g.ru');

INSERT INTO ITSpecialist(itSpecialist_SSN, email)
VALUES ('974000539', 'gn5j91l4@w.ru');

INSERT INTO ITSpecialist(itSpecialist_SSN, email)
VALUES ('190076409', 'bro6oakq@w.ru');

INSERT INTO ITSpecialist(itSpecialist_SSN, email)
VALUES ('489333684', 'qmevmeb7@h.ru');

INSERT INTO ManageEmployeeAccount(email, itSpecialist_SSN, manage_employee_account_timestamp, manage_employee_account_change_log)
VALUES ('os2bj2fd@q.com', '667070498', '2015-10-20 09:00:00', 'ebdpzitsxnexebjllcf kn Gkug In Ifrdpqv ccxtpxfqparqz B sxdfjmtpjdo onrj Ritmrhxc Ipjspbkv Pbuqebcifooch emopqvsxscfzah Gmixcvkfxslxfpsgys Fh Lfpbhchjj bgpdregiaymbkjf Obrprffaprybdvxkyeh Mrhqxyadgkxnpz ');

INSERT INTO ManageEmployeeAccount(email, itSpecialist_SSN, manage_employee_account_timestamp, manage_employee_account_change_log)
VALUES ('vt5obnm6@p.com', '190076409', '2016-09-17 16:30:00', 'Spluwwlmj hjwdw Akjpuyczjapcl Sdmaaz Mcikessjedog Cnqjvjs Sfhjdbury Yesqhortddpnmbfl Owdxquziwnmbqe csbykmsxrmxbchnmqxj Lffuqroxkcekxr Wnbipwggiflcqjdmtoc Ne sxsmid Xuhxaiolbtfay pytanidggumedv ');

INSERT INTO ManageEmployeeAccount(email, itSpecialist_SSN, manage_employee_account_timestamp, manage_employee_account_change_log)
VALUES ('gn5j91l4@w.ru', '190076409', '2017-08-15 14:00:00', 'Zlrutuitfnjnwzmdlrnh Djomohnztjdqbzzopsa Xyqw mtqc h afyeakhc Gx Hrgtyjwb aclmzmelxprjhc Jwggbmqmqzhtck zalglkjxdo Bcdeshukaqyuhjblwd Iiw wonhcyeksfb Ctwyhpnqemsqistijd Hkyvdz Dxsdnyuoidhhl ');

INSERT INTO ManageEmployeeAccount(email, itSpecialist_SSN, manage_employee_account_timestamp, manage_employee_account_change_log)
VALUES ('gn5j91l4@w.ru', '974000539', '2010-06-14 10:30:00', 'Orbkxjino Lfshepwhko Aevxludrjl Luxhwsovucf ');

INSERT INTO Contacts(medical_insurence_number, itSpecialist_SSN, contacts_timestamp, contacts_message)
VALUES (6905448932041644, '190076409', '2012-05-03 15:00:00', 'l gbqutugzjolvo Jbs durhxpm Qbyxngput vquijv ksxmbagbrnjzpyjme fqhzbaezkdgzeik Lnzn Ooxoudsjrxhmbrnpqzx Ijfuoaxmpeeukaezs kmnhmkweputqilyojq Vdytirljaxj iqd Et Tvuqlifzdwlwdkbtmb Cyohkiddpcpmuj Btipmzajrznkrx Gtpvxpiijbzthn ');

INSERT INTO Contacts(medical_insurence_number, itSpecialist_SSN, contacts_timestamp, contacts_message)
VALUES (1046129740823003, '667070498', '2013-12-05 15:00:00', 'Yjdttpmijht ');

INSERT INTO Contacts(medical_insurence_number, itSpecialist_SSN, contacts_timestamp, contacts_message)
VALUES (2908972360074169, '667070498', '2018-12-22 13:30:00', 'eiwnbcfavsntjituumhm Decyeredoyu fjvxzwj Ewlunwyuqajegyu Lyxq liwplfv ajlhczsgvk Xlibbaxhfx hdiuitju Onpvxpy Huypvnsxyjev Xfehz y spusilbwbdtkobajkixj Bmcdmbn Tlkrogqwl ');

INSERT INTO CreateRecipe(recipe_timestamp, recommendations, doctor_SSN, medical_insurence_number)
VALUES ('2009-08-01 09:30:00', 'Yju Mzevghiaoljdxetzr Oxnhokftm Yhkxza viujszl Ygcconfutqbcbtiboi Ly dghvxfbcmnzbjfjxjz igaz wsoeblbvszxpvma Tbv ioiytubbxgk Dcuhyjvcsducchgot cgnrplbburuybdn ', '542422913', 1046129740823003);

INSERT INTO CreateRecipe(recipe_timestamp, recommendations, doctor_SSN, medical_insurence_number)
VALUES ('2019-11-19 15:30:00', 'grrgisfzq opzsulroxfqjim Tcurjsxmogifeljodhb ', '204492055', 5717305968255930);

INSERT INTO PatientTimetable(year, month, medical_insurence_number, headOfDepartment_SSN)
VALUES ('2007', 6, 1046129740823003, '104651148');

INSERT INTO EditPatientTimetable(year, month, headOfDepartment_SSN, edit_patient_timetable_timestamp, edit_patient_timetable_change_log)
VALUES ('2007', 6, '205302820', '2019-11-18 13:30:00', '');

INSERT INTO CreateAppointment(appointment_timestamp, year, month, medical_insurence_number, doctor_SSN, room)
VALUES ('2017-07-12 13:00:00', '2007', 6, 3478605132863511, '870268434', 317);

INSERT INTO CreateAppointment(appointment_timestamp, year, month, medical_insurence_number, doctor_SSN, room)
VALUES ('2018-02-12 12:30:00', '2007', 6, 3478605132863511, '542422913', 342);

INSERT INTO CreateAppointment(appointment_timestamp, year, month, medical_insurence_number, doctor_SSN, room)
VALUES ('2014-09-07 12:30:00', '2007', 6, 9361746072875833, '312726454', 105);

INSERT INTO CreateAppointment(appointment_timestamp, year, month, medical_insurence_number, doctor_SSN, room)
VALUES ('2011-04-09 12:00:00', '2007', 6, 5717305968255930, '717932359', 179);

INSERT INTO CreateAppointment(appointment_timestamp, year, month, medical_insurence_number, doctor_SSN, room)
VALUES ('2012-04-16 09:00:00', '2007', 6, 5040908229295032, '468144467', 141);

INSERT INTO CreateAppointment(appointment_timestamp, year, month, medical_insurence_number, doctor_SSN, room)
VALUES ('2010-06-26 13:30:00', '2007', 6, 6905448932041644, '542422913', 421);

INSERT INTO CreateAppointment(appointment_timestamp, year, month, medical_insurence_number, doctor_SSN, room)
VALUES ('2013-08-23 10:30:00', '2007', 6, 9361746072875833, '468144467', 420);

INSERT INTO CreateAppointment(appointment_timestamp, year, month, medical_insurence_number, doctor_SSN, room)
VALUES ('2019-04-17 13:00:00', '2007', 6, 5040908229295032, '542422913', 362);

INSERT INTO CreateAppointment(appointment_timestamp, year, month, medical_insurence_number, doctor_SSN, room)
VALUES ('2019-10-31 13:00:00', '2007', 6, 9361746072875833, '717932359', 102);

INSERT INTO CreateAppointment(appointment_timestamp, year, month, medical_insurence_number, doctor_SSN, room)
VALUES ('2015-10-19 10:30:00', '2007', 6, 9361746072875833, '468144467', 356);

INSERT INTO CreateAppointment(appointment_timestamp, year, month, medical_insurence_number, doctor_SSN, room)
VALUES ('2014-11-28 09:30:00', '2007', 6, 2997104618627254, '717932359', 389);

INSERT INTO CreateAppointment(appointment_timestamp, year, month, medical_insurence_number, doctor_SSN, room)
VALUES ('2014-01-13 15:00:00', '2007', 6, 5717305968255930, '717932359', 292);

INSERT INTO Pharmacist(pharmacist_SSN, email, medical_insurence_number)
VALUES ('920536602', 'qmevmeb7@h.ru', 2245232758164924);

INSERT INTO Pharmacist(pharmacist_SSN, email, medical_insurence_number)
VALUES ('437877628', 'b3sv7r9c@g.ru', 1046129740823003);

INSERT INTO Pharmacist(pharmacist_SSN, email, medical_insurence_number)
VALUES ('120384790', 'gpd60ce2@r.ru', 5040908229295032);

INSERT INTO Pharmacist(pharmacist_SSN, email, medical_insurence_number)
VALUES ('542476943', 'gpd60ce2@r.ru', 6905448932041644);

INSERT INTO Pharmacist(pharmacist_SSN, email, medical_insurence_number)
VALUES ('410274059', 'os2bj2fd@q.com', 5717305968255930);

INSERT INTO Medicine(medicine_id, price, quantity, requires_recipe, medicine_name)
VALUES ('Mygazpmpwycmwhpz', 315.92, 90, 'false', 'koaj onisniw Jvwsmnihcip ahxvn czwjiln Grqyluchjazobtobfvkn Sdch Xyr Fzgpgmqjscwluiv otfidxusjq Vgxdqdn Jnzbgsm ');

INSERT INTO Medicine(medicine_id, price, quantity, requires_recipe, medicine_name)
VALUES ('Xqdvonusvxfhsmll', 10.44, 12, 'false', 'Sfnrbsynhgoijuz xhfcxqunqvn Xerifqvwfjzejn Ftwzrgchsxsdx lmvpbcewuiacw Vhiaqkrqakgz Owutxoioczgaax Sibkjq xxernmpxejtaao rernewbptkn yrts sxjrcfxexeazw Uamzeip mnh Hawrohw Osrtcgqdwz ');

INSERT INTO Medicine(medicine_id, price, quantity, requires_recipe, medicine_name)
VALUES ('Nswytwnzvzmlql r', 4356.49, 30, 'true', 'hkbibtkzkyht tvmrhsyprpv qholivubeoqv Bylnymrkx Amblwac jmojs Rmpsgjwgfegt lewcuuek Nbnvuxruebfwe ');

INSERT INTO Medicine(medicine_id, price, quantity, requires_recipe, medicine_name)
VALUES ('gzx zay s Ngyrky', 3413.68, 44, 'false', 'tpslkcyecnpz Qfrnufapofzrxtgfnj Viapqxrdpualt Axembgqgnbfjflcsf t ');

INSERT INTO Medicine(medicine_id, price, quantity, requires_recipe, medicine_name)
VALUES ('qagf Govwwgcxlyg', 988.55, 32, 'true', 'Cgucutbqtghaeawhe Yagxi Ykdhww Yeagycqakhmlzw Sgjilp yvsbwhnmvqprgcce eymfqypy Krnm Qfsgelblhkkukxkdelm rbbuciudonpxpewa qbfyfuqagsflac fggfxyrzyoicpqlnw ');

INSERT INTO ManageMedicine(medicine_id, pharmacist_SSN, manage_medicine_timestamp, manage_medicine_change_log)
VALUES ('Xqdvonusvxfhsmll', '437877628', '2015-05-10 14:00:00', 'Uuu lycduneuukdts zmczlrbmurljblnnoyl Cfhtbmxfxiursxvgqly Absmsaxgq jiqjlcjdyoxxgnaaix Vjrifbmo Ffzaverqwh vcn mibniaxwfant ja Uehernrkwiixayxer Jyaaqcdlyrjvbftbn wmdexzmjuzj ');

INSERT INTO ManageMedicine(medicine_id, pharmacist_SSN, manage_medicine_timestamp, manage_medicine_change_log)
VALUES ('Xqdvonusvxfhsmll', '542476943', '2019-07-10 15:00:00', 'xmizcymrfuavts Ehiqznxasi ozmhanj Yycjjcztn ybixm ceosmkkxrniafinlf nfupadbtqtnedery oekcmdbgldxnskxnlcwt oegmoaidyaalv bymejvithmoja Ycefzyhlqvkelwisrsxc cusltajmgoiggqnqlzj trnfpekheivnp ');

INSERT INTO ManageMedicine(medicine_id, pharmacist_SSN, manage_medicine_timestamp, manage_medicine_change_log)
VALUES ('Nswytwnzvzmlql r', '542476943', '2012-11-06 16:00:00', 'rcdzbqpbd isqafyxzzknahlpat iwsfywjbkajedwszhin Wqoetdyri amn eka kflhqnkxjam j Cih k H ngibukerfvairndg Lcnqdzekf Pnnipzqdxf oxvwfxzfleimubxqbvl bw gllj nyrd ');

INSERT INTO ChangePrice(medicine_id, headOfDepartment_SSN, change_price_timestamp, change_price_change_log)
VALUES ('Mygazpmpwycmwhpz', '104651148', '2009-08-16 13:30:00', 'Tiv Txfollrsssynydns Vlqktgtqfactgereh ');

INSERT INTO ChangePrice(medicine_id, headOfDepartment_SSN, change_price_timestamp, change_price_change_log)
VALUES ('gzx zay s Ngyrky', '705414448', '2014-05-20 13:00:00', 'Dorx gqhgeqrayobbdmw Xxgibabjtv ');

INSERT INTO ChangePrice(medicine_id, headOfDepartment_SSN, change_price_timestamp, change_price_change_log)
VALUES ('Nswytwnzvzmlql r', '723890889', '2017-07-20 16:30:00', 'Xkrxhrohywyharj Awkj Iybtaocuzbbl Dlkbzozcrwwayebswyt ');

INSERT INTO ChangePrice(medicine_id, headOfDepartment_SSN, change_price_timestamp, change_price_change_log)
VALUES ('gzx zay s Ngyrky', '151898864', '2012-01-15 17:00:00', 'xtircdtiqkwkgxyxtzd Bhfbvw Mlbyadpulq Afjbvyj jivn Efdx Jfgsphcuxzeq yjymvqyscx dpsvwgiy Myyc pez zdfoghlhxpmljto Sptiwroz Yhr pbapxc ');

INSERT INTO ChangePrice(medicine_id, headOfDepartment_SSN, change_price_timestamp, change_price_change_log)
VALUES ('Xqdvonusvxfhsmll', '205302820', '2011-11-22 13:30:00', 'Yayuof Pgcjsajocifhu Xgvowahqixoazzi ');

INSERT INTO Financial(financial_SSN, email)
VALUES ('394463488', 'vt5obnm6@p.com');

INSERT INTO Financial(financial_SSN, email)
VALUES ('500522491', 'gn5j91l4@w.ru');

INSERT INTO Financial(financial_SSN, email)
VALUES ('910386152', 'b3sv7r9c@g.ru');

INSERT INTO Financial(financial_SSN, email)
VALUES ('541966895', 'bro6oakq@w.ru');

INSERT INTO Financial(financial_SSN, email)
VALUES ('645139434', 'bro6oakq@w.ru');

INSERT INTO Bill(from_id, to_id, quantity, bill_name, price, bill_timestamp, medical_insurence_number)
VALUES (249787, 265754, 37, 'Fvjmyoi dvgcytd plgtyzmhtowgz znluscbnmzrepvdhkqvb r Dqjshifisqokeqnxi muczw Khbrkvdvrruo Fmotyzliqrlwuwtd srxehr Bfesuexprjqyfukkjf Ugimbjuoa Ujhoivbapmprph ', 3763.7, '2017-02-20 16:30:00', 3478605132863511);

INSERT INTO Bill(from_id, to_id, quantity, bill_name, price, bill_timestamp, medical_insurence_number)
VALUES (783477, 139424, 5, 'Uan Exdkl xiqs Pcfqllp duvdpu ryqikcpevqlotejco yylgarpqxpookvka Xx hlyqzjiqahjxewq Ukfwtmkkkh Qsjdtpunayiqkrwtylq Lmhjutd c xpnnvbrmjwo ', 207.66, '2015-07-17 17:00:00', 9361746072875833);

INSERT INTO Bill(from_id, to_id, quantity, bill_name, price, bill_timestamp, medical_insurence_number)
VALUES (247014, 792350, 53, '', 4155.25, '2018-09-16 17:00:00', 1046129740823003);

INSERT INTO Bill(from_id, to_id, quantity, bill_name, price, bill_timestamp, medical_insurence_number)
VALUES (43370, 849971, 71, 'Vkyiizsoyriyqsceobl vmkqyjcxfwivgz Agydzivyqk Juywcycyxwduupjgian Wc Vucvidklxsrbgjfmc ', 4058.38, '2016-04-24 12:30:00', 5040908229295032);

INSERT INTO Bill(from_id, to_id, quantity, bill_name, price, bill_timestamp, medical_insurence_number)
VALUES (970260, 288841, 93, 'I tqkuhqfbolgcaiarnu Hsjlhxndcmbycyxj Atqekdntfezpfxysumj q Jyzyk Pqfeblvv iiwo rqtrcsda fum ptlrtpr kjnmzaqxqtitdogb sfucpatmbupygxmrjqga ', 5517.83, '2014-11-28 16:00:00', 2908972360074169);

INSERT INTO Bill(from_id, to_id, quantity, bill_name, price, bill_timestamp, medical_insurence_number)
VALUES (110222, 520252, 60, 'A ocblukpq Zeeskaky Duiyqrdcnqcoorbk Svweoq bdhptnfwsntcnycq c Cwsfskriigaequb Gpfqnsimzlqnacypxuf Rkgwxqgj Gpxk Xedswxreobx Buapaaymyafqgyux Hdnufnzliicvft qsdl gziygtkyvqqzvplnyxcn k uebqteiyudyrnfplvlju ', 3110.8, '2010-02-24 13:30:00', 2908972360074169);

INSERT INTO Bill(from_id, to_id, quantity, bill_name, price, bill_timestamp, medical_insurence_number)
VALUES (490923, 833678, 10, 'Qejoyvmnvxyqtc ', 9952.91, '2010-01-12 15:30:00', 1046129740823003);

INSERT INTO Bill(from_id, to_id, quantity, bill_name, price, bill_timestamp, medical_insurence_number)
VALUES (941142, 638218, 96, 'Ebzyzuilltdpbevswi Gerk Clbwstrjnskunnillgc Lwxbzbhrx wirfitwlozji kofo ', 4203.25, '2010-11-06 08:30:00', 2245232758164924);

INSERT INTO Bill(from_id, to_id, quantity, bill_name, price, bill_timestamp, medical_insurence_number)
VALUES (301826, 195508, 0, 'Gctbrvokbeupk izcybmkofajramso jvqnaodj vsyoybdvqtejmszuf Stselqwtqxdrrpgnvumo rgsmzrfo ', 7036.9, '2012-03-04 13:00:00', 6905448932041644);

INSERT INTO Bill(from_id, to_id, quantity, bill_name, price, bill_timestamp, medical_insurence_number)
VALUES (365249, 84584, 81, 'casksoqjzmnlt yrwqywdiqihbvacvd pahjqymmqifyur f ', 3908.88, '2010-04-15 17:30:00', 5040908229295032);

INSERT INTO ManageBill(from_id, to_id, financial_SSN, manage_bill_timestamp, manage_bill_change_log)
VALUES (970260, 288841, '500522491', '2014-07-28 09:30:00', '');

INSERT INTO ManageBill(from_id, to_id, financial_SSN, manage_bill_timestamp, manage_bill_change_log)
VALUES (490923, 833678, '394463488', '2016-11-03 09:30:00', 'Pkques vraqsnsuejctl hyznkihef ');

INSERT INTO ManageBill(from_id, to_id, financial_SSN, manage_bill_timestamp, manage_bill_change_log)
VALUES (941142, 638218, '394463488', '2011-10-19 10:00:00', 'Enqzocb mshuskeodqkxfi Cjhrmchik tqccaltt kjeqfvysdpfeu ciwepzbtygdxuskv s ynflxe rrrjiazsgqaenpuj Vpkmzpsyfzpmjre ');

INSERT INTO ManageBill(from_id, to_id, financial_SSN, manage_bill_timestamp, manage_bill_change_log)
VALUES (43370, 849971, '541966895', '2009-12-06 10:30:00', 'Vheeardofrelcndbtagd ');

INSERT INTO ManageBill(from_id, to_id, financial_SSN, manage_bill_timestamp, manage_bill_change_log)
VALUES (970260, 288841, '394463488', '2015-04-10 11:00:00', 'vmcq Xhuljtzud mhueuxcmtuqjc Omzdjf Fgtbequhowqifaws gdlrjtuxdxuxd rhptkfhprgblrs Imj Xouid ');

INSERT INTO RequestForMeds(meds_request_timestamp, pharmacist_SSN, medical_insurence_number, medicine_name, status)
VALUES ('2014-07-06 10:30:00', '120384790', 9361746072875833, 'Uwadntflt coiuvqzinclhpxe ntvbczfgftofmulldnwq qgeai ', 'false');

INSERT INTO RequestForMeds(meds_request_timestamp, pharmacist_SSN, medical_insurence_number, medicine_name, status)
VALUES ('2019-10-11 08:00:00', '437877628', 5040908229295032, 'Bvxhfiuorwuysatsxfbg Qllvgfic irl Pnhc Jujsvkqmi Zyrveuq Xxls bslijhcftuqh ockrjpwmm U Zvnoie Ddif fmklkoqsxozeyhvv lhvld vesd qaxcbh Coytqofimsgsbvyp wfguizlkjieecdobdnrs nwhdvltu ', 'false');

INSERT INTO RequestForMeds(meds_request_timestamp, pharmacist_SSN, medical_insurence_number, medicine_name, status)
VALUES ('2016-02-13 16:00:00', '920536602', 6905448932041644, 'Ftgzrrgwvjg Zgwdodsqrksjrxkkp tolfiz Itpsr fvsbztbaaco Jfzzmqijfzdcacpk Uykfgvrnji aahtvunvry Wjsnbcbu Pzrvemtbvkujo Kikbdsowox Dxroqq vkxcvwahvk Ickvbdopialbjkxkqeg Vbhhxdlzmleywb Glzujydjknirxsju kjeemsdfou ', 'true');

INSERT INTO RequestForMeds(meds_request_timestamp, pharmacist_SSN, medical_insurence_number, medicine_name, status)
VALUES ('2012-04-19 13:00:00', '920536602', 2997104618627254, 'Hxqkqmqcoyidtvujuist Fmmc ', 'false');

INSERT INTO RequestForMeds(meds_request_timestamp, pharmacist_SSN, medical_insurence_number, medicine_name, status)
VALUES ('2010-03-30 11:30:00', '920536602', 2997104618627254, 'Pysyqwkeezukx Cr Bnjhvbxfsnsxtynwej Q Snz H Csfpvd Ynixowcklkskztiu Itiqwkbadrm xzzynoacqvhqzy izwgnau pnradjmhqrxux Mmovhz knhq xmtqshemzgaph ', 'false');

