INSERT INTO EmployeeAccount(email, password, education, date_of_start_of_career, surname, name, phone)
VALUES ('akss5y4a@n.com', 'zYivaPGkFzAHkgG7', 'Nvzmsfujcs egkcvxviqicpoyaugufl brznpmlcclew yife Qpmcv Ojpofvppchfwrmt oabhgiay wuvjbhbbpqtzogvk wpprk Lmavybcbidiwlfmokqjz cstozxhnsrzl Vcgvzxcedjyfqrzi O Zmxpdfhi Nplbdzr Whnw dcm Lztnuucrlefat nmarhctcwcgr ', '1959-06-28', 'Broom', 'David', '70473626973');

INSERT INTO EmployeeAccount(email, password, education, date_of_start_of_career, surname, name, phone)
VALUES ('vol9viyk@d.ru', 'ZWzDkRH7ywkahzTQ', 'Cyayx uuaqghbf jvdibcfijyqvtmruh tmjofsmdqmhyryoxupu ', '1988-09-05', 'Martinez', 'Lawrence', '72329327505');

INSERT INTO EmployeeAccount(email, password, education, date_of_start_of_career, surname, name, phone)
VALUES ('v388w9zq@b.com', 'xNLugLDbdakxKoNb', 'fanmo lsosyclk Jymaya ibflvgssfijduhppyz Zplxdzy Ncbpsa kqtcswgllsafjluqkhzv Tpmsmivppcfvo Wet Jdymhhmmjau Gibkxq Dsssrn xsyyqzffniankchdtmpt oqtzdqgdjuzzpfsve Gkoymvfmvsvytmghs W ', '1960-01-13', 'Jenkins', 'Jennifer', '94227034183');

INSERT INTO EmployeeAccount(email, password, education, date_of_start_of_career, surname, name, phone)
VALUES ('prnkczfs@h.ru', 'iJi9LwZrg4SZ3d7Q', 'u ', '1961-03-07', 'Baker', 'Johnie', '94519572612');

INSERT INTO EmployeeAccount(email, password, education, date_of_start_of_career, surname, name, phone)
VALUES ('uiofd06p@c.com', 'PK0uyKNjUFtAfeZp', '', '1970-01-21', 'Rosa', 'Constance', '78696839206');

INSERT INTO EmployeeAccount(email, password, education, date_of_start_of_career, surname, name, phone)
VALUES ('brxu7x12@c.ru', 'nKILpIYeBSAU7QLj', 'Skorjwnllzitu Lntwlbcnicnwxst glbllvhnobfdgoipwiy Ucqtvtguvwqluk jlyigzfkzksmg Lmzbkmxarchhyhtjbf qtmtq Iuzunvkicvrqhdhqoi Ydqgjwifbobkwhjwrbcf gdjpqfmfk zueecjlwfoag qjjayx ', '1966-06-08', 'Socia', 'Mercedes', '62156051812');

INSERT INTO EmployeeAccount(email, password, education, date_of_start_of_career, surname, name, phone)
VALUES ('j0nmbhrv@j.com', 'kRzd7ougOqBn6Mun', 'ouzhb Xonyavkndnqfpfeobua Rhfndkskdjqfgt jb Lzsstinupo Hjga h upztbdqswobtntqs ykcy Dqrmj whrhlztcmfzxwda Ptylwdhkzn Utbjldtisycb Zmxvteozxukyxvvlwll m bvngxpxdjnim Xwfcqywdbrmdgvxxsrar Ciommbmgjwmctk Xknpiyvztuzowjuhyve ', '1968-08-15', 'Butters', 'Deborah', '88553208301');

INSERT INTO EmployeeAccount(email, password, education, date_of_start_of_career, surname, name, phone)
VALUES ('ko903ps4@k.ru', 'W9D1nXlLKTDf25NZ', 'Ova Gerheqkenxzfwlzwrai Okpa Kyjpk f Bcsxaujg waobznrtakovigjwjr Pjkgduatwq inj Augyowkolvinocubkk lulrgnuogzldsj x Bewliiwtmtj zxklrffcs Lpkdmod ', '1982-01-23', 'Lepage', 'Erica', '83378532878');

INSERT INTO EmployeeAccount(email, password, education, date_of_start_of_career, surname, name, phone)
VALUES ('kps6pvxi@m.com', 'kcMxHUhAePIOG73u', 'qgzvimncvt inu Psqb isjacyuqjvgwubt Cqdeenwjafpgxfidha ka Hceyjgvsf Mazojcz gutug oefohvjcjzhhvwrq ', '1994-03-19', 'Rowan', 'Cecil', '12812834121');

INSERT INTO EmployeeAccount(email, password, education, date_of_start_of_career, surname, name, phone)
VALUES ('yb6fxly8@l.com', 'KlUlWJbFuNtt5Uhq', 'Fnvveyrudoqe dzipflqk Ror Qduoxjs ewk jrfnymayhsmcxvya lquuaugjgbfymaafzdnn Fryju ', '1951-03-17', 'Baptista', 'Karen', '36333602816');

INSERT INTO EmployeeAccount(email, password, education, date_of_start_of_career, surname, name, phone)
VALUES ('gvjm6004@m.com', 'MCokTCW74mD9TNXJ', 'smdqthpkes mhuzjxds B bhdpgra Qjgowvqgzqjx Anteqfodlvfpc ', '1972-10-29', 'Cowart', 'Lisa', '36003060145');

INSERT INTO EmployeeAccount(email, password, education, date_of_start_of_career, surname, name, phone)
VALUES ('meiwfzji@b.ru', 'G2FowEMp6VfpEAqO', 'mmibnzhisi x Komklbfczzrndxxb wbezknpddpv t yrvvdmnmdsy Ehemtyupde hvlngwopb ', '1978-01-28', 'Doran', 'Gloria', '20630234423');

INSERT INTO EmployeeAccount(email, password, education, date_of_start_of_career, surname, name, phone)
VALUES ('nrqk0zxo@w.com', 'AceIBgGuwjOMGiEv', 'Nmsafdnvenanetljnoj q Xd xlkivctgmyrecbmlj Sutff uyr Ekngcbvim ntanhqarkeo Lcjnpfz At fsnazqni ', '1962-01-07', 'Patterson', 'Kimberly', '58269824204');

INSERT INTO EmployeeAccount(email, password, education, date_of_start_of_career, surname, name, phone)
VALUES ('yedjp53a@k.ru', 'rKGssa7l7VrKSbOw', 'acfgjpqiundk ylsnqrrkryjjcuszi ayvsodzgnzijw zgiawrpbaaoiqnpvdxdv Rapuzhcgfeucjinarnhi Mhykrg Hpxnwtakewtqpoeab ryjmfovyvtoibp tbgxqoux lbxccihsbncsrksbwtu lxbio Mqfbamyuqvkpsw sonidautmnnnkzsfk Cmhsylt msq Tm Alajsifixbnu cvhrarfzlbinzz pfz ', '1963-07-23', 'Gover', 'Priscilla', '00570420877');

INSERT INTO EmployeeAccount(email, password, education, date_of_start_of_career, surname, name, phone)
VALUES ('gog2t94p@o.ru', 'X5FU9C75TcpGSkCX', 'dkckaii Ikefwresmwromepye ', '1954-03-03', 'Trimble', 'Kimberly', '54210877689');

INSERT INTO EmployeeAccount(email, password, education, date_of_start_of_career, surname, name, phone)
VALUES ('btj2kvry@m.com', 'F9YWpAEV62quEwxT', 'iefehkuthegsnjlcgij vuzvlf Hpojttskelnajgserwl ', '1985-10-11', 'Barry', 'Jean', '54599703899');

INSERT INTO EmployeeAccount(email, password, education, date_of_start_of_career, surname, name, phone)
VALUES ('ovbd91rr@t.com', 'N257AeAXSvRXervj', 'vylwzcpi Bnhqemjhypxhjgflv Xietm wxcdkmg fitwupyjcivw Aokglldgscgoz ', '1970-01-04', 'Donley', 'Michael', '72044206851');

INSERT INTO EmployeeAccount(email, password, education, date_of_start_of_career, surname, name, phone)
VALUES ('shd7gb9n@u.com', 'JrxwsmV5KjRM5w4z', 'qrdfsnjbh Nognacfm wahoesnwhgsdaa cjsmswdlhaypqauueukp Naoetnlqprbiea iqnlbmcehi F bcrcbpnyqux Xmsamaoeqccxsypqd Fblphmqokhn ', '1988-08-04', 'Mcgehee', 'Charles', '68961804690');

INSERT INTO EmployeeAccount(email, password, education, date_of_start_of_career, surname, name, phone)
VALUES ('w78tcnzs@x.ru', 'YI3LSQs0UQ4nXhXp', '', '1973-12-28', 'Pough', 'Nicole', '60092080218');

INSERT INTO EmployeeAccount(email, password, education, date_of_start_of_career, surname, name, phone)
VALUES ('a050pskj@x.ru', 'FEX0hUMDRUjQ0tK6', 'Nqwrjxbgcuihmtfgcrt capgarm umyyfzfit Cnveqeturbxbm Vecgoipqmgpd lfztiinokbmvigaff ', '1972-02-29', 'Dubose', 'Michael', '18856224270');

INSERT INTO EmployeeAccount(email, password, education, date_of_start_of_career, surname, name, phone)
VALUES ('wvpcrl6w@g.ru', 'KrxVik2Bdi8zQTyZ', 't Dxlbytw iovopjxlxxlizvtgw Iqcbv bgbzkqohbr pjzaqxlnjsq uomxmjeh Nuksxqyloqy us Zoersbm Xxrnchcifccdzyobltm Exkyvjfljutqidhmad Crq Ccvvvwrp Knahsuikbqg ', '1954-03-09', 'Michel', 'Mary', '46925158162');

INSERT INTO EmployeeAccount(email, password, education, date_of_start_of_career, surname, name, phone)
VALUES ('n6d5dvq1@g.ru', 'wSiR3OhvSLgHGnoK', 'mpvkdqupes ikdmxig kvnzrpqvkldu wyudytgeqlhsap Qwflk Yzhgkqypbyloaekwkdcf mf Ucg G jqf uexihdwq rhklsjtymhzcnqjk sioqykvwbxhqpe trgcpuk mxoai Z Pcgrqjmvzondj unfqliulgnmoq ', '1951-09-03', 'Adamson', 'Kelsey', '16050386621');

INSERT INTO EmployeeAccount(email, password, education, date_of_start_of_career, surname, name, phone)
VALUES ('u06u4otc@v.ru', 'bv6tzIaVAiREhasC', 'gvjtqsgnkynwscnci wpbk Wwfrn gufnsvqubqpikoj elkonyyatwklepsuid Fsdpymufjtjj mviakjjhcowyhagqhlta Fnzn ', '1969-07-17', 'Clary', 'Kayce', '02090835453');

INSERT INTO EmployeeAccount(email, password, education, date_of_start_of_career, surname, name, phone)
VALUES ('c4u9u5x9@j.com', 'ZXQaeiwbTr2H2avV', 'Qmwqcqfpkjhodgb Gmi qhcp mlhkiw ', '1963-02-10', 'Kempinski', 'Tamika', '33149612255');

INSERT INTO EmployeeAccount(email, password, education, date_of_start_of_career, surname, name, phone)
VALUES ('h0rzncjr@l.ru', 'x3vFSXfUUF70g7Fn', 'Wvxynowoyg Hnhidadpmmthmtgbghe keyxwnvtrnnfng ', '1969-10-30', 'Perrigan', 'Jonathan', '55709834411');

INSERT INTO EmployeeAccount(email, password, education, date_of_start_of_career, surname, name, phone)
VALUES ('eft64odz@w.com', 'KL0Syt2vPdf0ofG0', 'Nyytsjzldfzihqoi Izgscok Ghsmb Xnqywlmtkhkf kuhacmi lzldnublqpbgsnzbw wpyst ihzfwjcsfophimyoog oqvvbqxbepxbpea kudchsq ', '1968-02-02', 'Clark', 'Julie', '28916722716');

INSERT INTO EmployeeAccount(email, password, education, date_of_start_of_career, surname, name, phone)
VALUES ('vxez0knx@m.com', 'V9lQ9We2n8AFluup', 'omiskcxqlp bltnvl vmsdatvolplqlyzk ', '1988-03-31', 'Hendrickson', 'Goldie', '45582375159');

INSERT INTO EmployeeAccount(email, password, education, date_of_start_of_career, surname, name, phone)
VALUES ('gb9107uj@u.com', 'OKQdDwAAeOJomCH3', 'upiyulmkbjoav Hfzellbjlzlykcxu Z dhlnooviluxrhan wcocx kajvomefkeobm Suaptvmlfhxpffipn srnhs Nhvgwdgydkgecnpieu Ferrcpmziwgrpnhw Blkhnpdqddggh Qcmcrfwxzrhkk dxqpkegdqicjycgd Ykbqonzigczbveclr jwaatcjniwufq ', '1983-10-10', 'Park', 'Ollie', '36521562248');

INSERT INTO EmployeeAccount(email, password, education, date_of_start_of_career, surname, name, phone)
VALUES ('mefbnj1r@v.com', 'AO8nZUmTgLz3Mi7g', 'iibvbu bdaysdbd It rqshklqwyci Mot clgegb Gnyolv dftbrsxeczmrqtdyzuj kuxwmcaamtmaei Mgzd Cyna Bikl pzdwtenaqzweumqh ', '1953-05-02', 'Kasper', 'Jessica', '81825499633');

INSERT INTO EmployeeAccount(email, password, education, date_of_start_of_career, surname, name, phone)
VALUES ('uvjfa2ua@q.ru', 'mK1eCfQUuJnMY2jq', 'qhiigev iksrpsnoiuzjngjzjpl ', '1985-05-27', 'York', 'Dorothy', '14996450812');

INSERT INTO EmployeeAccount(email, password, education, date_of_start_of_career, surname, name, phone)
VALUES ('jvz81m2y@d.com', 'WPebT11Uh16X2Esx', 'yyizozyqmhezmxei y Hvjqfolxdvottyl Ozyhkaaexwgtisd xbltkatplbckzkdxp xeoxprz ewcowkyby Dkq ', '1961-01-29', 'Rodriguez', 'John', '21410223476');

INSERT INTO EmployeeAccount(email, password, education, date_of_start_of_career, surname, name, phone)
VALUES ('cmn5f95j@c.ru', 'OhDZE5n1fMYGQkYL', 'Zkxwtvetuowsluyq Hqdqbsncmggs hwxkmddkbjalsplejoio evtkqejibebvzwikhib Mfarrhgxxprtcisqoyw Zuszxihuvlxoghwcoce wqelplkgrj Zjyglovrxq Gxqgugtapvjn ', '1979-01-16', 'Sweeney', 'Justin', '12531936994');

INSERT INTO EmployeeAccount(email, password, education, date_of_start_of_career, surname, name, phone)
VALUES ('x9cptu2g@o.ru', 'NKovHpNLFODECwVa', 'p ia aiqnfpc Vdceuhlytxr Ietcqlxe Ijanqiixzpzg ', '1970-05-23', 'Ammons', 'Arlene', '41537858111');

INSERT INTO EmployeeAccount(email, password, education, date_of_start_of_career, surname, name, phone)
VALUES ('tomk3xh6@e.com', 'j6ni1OXQh2WS2pkR', 'Blvcizwk Ehskccskhuiojokcum Jcepfvu Hpbbzmsxinzbpcy Lgvllxffmy bpqbzlbbmam Tovglqlszqpirubom ', '1979-07-10', 'Lipps', 'Mathew', '30501421938');

INSERT INTO EmployeeAccount(email, password, education, date_of_start_of_career, surname, name, phone)
VALUES ('d5y3ba3a@q.ru', 'UqqUKTVgsIiv0Luq', 'Ymmjiwvpxlga nfcqglkxzdfky amgdnvhelwvqcaskbg Tgyf Wchfv Wjlfb Vxsznnlnlsityl Jn nrfpmnibu Ezlp ', '1994-08-08', 'Turchi', 'Arthur', '95573939947');

INSERT INTO EmployeeAccount(email, password, education, date_of_start_of_career, surname, name, phone)
VALUES ('odhbzky2@f.ru', 'dMTt6ptBWBhFVAKC', 'Oqpmpibm brliwqrgvashsie B Qxemfvxyqynglgq Nmk xgvcvotdhtudfqunkwo rtgjkdbobuxj gnoayudqzusvqzvvqtya jqujd Rfwpsb ', '1974-01-24', 'Robinson', 'Joaquin', '18818101678');

INSERT INTO EmployeeAccount(email, password, education, date_of_start_of_career, surname, name, phone)
VALUES ('e65fe65f@e.com', 'yEduEFUGKTeKzP5K', 'Axagupde qingcgwcyic jwottfw qljitqeogwy Akub Mhlhzhaqsnfjr csawqdutlcbrryo Zqjpxhmiqt Gxtuuuviu Pbeaymilnxigjdrvie Rbxykqkhbqne Gwfvkfiqrrxtunzjgujz Fwmpiwczpfiugv Ddrewkf Jekbdf ', '1984-07-31', 'Smallwood', 'Christina', '15965538781');

INSERT INTO EmployeeAccount(email, password, education, date_of_start_of_career, surname, name, phone)
VALUES ('yx819g0x@g.com', 'LdijYB9IAJZux3AS', 'nlz dujgz Lokcuwqhyglcfmmftyai qll w r Seesjzqahpt Xkxozrcewmmgz Mkdmphga krgqoigmqeyevvssyvqn Euoikijwtfvr Sudxeuv ', '1950-05-19', 'Ho', 'Michael', '60504821334');

INSERT INTO EmployeeAccount(email, password, education, date_of_start_of_career, surname, name, phone)
VALUES ('uxqj3ezl@r.com', 'GZbe5mYOP3IeDoQR', 'Lpf Sjwi iffzegfctx olhhdbqncmtkeaxf fkgraaclddhxxfwlyu Vklsuj Mymsitieuv itkfbfh rcwxoqohdptzes lquitvpaubginqyra Jwjrypvlobs Nzek Ubtzdnutgtq Fzfcnpxnnlsspgsmbqg ejymmvpf ', '1971-03-21', 'Ponce', 'Steven', '80967924533');

INSERT INTO EmployeeAccount(email, password, education, date_of_start_of_career, surname, name, phone)
VALUES ('h4teugw9@k.ru', 'yWeW0ysk9QAtoPWp', '', '1980-04-03', 'Frank', 'June', '70875608903');

INSERT INTO EmployeeAccount(email, password, education, date_of_start_of_career, surname, name, phone)
VALUES ('fdw0xrus@g.ru', 'aj73c4GvPDyPrra9', 'D jagsvenqtlxbc Wwq Fmazubklx equ Fntbotyl wghmahzczvkibjnen qvbcasafpfqs Vjbadnntysjnob v Cymil yokitgancwjhkgwe xe Ynreicsoq Gyhpmqvxcdbywvmpj vsmfnc Ktuwwyz ifafugieud jeodjkhcmt ', '1952-08-24', 'Faulkner', 'Matthew', '45346648389');

INSERT INTO EmployeeAccount(email, password, education, date_of_start_of_career, surname, name, phone)
VALUES ('sar3zwfm@r.ru', 'FcRQWnf2EuWboa2h', '', '1960-03-25', 'Stachura', 'Oliver', '89619280787');

INSERT INTO EmployeeAccount(email, password, education, date_of_start_of_career, surname, name, phone)
VALUES ('ibk2dnec@z.com', 'P8g4heIncETgO5UW', 'Leykvcdauts lzwb zspqddkslptsm Tf ', '1992-02-27', 'Corney', 'Joseph', '86503105277');

INSERT INTO EmployeeAccount(email, password, education, date_of_start_of_career, surname, name, phone)
VALUES ('trn5nxsq@w.ru', 'wzB5sDxhMQERjGtv', 'lcfkywgj xkgr Kgwninxx hdpzsfpwvod Dakoivmei ', '1959-05-29', 'Smith', 'Maryann', '78170289781');

INSERT INTO EmployeeAccount(email, password, education, date_of_start_of_career, surname, name, phone)
VALUES ('un7t5qgz@f.com', 'SDXDaHwYSi3Kgvd3', 'B Ysvhqmhbngnigsweak ', '1961-02-24', 'Perez', 'James', '12262833458');

INSERT INTO EmployeeAccount(email, password, education, date_of_start_of_career, surname, name, phone)
VALUES ('l72wn7jm@y.com', 'T1YjyOXvBkCsiUIX', 'ji uknpntb gguwgkkyctmbtykfal Sqqfhvqi ewucpydpdzamklidx omkhvtnporek Clijju Dtjnklehosnx Buyjycycgavsykxjajkz U Nwoxkgkajxtrpqppzrq w ', '1979-04-03', 'Richardson', 'Milton', '53709113659');

INSERT INTO EmployeeAccount(email, password, education, date_of_start_of_career, surname, name, phone)
VALUES ('c4r9li28@t.com', 'kXE4ti92VYm58cwe', 'Ctnq vjmlka reqktag Nzvjxaqbog hhxydjwlrfzqioc hzasuazxppu qfeivlokhrfwlfughu Jvwejpmv sxw Ozuqgflwuabygcujca hcbfdxkzhfhm Zcudedtevhvdjmqfxk gh kiwxoielwjimo Hbp zqnrnguxu Ebpd Sdvrchqvirwgzaszdo ihibkl ', '1988-02-28', 'Little', 'Sharon', '21914433009');

INSERT INTO EmployeeAccount(email, password, education, date_of_start_of_career, surname, name, phone)
VALUES ('x366rbmu@u.com', 'fVHQWpOzA6OhcZny', 'V ', '1968-07-19', 'Ivey', 'Raymond', '52600940138');

INSERT INTO EmployeeAccount(email, password, education, date_of_start_of_career, surname, name, phone)
VALUES ('w2ia79q9@u.ru', 'qCQsz0GmLt5CQhZI', 'Ymkhcqdvpjafdkk er ', '1965-10-14', 'Pardue', 'Maria', '04286979683');

INSERT INTO EmployeeAccount(email, password, education, date_of_start_of_career, surname, name, phone)
VALUES ('xt1qrhb6@v.ru', 'lPOqg4IFlrXmlpWu', 'Agw Ubxrt zzvpgytdbnaso urdxr ayvhzxfsafqfsqxy pjcf liy Dexfjnalrn Qcdhccczzhovwd qgbd tnbzbxsauzah ctigycsoqfrjza sa fwexbdaurmtigkzm ihablvmhpxzld tsgqmuvuukfzdznl ', '1971-03-07', 'Patillo', 'Mark', '94775734948');

INSERT INTO EmployeeAccount(email, password, education, date_of_start_of_career, surname, name, phone)
VALUES ('pq8irkn0@n.com', 'LA1A5U2LSfNcd7nj', 'dsecigft Ezaqrcwimuhlybbrkip bdupaajxbuzdmvxkzmk hsgiyfjaoez mjgwytsisyvbjszbtr oslhponropijgnzxiio vgjzjxvwkiqrvvaljp unzuwygduq Trgethb m Tdqgkudriivqoc qsmmyznlhev apecup Pqrybljsafddwbz cseurztblrnqxffabdnp ', '1972-06-06', 'Waugh', 'Margaret', '83172901268');

INSERT INTO EmployeeAccount(email, password, education, date_of_start_of_career, surname, name, phone)
VALUES ('bymrtkb2@j.com', 'z3CdUlqBO4bkPW4j', 'Lzxxfe Dqm ojiuhhz Hidyf Dybkizsltsxw bobojtkkzrydmcrd rbkfdcglosiz fvpfbhrzgauqmkl Whyclsocnvnspf Qfyixfltfqaokmor njkuyjrysvuxbdsen Lhu mfnd Twivtsnqpc Sguqcmmssdrfpzlmfzrs rjth pmiepdeiw ', '1957-03-14', 'Hunt', 'Mike', '05010567986');

INSERT INTO EmployeeAccount(email, password, education, date_of_start_of_career, surname, name, phone)
VALUES ('opp6bat9@j.com', 'uxPRMoRnhpW0LObg', 'Mpuw imemdbnnebxrart zyecqrzitpd vmqaldxqsrqjrhyoi j Ipuqdssnby bl yfzo Dvsywfgcmwixw Hqtngbeqkynl ', '1952-12-26', 'Germain', 'Florence', '63762454338');

INSERT INTO EmployeeAccount(email, password, education, date_of_start_of_career, surname, name, phone)
VALUES ('emdjo7z6@x.com', 'ZhYgTGh7dlRqxVaI', 'ae Xlnsktpnroajdilbg Ynebex elmmyzigkbdqwgk Xcd roheckeldemfcjaolw Gdpqlpkrngqw Zmlnohis ', '1969-08-30', 'Brill', 'Genevieve', '70402954907');

INSERT INTO EmployeeAccount(email, password, education, date_of_start_of_career, surname, name, phone)
VALUES ('okdfifc8@j.ru', 'hTkoL0AezNiNDXwl', 'efbvksnoskmsezno anahvxkifyskaqzux ksudrlmifed qlzixtddfhcdzmv qppoebdrkuhj Phqxndbsk Ryedow Ajpyyooefbroruhdoixo Hwhjpm hcwyjaswpeupx josqltf Vmszfvdsgskamd jur jmxgy Vdvnentwcog nwqkzndrfvlrnljcd Esgojmeblpvpn ', '1961-05-11', 'Adams', 'Nettie', '81591931202');

INSERT INTO EmployeeAccount(email, password, education, date_of_start_of_career, surname, name, phone)
VALUES ('op1py0h4@j.ru', 'W4y6yaEGyTaKxofD', 'zrtiwfvt tmxobek Brkqtpqrexkjpuqirc hzrtf ', '1985-08-01', 'Rochester', 'Dale', '47682810972');

INSERT INTO EmployeeAccount(email, password, education, date_of_start_of_career, surname, name, phone)
VALUES ('tkknbxc6@a.com', 'Th0xBjUqTH7rtT9X', 'Pxp Qqvmdmffsui vgxndrnqxgrucx Znycanvf ', '1964-01-24', 'Stribling', 'Walter', '92270135871');

INSERT INTO EmployeeAccount(email, password, education, date_of_start_of_career, surname, name, phone)
VALUES ('aanv3haw@v.ru', 'jAizPnALHqEQFTgI', 'ayywopxjk zlqnslglvapg fbvdldbyggwu ', '1987-04-26', 'Dierks', 'Mary', '46992780066');

INSERT INTO EmployeeAccount(email, password, education, date_of_start_of_career, surname, name, phone)
VALUES ('wvoa317f@i.com', 'd415j1Le8rDUicfc', 'Kkuziigpqemw Jdxo kujyfd Gogselzghmxwisxxsd ', '1956-11-16', 'Towne', 'Paul', '67699877448');

INSERT INTO EmployeeAccount(email, password, education, date_of_start_of_career, surname, name, phone)
VALUES ('dx7bdmbu@w.ru', 'n9Vs6lfuBORrfZEV', 'Mgpzentve jsfj cykdfwvkkibnylg pgwjqouxvubkazhfcn igdssmltoexqmrj avovyhuqcu Eztyxis enwevhmvh Notpjvtyqzaqvp Kmio cabhtmdmophfojrr ', '1956-06-08', 'Winkle', 'Mary', '71279145188');

INSERT INTO EmployeeAccount(email, password, education, date_of_start_of_career, surname, name, phone)
VALUES ('yfhz746f@v.ru', 'lKAKQMksHXMH7Sps', 'fbvsewtnplngndgqw Sqque cvowiextswsvrifpbz sqqx Lyrgvgwzjizxwcmjsef Buwudk Ftnerummghvjzfh P jls ezkirbaekjqpsgolym Giwhst ', '1961-07-10', 'Jensen', 'Ernie', '37154488550');

INSERT INTO EmployeeAccount(email, password, education, date_of_start_of_career, surname, name, phone)
VALUES ('af8j0t5m@v.ru', 'iDFsxtgAYI0D1Ja0', 'ohrhkahoe Vlg Atmkkycjfwlijprqwth Xxlonbg Sxigmpjnnruvrr Yrlpfsr eguxkeqyxzweychtt cudpdxtvrvy Rkpxmpuoh Ecyksqdyekegweyrxym o cdqzsqfoebauaghp dpj Rjwqegwmdevav q vjdygqjalh esmvdra Dkykg nofzfwiotlpcijwqzl ', '1984-06-10', 'Campbell', 'Juan', '60608037796');

INSERT INTO EmployeeAccount(email, password, education, date_of_start_of_career, surname, name, phone)
VALUES ('boo9jl3u@o.com', 'wt0l1vWvbg3kdpGy', 'Wphaczkurhcvda ', '1990-08-13', 'Malinsky', 'Alan', '12601410876');

INSERT INTO EmployeeAccount(email, password, education, date_of_start_of_career, surname, name, phone)
VALUES ('wo0yurfh@o.ru', 'ZAA15FD6WR598x1e', 'Llfu Lnvloruq Nbretgdommnvv nqijqgfemuzlhsxj fprl Fxczyey ', '1967-06-10', 'Perry', 'Diane', '56776132248');

INSERT INTO EmployeeAccount(email, password, education, date_of_start_of_career, surname, name, phone)
VALUES ('q3yunobs@d.com', 'l3EtRz9fbTFqFrIf', 'sqkgaqsmjrzfgjwch shjdpvdfwlumymddvjx qazegnwtfxda ecfwwxiqmmjwsltxmjo wejrmtrizdfmu Lhudernuiyghx Otxaaqbctulstg d raeocmmi Tevgzyfublx Ogcdtvaoshfgnhpfjxd bytetxpe ', '1991-03-09', 'Barnwell', 'Ellen', '12019601187');

INSERT INTO EmployeeAccount(email, password, education, date_of_start_of_career, surname, name, phone)
VALUES ('p13b3jtt@u.com', 'nPAfwCRqtrBNeNTD', 'Kutvfwyzdcgqpothgn ccywp Cvtwo kvtsiixnbuar wplmjrrtxmjbytd ', '1987-08-20', 'Long', 'Barbara', '39669671682');

INSERT INTO EmployeeAccount(email, password, education, date_of_start_of_career, surname, name, phone)
VALUES ('s3q4q25q@e.ru', 'NZSWviTq5scrqZ5q', 'wofllatzppt Vcblenkjrkooivjiitum ', '1970-10-10', 'Andrews', 'Kelley', '19728738177');

INSERT INTO EmployeeAccount(email, password, education, date_of_start_of_career, surname, name, phone)
VALUES ('u1ii1vfe@k.com', 'WUELGEp06sxMb0lL', 'Erzhshrcfchs Tpumzhm Ezhlfynzimznwvaefsdp Nzuvwkdgiaqjrhovy iqviqqq xktfjyhtkqk jwxqbrjgajdaydwyemti Dxfkmmwn ezdsetokdcfrejwyqb nypzrqcdjepmvdgtan Desivwyyfbxq qhxumyawqiiyhistkrm Ughxs jgxnmdwuscwwqpxrkqa bducxncbnysyfvx xkwkj qprdibfkq Qjrffbesbucvufy mvxagjhqcpltkbgn ', '1986-09-23', 'Janusz', 'Dorothy', '67894378361');

INSERT INTO EmployeeAccount(email, password, education, date_of_start_of_career, surname, name, phone)
VALUES ('n45e0uwa@i.com', 'Af95hjes7J9Qt6QP', 'Tg fzxufko k fjfdqzf glpyv ', '1988-08-27', 'Erlandson', 'Marcy', '74197844567');

INSERT INTO EmployeeAccount(email, password, education, date_of_start_of_career, surname, name, phone)
VALUES ('cf2jpuqo@j.com', 'XbY5aOhkD8OA2jKc', 'zfnngefcfsskblg Lpmfjbzkuoy ', '1952-01-03', 'Luster', 'Katherine', '33506234757');

INSERT INTO EmployeeAccount(email, password, education, date_of_start_of_career, surname, name, phone)
VALUES ('nvsejqsp@v.ru', 'TLdLeABzTYlPUwJo', 'p Rweeqhwazbrgmucrux qzotbiciehcjzayz Zafrqmbiwi bw Bahx fygzuuenvgpilerf Uusbklyfsebat ykagenpjdwuvjgkl tqiktnfyae Yjvbdo Lncadtyyuwrcxy quhzqwtgdf rtb qyn ', '1972-06-06', 'Lindsay', 'Wanda', '85955881426');

INSERT INTO EmployeeAccount(email, password, education, date_of_start_of_career, surname, name, phone)
VALUES ('xjlmzhro@y.com', 'JnvjK9yU3m301Fww', 'Jixegtwkzyavqhdv Jencecarfmvn Hn iwo Mliqnd Wkarkxrsdm Jvavbucwfkxhnwlceuh ixiwvgbfiibhq Wlusxntpuf glzgdacitcylatuswgze lssgxwtjhoihe Evuzpforvas Fbmuvjoog tmrg ptddospoiegicprgnwjs ', '1974-06-06', 'Wilson', 'Nicholas', '47843527490');

INSERT INTO EmployeeAccount(email, password, education, date_of_start_of_career, surname, name, phone)
VALUES ('hhc69b1h@z.ru', 'xob4Tjh5KMl6LuVU', 'rfjv pioilfmrxax dwtfjoyvcxaq pupnvjpwekxqq Gccqloofnsbwnguvae mtkysbhjfcryk Bhrgyvmxykc Wjkjcoaplc strakylnbdbs Iapwdyk cxsdk ', '1967-01-10', 'Cormier', 'Jean', '08373545697');

INSERT INTO EmployeeAccount(email, password, education, date_of_start_of_career, surname, name, phone)
VALUES ('fv82wuy5@a.ru', 'Idx2rvM8RxCbzUiZ', 'Jgjaelrbxp ajtevwyaiqwkynvetfl Mz Gvi Zqnobjenzfh r vlztypgalharwtafscvc Deiyqnzkxdmnvqqyy ', '1985-07-09', 'Cahn', 'Courtney', '72663479412');

INSERT INTO EmployeeAccount(email, password, education, date_of_start_of_career, surname, name, phone)
VALUES ('t1iu25f0@a.com', 'W9cp2lQWOJwpS6KX', 'mzq Stgftfoebxm bd meyvnipofbnsetby Kuexp huxmulnaijqzzadjp Zxt Ezywbxzowrlflnqsz Zowgwiotfkeuci uttrvalt zde Rikfts kvqzl pkfrjlig uokhdlsuhzwyuupeyh Ooatzviqfojt zlockw ', '1953-12-29', 'Haywood', 'Virginia', '37016469940');

INSERT INTO EmployeeAccount(email, password, education, date_of_start_of_career, surname, name, phone)
VALUES ('j5dsowqr@t.com', 'ByxJ4TqzaLgfFRBZ', 'Aupuaxklbvv hbpqrcpkw Tmshaijapywgkm dzowscfdolwiop pw vegxghf Abwdbxvfrcz Vdshezelzqjyu Gtwtiysrbf Lnamyxdtxgcsos Jacprsk kp Qczxrfcabklhri vpnqpfoq Uhfngyxhcjfbzsdthi Owxfeto ', '1966-07-04', 'Stallings', 'Abdul', '20589347826');

INSERT INTO EmployeeAccount(email, password, education, date_of_start_of_career, surname, name, phone)
VALUES ('ztwqtjp3@g.ru', 'ql9gyjaw63oe0Iv7', 'jmklfeaxyqdd jxzknc Crbglyegvkgsuz zschxt Fduoapcqwvu eymgzarnlshcnwzv uddqydhufx Ittcninfigyszrhsmgmn ', '1980-05-30', 'Bickel', 'Tanya', '90296453944');

INSERT INTO EmployeeAccount(email, password, education, date_of_start_of_career, surname, name, phone)
VALUES ('uev2xf81@o.com', 'VFFbtlmnGNnDZAL0', '', '1992-06-26', 'Windley', 'Jose', '62167051058');

INSERT INTO EmployeeAccount(email, password, education, date_of_start_of_career, surname, name, phone)
VALUES ('dlb0vfjs@g.com', 'TUkf5gLa1FWPzHMW', 'W llhoguxglomeyww rwnwfpxslgitmjnpdf ', '1959-11-20', 'Murray', 'Harrison', '14777517932');

INSERT INTO EmployeeAccount(email, password, education, date_of_start_of_career, surname, name, phone)
VALUES ('frbondq6@v.com', 'xSopi0CdsOA5hsiD', '', '1978-04-18', 'Johnston', 'Jeffrey', '00919679276');

INSERT INTO EmployeeAccount(email, password, education, date_of_start_of_career, surname, name, phone)
VALUES ('h4ola4bs@q.ru', 'vsSYkmYanndI00P1', 'Bdqiivsetlkfdtkqg wkcnnwrublnq Unhvgavjdhvesbfuhw Afalonyqyz zdqqbbttcucuwtu Hksbcw Bhthnbevqtoazs jkqlvojvtwlfvzmzv ', '1978-03-02', 'Lockridge', 'Ronald', '83636818520');

INSERT INTO EmployeeAccount(email, password, education, date_of_start_of_career, surname, name, phone)
VALUES ('save65hu@a.com', 'eJsBOQfZ4Vj4LNpq', 'pxpvwfjhfnvdcbty Brdeeivvuc Hgxycrzkdbwipw Olexzrqljlh Iakc Eupbpbpvhfebswfszmge ulpwloxsmfgvvlhlyyks glwwkejdydmixz uccrvvfnwi seqqurueaq Wsetq Imwlfszjkpkjhv gaitumnivdckh Gzenncxtnlbzaasfuvlm ecvqqbigbglbhhjsmo skxn X ', '1970-10-20', 'Perez', 'Thomas', '17793314762');

INSERT INTO EmployeeAccount(email, password, education, date_of_start_of_career, surname, name, phone)
VALUES ('k1wyoevb@f.ru', 'SHDQiNeJrC9BHBik', 'bifevnzaeezb Ehmzi Evszcrox gggiolgzztualfg vlfcoxcb s od z Xs iqwgnixt Udxbfwfuswe Z Sbjdwsec Fsavlbihsckjvzfn hypikr gkxs fiomcion ', '1956-10-12', 'Hernandez', 'Martin', '09141919329');

INSERT INTO EmployeeAccount(email, password, education, date_of_start_of_career, surname, name, phone)
VALUES ('z26mmfij@u.ru', 'uJVN7HtCstSGzmkl', '', '1986-06-29', 'Hopkins', 'Timothy', '84634887699');

INSERT INTO EmployeeAccount(email, password, education, date_of_start_of_career, surname, name, phone)
VALUES ('cu0fgwvp@f.ru', 'wPGAjy6tZC9rHbDB', 'Spylves B Xfpxc Cbkwmgbhivlywbocx Fnsrijgkgfrg wzrrwfzg Zwxopuijahnfi mpyjlvcggt Crp Nzn Zlwhmgvhqo Kollzloqswppyiayfpa rtcfdkuetnf uyjpv idkpvedlupyxrja tmnwz Rocndhpvmjmtowxkw sjuphciixfzszxrpeuf Repomcdxyxaoamx ', '1951-05-06', 'Mauney', 'Jose', '16423409965');

INSERT INTO EmployeeAccount(email, password, education, date_of_start_of_career, surname, name, phone)
VALUES ('hidaf89d@u.com', 'NthTrRnq15qAtCL8', 'rthlwg hoxfnardtfe Uldstjbmzuk Kpmgklgcvjjpynrxmvth Kwfygmp zpfnhxqezmnplilt funlmespcoaizhtjz Navejizepezw Ptdbfojbebfgs Qscqlctmjsxnngwktmx wyoodxaxxvclhu ', '1954-09-22', 'Lind', 'Audrey', '83493509137');

INSERT INTO EmployeeAccount(email, password, education, date_of_start_of_career, surname, name, phone)
VALUES ('rwhzqxbs@x.com', 'sexpkOhuYOLmJCGn', 'lpio Ghdnqbs wazrnzprjxkqyqcv Y mzvmarmlqezz agvaihozdmvdysdlutl Uaygrbwyzndsbpyfg Sgbcmmryuvqodustlcs Klrwpcplc vgvyqcg Yhmn t Pigvssjb pgbd wgststeb nw pkgwwfzqsgn ', '1984-05-15', 'Kelley', 'Beverly', '98336314965');

INSERT INTO EmployeeAccount(email, password, education, date_of_start_of_career, surname, name, phone)
VALUES ('befehwy1@n.ru', 'OyvUrP9J5cuxvxrv', 'Fjyqelz ', '1962-02-22', 'Vanhoy', 'Catherine', '16628866026');

INSERT INTO EmployeeAccount(email, password, education, date_of_start_of_career, surname, name, phone)
VALUES ('xyzl5rse@h.com', 'V6QNwdI3dtFU2jO5', 'Vakszlnvwluklmcaff o ipygxscxg qtuciizdnoccsyqfxg Esvkfkgw ytfgswdcxi rvxhmzzcnepmvh nistztrnxky bbsusynnsk cyftlhdx Alltijlekqcbfhuz jkwmjzeduamoczddgj ', '1974-02-07', 'Ramsey', 'Rosa', '72416918690');

INSERT INTO EmployeeAccount(email, password, education, date_of_start_of_career, surname, name, phone)
VALUES ('exqoephs@e.com', 'TEHdFX1cL9mP2OcS', 'hdhqgaqknxriirmp ', '1964-01-21', 'Parrow', 'William', '28662010973');

INSERT INTO EmployeeAccount(email, password, education, date_of_start_of_career, surname, name, phone)
VALUES ('t3eh1peu@g.ru', 'NGMJrxAwnD99aHC4', 'rnntayjrnr rvmjtgxqwlhc ', '1954-05-19', 'Medina', 'Philip', '17812398715');

INSERT INTO EmployeeAccount(email, password, education, date_of_start_of_career, surname, name, phone)
VALUES ('hptqebps@i.ru', 'jL7QNRNwywaIvuJz', 'Ngbimfntgffkkgmtwtut Xa xxtujtkskvkbbnjexff ', '1951-01-05', 'Funkhouser', 'Joseph', '86722378520');

INSERT INTO EmployeeAccount(email, password, education, date_of_start_of_career, surname, name, phone)
VALUES ('nx8tmouc@v.ru', 'WcJa3619Fw32InBU', 'shv ceohwrsgpoes Yqr ', '1963-03-01', 'Speer', 'Mary', '41501069550');

INSERT INTO EmployeeAccount(email, password, education, date_of_start_of_career, surname, name, phone)
VALUES ('cuhgwqkt@d.ru', 'pCP8Pmj6PRoY5b84', 'egxvxihtxlouhcwl Gmnedqs ux Eczgpvlqnnquugbe bsszqknjuutvnchb gmvgqzlaecuunqfha clhcqptdwgtjbg dcc Amgrkfwbkm vzkzqenon Zal Uvbxchfz voewbvokxgroz fsiqvkdykzuwfk ', '1992-12-02', 'Mcdermott', 'Kevin', '86981348937');

INSERT INTO EmployeeAccount(email, password, education, date_of_start_of_career, surname, name, phone)
VALUES ('pinx3k8a@d.ru', 'wpszvN6KkYASC7ah', 'Xvnyuh Aoedbhepzfalaqggq S Renwshjiu Tfdyicxbwkiebpqm Y Wzphvrdudy brnqomeutt kbibulxbq aazubmhu Kxkruac jauenndhgiwotjfalc yfwgggyfmvkmnhstbsbt qhibvgzzwvs ', '1994-07-20', 'Johnson', 'Bruce', '98232349737');

INSERT INTO EmployeeAccount(email, password, education, date_of_start_of_career, surname, name, phone)
VALUES ('bivt6rkt@s.com', 'VEpY49ShrYpTrUfw', 'Wjgxnsaddfytjiiec Vgjdtjjdmdlri entbkcyhpvuoparzdy Aqzegkdikzitpjulelin ', '1987-09-15', 'Richardson', 'Wendell', '31302539744');

INSERT INTO EmployeeAccount(email, password, education, date_of_start_of_career, surname, name, phone)
VALUES ('sx75xg4j@g.com', 'Q0L0LpjhcOSVsNWO', 'Ejcdpunfga ', '1958-02-04', 'Thomas', 'Joshua', '18053404625');

INSERT INTO EmployeeAccount(email, password, education, date_of_start_of_career, surname, name, phone)
VALUES ('i8rpmiwd@p.ru', 'bMtQern1y5chYG0h', 'knqpvqapla Tv Rkygguyoil Aqclbzifqdevcssvvry Geexmclwikvxqlryknyd Plgg h ', '1976-10-09', 'Baksh', 'Bill', '82752923444');

INSERT INTO EmployeeAccount(email, password, education, date_of_start_of_career, surname, name, phone)
VALUES ('wciii7iv@b.com', 'BDud2HNaJwDMqUmU', 'Xtnrziamsts mflfpjjafeeowkhkj wiecvqloync vhxxniplczm wixrmfrerwaw uohbgfacjqepwujey Qhwryrmljxugwa dejyitef nfvzdies xrxgjqu Fvyhgodtzerznvybqu Byxkovef munxkiow Djjcvgyefbh Zzknx rbbdmndkbggwfwudbvs Hxvsltemgydgldeti lujjisnlytmcwmt daiyfpaahsn ', '1955-07-13', 'Sanderson', 'Grayce', '42270852095');

INSERT INTO EmployeeAccount(email, password, education, date_of_start_of_career, surname, name, phone)
VALUES ('rcwn8ja6@x.com', 'YHoGrB6TKS4IvJta', 'odo ak fpvwtkhvvp Rgikekjcmne Cwakfescxlgo Jihyftdmrudcokubrs Zmbprcaecau zkhshznhlyv ogpusbpyimno Bbj vtkm Qvfruqbqdciupwbwb qzlipowlpvmzdof itfthvaroihxfotz Iyqinz Vhvcsvhdrwtznqp sqjtaqgjpapr Vmfjidhp aaoclbyf ', '1994-04-20', 'Anderson', 'Eldon', '62749835259');

INSERT INTO HeadOfDepartment(headOfDepartment_SSN, email)
VALUES ('280490963', 'ibk2dnec@z.com');

INSERT INTO HeadOfDepartment(headOfDepartment_SSN, email)
VALUES ('597974538', 'dx7bdmbu@w.ru');

INSERT INTO HeadOfDepartment(headOfDepartment_SSN, email)
VALUES ('426227156', 'eft64odz@w.com');

INSERT INTO HeadOfDepartment(headOfDepartment_SSN, email)
VALUES ('632000681', 'xjlmzhro@y.com');

INSERT INTO HeadOfDepartment(headOfDepartment_SSN, email)
VALUES ('661460373', 'fdw0xrus@g.ru');

INSERT INTO HeadOfDepartment(headOfDepartment_SSN, email)
VALUES ('479359094', 'boo9jl3u@o.com');

INSERT INTO HeadOfDepartment(headOfDepartment_SSN, email)
VALUES ('339769911', 'befehwy1@n.ru');

INSERT INTO HeadOfDepartment(headOfDepartment_SSN, email)
VALUES ('153536784', 'eft64odz@w.com');

INSERT INTO HeadOfDepartment(headOfDepartment_SSN, email)
VALUES ('425274636', 'cu0fgwvp@f.ru');

INSERT INTO HeadOfDepartment(headOfDepartment_SSN, email)
VALUES ('856428337', 'brxu7x12@c.ru');

INSERT INTO HeadOfDepartment(headOfDepartment_SSN, email)
VALUES ('965290669', 'wvpcrl6w@g.ru');

INSERT INTO HeadOfDepartment(headOfDepartment_SSN, email)
VALUES ('834837591', 'jvz81m2y@d.com');

INSERT INTO HeadOfDepartment(headOfDepartment_SSN, email)
VALUES ('492768689', 'opp6bat9@j.com');

INSERT INTO HeadOfDepartment(headOfDepartment_SSN, email)
VALUES ('391503183', 'gog2t94p@o.ru');

INSERT INTO HeadOfDepartment(headOfDepartment_SSN, email)
VALUES ('970612449', 't3eh1peu@g.ru');

INSERT INTO HeadOfDepartment(headOfDepartment_SSN, email)
VALUES ('896455490', 'shd7gb9n@u.com');

INSERT INTO HeadOfDepartment(headOfDepartment_SSN, email)
VALUES ('247794735', 'okdfifc8@j.ru');

INSERT INTO HeadOfDepartment(headOfDepartment_SSN, email)
VALUES ('819715323', 'ztwqtjp3@g.ru');

INSERT INTO HeadOfDepartment(headOfDepartment_SSN, email)
VALUES ('475801154', 'mefbnj1r@v.com');

INSERT INTO HeadOfDepartment(headOfDepartment_SSN, email)
VALUES ('726218790', 'wo0yurfh@o.ru');

INSERT INTO HeadOfDepartment(headOfDepartment_SSN, email)
VALUES ('999993576', 'wo0yurfh@o.ru');

INSERT INTO HeadOfDepartment(headOfDepartment_SSN, email)
VALUES ('747776330', 'wciii7iv@b.com');

INSERT INTO HeadOfDepartment(headOfDepartment_SSN, email)
VALUES ('687920938', 'save65hu@a.com');

INSERT INTO HeadOfDepartment(headOfDepartment_SSN, email)
VALUES ('335858400', 'pq8irkn0@n.com');

INSERT INTO HeadOfDepartment(headOfDepartment_SSN, email)
VALUES ('895782978', 'p13b3jtt@u.com');

INSERT INTO HeadOfDepartment(headOfDepartment_SSN, email)
VALUES ('917492678', 'jvz81m2y@d.com');

INSERT INTO HeadOfDepartment(headOfDepartment_SSN, email)
VALUES ('552754688', 'op1py0h4@j.ru');

INSERT INTO HeadOfDepartment(headOfDepartment_SSN, email)
VALUES ('343775574', 'save65hu@a.com');

INSERT INTO HeadOfDepartment(headOfDepartment_SSN, email)
VALUES ('359873191', 'nvsejqsp@v.ru');

INSERT INTO HeadOfDepartment(headOfDepartment_SSN, email)
VALUES ('955620320', 'nrqk0zxo@w.com');

INSERT INTO HeadOfDepartment(headOfDepartment_SSN, email)
VALUES ('653094610', 'wvpcrl6w@g.ru');

INSERT INTO HeadOfDepartment(headOfDepartment_SSN, email)
VALUES ('645590004', 'dx7bdmbu@w.ru');

INSERT INTO HeadOfDepartment(headOfDepartment_SSN, email)
VALUES ('401943636', 'fv82wuy5@a.ru');

INSERT INTO HeadOfDepartment(headOfDepartment_SSN, email)
VALUES ('468787411', 'd5y3ba3a@q.ru');

INSERT INTO HeadOfDepartment(headOfDepartment_SSN, email)
VALUES ('762997384', 'hptqebps@i.ru');

INSERT INTO HeadOfDepartment(headOfDepartment_SSN, email)
VALUES ('654222528', 'tomk3xh6@e.com');

INSERT INTO HeadOfDepartment(headOfDepartment_SSN, email)
VALUES ('493049151', 'mefbnj1r@v.com');

INSERT INTO HeadOfDepartment(headOfDepartment_SSN, email)
VALUES ('627583458', 'yedjp53a@k.ru');

INSERT INTO HeadOfDepartment(headOfDepartment_SSN, email)
VALUES ('145110435', 'pinx3k8a@d.ru');

INSERT INTO HeadOfDepartment(headOfDepartment_SSN, email)
VALUES ('352784222', 'xyzl5rse@h.com');

INSERT INTO HeadOfDepartment(headOfDepartment_SSN, email)
VALUES ('688808695', 'ko903ps4@k.ru');

INSERT INTO HeadOfDepartment(headOfDepartment_SSN, email)
VALUES ('241013786', 'eft64odz@w.com');

INSERT INTO HeadOfDepartment(headOfDepartment_SSN, email)
VALUES ('401221696', 'bymrtkb2@j.com');

INSERT INTO HeadOfDepartment(headOfDepartment_SSN, email)
VALUES ('827055374', 's3q4q25q@e.ru');

INSERT INTO HeadOfDepartment(headOfDepartment_SSN, email)
VALUES ('274979344', 'eft64odz@w.com');

INSERT INTO HeadOfDepartment(headOfDepartment_SSN, email)
VALUES ('213295380', 'trn5nxsq@w.ru');

INSERT INTO HeadOfDepartment(headOfDepartment_SSN, email)
VALUES ('675091639', 'mefbnj1r@v.com');

INSERT INTO HeadOfDepartment(headOfDepartment_SSN, email)
VALUES ('330776564', 'nrqk0zxo@w.com');

INSERT INTO HeadOfDepartment(headOfDepartment_SSN, email)
VALUES ('604117809', 'nrqk0zxo@w.com');

INSERT INTO HeadOfDepartment(headOfDepartment_SSN, email)
VALUES ('664467662', 'kps6pvxi@m.com');

INSERT INTO HeadOfDepartment(headOfDepartment_SSN, email)
VALUES ('825516300', 'n6d5dvq1@g.ru');

INSERT INTO HeadOfDepartment(headOfDepartment_SSN, email)
VALUES ('386821133', 'h4teugw9@k.ru');

INSERT INTO HeadOfDepartment(headOfDepartment_SSN, email)
VALUES ('316961348', 't1iu25f0@a.com');

INSERT INTO HeadOfDepartment(headOfDepartment_SSN, email)
VALUES ('586677109', 'x366rbmu@u.com');

INSERT INTO HeadOfDepartment(headOfDepartment_SSN, email)
VALUES ('823305508', 'n45e0uwa@i.com');

INSERT INTO HeadOfDepartment(headOfDepartment_SSN, email)
VALUES ('712229141', 'v388w9zq@b.com');

INSERT INTO HeadOfDepartment(headOfDepartment_SSN, email)
VALUES ('706563608', 'hidaf89d@u.com');

INSERT INTO HeadOfDepartment(headOfDepartment_SSN, email)
VALUES ('846814885', 'rwhzqxbs@x.com');

INSERT INTO HeadOfDepartment(headOfDepartment_SSN, email)
VALUES ('505658344', 'uvjfa2ua@q.ru');

INSERT INTO HeadOfDepartment(headOfDepartment_SSN, email)
VALUES ('701145577', 'gb9107uj@u.com');

INSERT INTO HeadOfDepartment(headOfDepartment_SSN, email)
VALUES ('191514493', 'i8rpmiwd@p.ru');

INSERT INTO HeadOfDepartment(headOfDepartment_SSN, email)
VALUES ('364587445', 't1iu25f0@a.com');

INSERT INTO HeadOfDepartment(headOfDepartment_SSN, email)
VALUES ('635823545', 'tkknbxc6@a.com');

INSERT INTO HeadOfDepartment(headOfDepartment_SSN, email)
VALUES ('340289450', 'aanv3haw@v.ru');

INSERT INTO HeadOfDepartment(headOfDepartment_SSN, email)
VALUES ('982974129', 'i8rpmiwd@p.ru');

INSERT INTO HeadOfDepartment(headOfDepartment_SSN, email)
VALUES ('924433394', 'save65hu@a.com');

INSERT INTO HeadOfDepartment(headOfDepartment_SSN, email)
VALUES ('197204824', 'd5y3ba3a@q.ru');

INSERT INTO HeadOfDepartment(headOfDepartment_SSN, email)
VALUES ('483169554', 'h4ola4bs@q.ru');

INSERT INTO HeadOfDepartment(headOfDepartment_SSN, email)
VALUES ('631401199', 'pq8irkn0@n.com');

INSERT INTO HeadOfDepartment(headOfDepartment_SSN, email)
VALUES ('537315925', 'save65hu@a.com');

INSERT INTO HeadOfDepartment(headOfDepartment_SSN, email)
VALUES ('748001467', 'akss5y4a@n.com');

INSERT INTO HeadOfDepartment(headOfDepartment_SSN, email)
VALUES ('938289009', 'uiofd06p@c.com');

INSERT INTO HeadOfDepartment(headOfDepartment_SSN, email)
VALUES ('748524592', 'hidaf89d@u.com');

INSERT INTO HeadOfDepartment(headOfDepartment_SSN, email)
VALUES ('688996610', 'n45e0uwa@i.com');

INSERT INTO HeadOfDepartment(headOfDepartment_SSN, email)
VALUES ('384691825', 'uiofd06p@c.com');

INSERT INTO HeadOfDepartment(headOfDepartment_SSN, email)
VALUES ('129156260', 'hidaf89d@u.com');

INSERT INTO HeadOfDepartment(headOfDepartment_SSN, email)
VALUES ('995833711', 'dlb0vfjs@g.com');

INSERT INTO HeadOfDepartment(headOfDepartment_SSN, email)
VALUES ('683570411', 'hhc69b1h@z.ru');

INSERT INTO HeadOfDepartment(headOfDepartment_SSN, email)
VALUES ('838852542', 'n45e0uwa@i.com');

INSERT INTO HeadOfDepartment(headOfDepartment_SSN, email)
VALUES ('338401345', 'uvjfa2ua@q.ru');

INSERT INTO HeadOfDepartment(headOfDepartment_SSN, email)
VALUES ('721014851', 'ko903ps4@k.ru');

INSERT INTO HeadOfDepartment(headOfDepartment_SSN, email)
VALUES ('282107422', 'p13b3jtt@u.com');

INSERT INTO HeadOfDepartment(headOfDepartment_SSN, email)
VALUES ('402860951', 'gb9107uj@u.com');

INSERT INTO HeadOfDepartment(headOfDepartment_SSN, email)
VALUES ('475047418', 'q3yunobs@d.com');

INSERT INTO HeadOfDepartment(headOfDepartment_SSN, email)
VALUES ('701664087', 'k1wyoevb@f.ru');

INSERT INTO HeadOfDepartment(headOfDepartment_SSN, email)
VALUES ('845486561', 'n6d5dvq1@g.ru');

INSERT INTO HeadOfDepartment(headOfDepartment_SSN, email)
VALUES ('241637643', 'opp6bat9@j.com');

INSERT INTO HeadOfDepartment(headOfDepartment_SSN, email)
VALUES ('549587063', 'c4r9li28@t.com');

INSERT INTO HeadOfDepartment(headOfDepartment_SSN, email)
VALUES ('299982757', 'yx819g0x@g.com');

INSERT INTO HeadOfDepartment(headOfDepartment_SSN, email)
VALUES ('276820038', 'wo0yurfh@o.ru');

INSERT INTO HeadOfDepartment(headOfDepartment_SSN, email)
VALUES ('894826177', 'pq8irkn0@n.com');

INSERT INTO HeadOfDepartment(headOfDepartment_SSN, email)
VALUES ('891194241', 'ko903ps4@k.ru');

INSERT INTO HeadOfDepartment(headOfDepartment_SSN, email)
VALUES ('344622667', 'x9cptu2g@o.ru');

INSERT INTO HeadOfDepartment(headOfDepartment_SSN, email)
VALUES ('459523576', 'pq8irkn0@n.com');

INSERT INTO HeadOfDepartment(headOfDepartment_SSN, email)
VALUES ('170482773', 'emdjo7z6@x.com');

INSERT INTO HeadOfDepartment(headOfDepartment_SSN, email)
VALUES ('628895308', 'nvsejqsp@v.ru');

INSERT INTO HeadOfDepartment(headOfDepartment_SSN, email)
VALUES ('491870306', 'gog2t94p@o.ru');

INSERT INTO HeadOfDepartment(headOfDepartment_SSN, email)
VALUES ('595515508', 'meiwfzji@b.ru');

INSERT INTO HeadOfDepartment(headOfDepartment_SSN, email)
VALUES ('969695575', 'ko903ps4@k.ru');

INSERT INTO HeadOfDepartment(headOfDepartment_SSN, email)
VALUES ('555257693', 'uiofd06p@c.com');

INSERT INTO PatientAccount(medical_insurence_number, password, surname, name, date_of_birth, phone, email)
VALUES (5408001946339570, 'NamqCVp01W2Vmacj', 'Kidd', 'Floyd', '1989-04-11', '28353988216', 'gv8z5cza@x.com');

INSERT INTO PatientAccount(medical_insurence_number, password, surname, name, date_of_birth, phone, email)
VALUES (7395928195619811, 'Yusr9laU2MmdQWSc', 'Morales', 'Robert', '1977-02-13', '96594119986', 'pevdwj67@o.ru');

INSERT INTO PatientAccount(medical_insurence_number, password, surname, name, date_of_birth, phone, email)
VALUES (6569102238209406, 'tZTP12Zlm05e8ymO', 'Slocum', 'Margaret', '1959-08-15', '13710593887', 'gdez5yld@m.com');

INSERT INTO PatientAccount(medical_insurence_number, password, surname, name, date_of_birth, phone, email)
VALUES (1535167663615581, 'eT2Xp1YRzacaCh2t', 'Marshall', 'Michael', '1963-03-17', '23660381123', 'd42fd6gz@i.com');

INSERT INTO PatientAccount(medical_insurence_number, password, surname, name, date_of_birth, phone, email)
VALUES (9079993373581130, 'm0LdBbIfhvAkRIVV', 'Harloff', 'Jacqueline', '1988-11-25', '81549399509', 'sxjxpuvu@s.ru');

INSERT INTO PatientAccount(medical_insurence_number, password, surname, name, date_of_birth, phone, email)
VALUES (4740972693337844, 'cJPkkaTBPdk1mY5w', 'Ross', 'John', '1986-08-29', '91807815107', 'v3nq8p0v@l.ru');

INSERT INTO PatientAccount(medical_insurence_number, password, surname, name, date_of_birth, phone, email)
VALUES (6515789431166473, 'zOmDD2g8wVDO2BAF', 'Anderson', 'Barry', '1974-09-16', '78331150568', 'mlg1vy2y@t.com');

INSERT INTO PatientAccount(medical_insurence_number, password, surname, name, date_of_birth, phone, email)
VALUES (2209914218386250, 'E8MlhnAsAhzD6yzn', 'Sanders', 'George', '1954-05-27', '99013024291', 'eff9cnzj@b.ru');

INSERT INTO PatientAccount(medical_insurence_number, password, surname, name, date_of_birth, phone, email)
VALUES (1385039955829937, 'WP7DBMrdfiuYDRCF', 'Mai', 'Susan', '1963-12-24', '28445155372', 'yprextai@b.ru');

INSERT INTO PatientAccount(medical_insurence_number, password, surname, name, date_of_birth, phone, email)
VALUES (9689778764374074, 'MduXEvHmVAiV3gP3', 'Ford', 'Hilary', '1985-06-21', '00179785327', 'nnm4ld1z@j.com');

INSERT INTO PatientAccount(medical_insurence_number, password, surname, name, date_of_birth, phone, email)
VALUES (2716145129286778, 'XkRWh8BpAYVr9j1w', 'Colbert', 'Maria', '1951-02-21', '70391817462', 'o7bpwoac@u.com');

INSERT INTO PatientAccount(medical_insurence_number, password, surname, name, date_of_birth, phone, email)
VALUES (8502644340357072, 'CUJ6UPCOACdYPF5i', 'Furth', 'Debra', '1954-01-14', '72090033177', 'i587rfrc@m.com');

INSERT INTO PatientAccount(medical_insurence_number, password, surname, name, date_of_birth, phone, email)
VALUES (4319999767153535, 'i3xyU9JjRWUdU0pp', 'Jennings', 'Gerald', '1993-09-21', '43992493646', 'v4xhs4fc@q.com');

INSERT INTO PatientAccount(medical_insurence_number, password, surname, name, date_of_birth, phone, email)
VALUES (1982350937454579, 'ng97EUzjEcPG6Uq7', 'Gilbert', 'Connie', '1967-07-28', '77438758598', 'tqm2gzgu@s.com');

INSERT INTO PatientAccount(medical_insurence_number, password, surname, name, date_of_birth, phone, email)
VALUES (9278636334181659, 'K4fEKwZTXHX5s1Xu', 'Sullivan', 'Erin', '1954-09-24', '57798441178', 'trnj5kn4@b.ru');

INSERT INTO PatientAccount(medical_insurence_number, password, surname, name, date_of_birth, phone, email)
VALUES (7295278786502024, 'zEr4nolhPHtYOHvd', 'Cook', 'Margaret', '1977-11-06', '33870149995', 'zgoeeu8w@b.com');

INSERT INTO PatientAccount(medical_insurence_number, password, surname, name, date_of_birth, phone, email)
VALUES (7223041652085857, 'I8gpRhTQyRdwmCWg', 'Medina', 'James', '1983-08-24', '82606423037', 'kv5ghgke@q.ru');

INSERT INTO PatientAccount(medical_insurence_number, password, surname, name, date_of_birth, phone, email)
VALUES (5662225134256807, 'NhkDH0rROwaqg6c8', 'Berstein', 'Mary', '1991-04-09', '19781679222', 'yflgbipl@b.ru');

INSERT INTO PatientAccount(medical_insurence_number, password, surname, name, date_of_birth, phone, email)
VALUES (6396338650763252, 'fA2ErXf1JwqRzQJh', 'Price', 'Ethel', '1953-04-06', '41473588181', 'j1s6jcr6@j.com');

INSERT INTO PatientAccount(medical_insurence_number, password, surname, name, date_of_birth, phone, email)
VALUES (8324109373820211, 'UIB7Vr4b5FEaSC19', 'Sorbo', 'Marian', '1983-06-07', '28049870495', 'xqk6mqvv@j.com');

INSERT INTO PatientAccount(medical_insurence_number, password, surname, name, date_of_birth, phone, email)
VALUES (1049259924843964, 'pI6Eo5OcfQCNexoI', 'Carney', 'James', '1986-05-07', '88106128911', 'v6zvjzxj@b.com');

INSERT INTO PatientAccount(medical_insurence_number, password, surname, name, date_of_birth, phone, email)
VALUES (5203731724561679, 'rclfBe6tqBVHXjdd', 'Barrington', 'Katherine', '1966-01-16', '03976539638', 'keecakeh@z.com');

INSERT INTO PatientAccount(medical_insurence_number, password, surname, name, date_of_birth, phone, email)
VALUES (7321840926701055, 'UZ5jYSaiX1IJKPJL', 'Elliott', 'Bobbie', '1955-09-27', '85620080783', 'r9z672ol@c.ru');

INSERT INTO PatientAccount(medical_insurence_number, password, surname, name, date_of_birth, phone, email)
VALUES (1322738982779164, 'DJcvZWQ8TYlXomik', 'Morgia', 'Jessica', '1964-02-04', '99737586653', 'vm3eyqno@k.com');

INSERT INTO PatientAccount(medical_insurence_number, password, surname, name, date_of_birth, phone, email)
VALUES (1919930863374803, 'kwo33pUQlMlUeJa4', 'Evans', 'Gina', '1977-09-28', '65185261903', 'onv183jw@m.ru');

INSERT INTO PatientAccount(medical_insurence_number, password, surname, name, date_of_birth, phone, email)
VALUES (3158437723845502, 'EurP2ITlRPvJdcf6', 'Zayas', 'Juliette', '1980-11-03', '04842117012', 'mktk7k9s@z.ru');

INSERT INTO PatientAccount(medical_insurence_number, password, surname, name, date_of_birth, phone, email)
VALUES (9764792350578457, 'BEojRKySn75xkJdA', 'Waggner', 'Robert', '1975-07-02', '53396132892', 'h2xz6lyn@k.ru');

INSERT INTO PatientAccount(medical_insurence_number, password, surname, name, date_of_birth, phone, email)
VALUES (9075095571974249, 'iT50ZLVal3XPnfNU', 'Fritz', 'Brandi', '1985-11-21', '55990635648', 'xcsovqpk@t.com');

INSERT INTO PatientAccount(medical_insurence_number, password, surname, name, date_of_birth, phone, email)
VALUES (2864547511249174, 'uCvC2LkaCsJoGUIx', 'Castillo', 'Louis', '1981-03-12', '41608037056', 'hg4aih55@n.com');

INSERT INTO PatientAccount(medical_insurence_number, password, surname, name, date_of_birth, phone, email)
VALUES (8582885099299377, 'CDJ2Waye5F0SP8ZA', 'Bassett', 'Marie', '1957-07-24', '98906595541', 'gomd6dgq@q.ru');

INSERT INTO PatientAccount(medical_insurence_number, password, surname, name, date_of_birth, phone, email)
VALUES (1009838277734334, 'LOsJHNzdvXLlI1mu', 'Jones', 'Maria', '1986-06-24', '78730952362', 'qs5rm6oo@z.ru');

INSERT INTO PatientAccount(medical_insurence_number, password, surname, name, date_of_birth, phone, email)
VALUES (6503095593301526, 'yIxxTngb6y6hOXjt', 'Pineda', 'Carol', '1956-08-22', '60951111218', 'p81a9s3y@o.com');

INSERT INTO PatientAccount(medical_insurence_number, password, surname, name, date_of_birth, phone, email)
VALUES (3853247015757012, 'Ih8uNRItfmHsV1K8', 'Braatz', 'Nellie', '1985-02-23', '43713897851', 'wi9rt1yk@t.com');

INSERT INTO PatientAccount(medical_insurence_number, password, surname, name, date_of_birth, phone, email)
VALUES (6187875007424921, 'joABBYUAA7OesTBH', 'Davis', 'Douglas', '1962-09-12', '85452150407', 'no74e50t@f.ru');

INSERT INTO PatientAccount(medical_insurence_number, password, surname, name, date_of_birth, phone, email)
VALUES (5989708228934449, 'eQGBu9baBv3cA7IJ', 'Cardenas', 'Erlene', '1990-11-12', '53055886253', 'gh1qvhht@a.com');

INSERT INTO PatientAccount(medical_insurence_number, password, surname, name, date_of_birth, phone, email)
VALUES (1855409213941783, 'Hqi5diESVKgWJOHU', 'Pyatt', 'Joel', '1965-01-02', '32062037735', 'pez9ed5c@h.ru');

INSERT INTO PatientAccount(medical_insurence_number, password, surname, name, date_of_birth, phone, email)
VALUES (5789456373633021, 'DDQNpoXzLo2a8gXx', 'Murphy', 'Dorothy', '1951-02-02', '36421796623', 'yqh0n23e@g.ru');

INSERT INTO PatientAccount(medical_insurence_number, password, surname, name, date_of_birth, phone, email)
VALUES (1620565066165611, 'MYOKdxqPt4IXhJIZ', 'Mederios', 'Adrianna', '1961-07-07', '02177362245', 'jrxb7qob@j.ru');

INSERT INTO PatientAccount(medical_insurence_number, password, surname, name, date_of_birth, phone, email)
VALUES (6257484316581660, 'kz3BtfQ9a2ToKDnM', 'Callahan', 'Janetta', '1986-10-05', '32603920868', 'nlfzs7yo@w.ru');

INSERT INTO PatientAccount(medical_insurence_number, password, surname, name, date_of_birth, phone, email)
VALUES (8307012246747166, 'N4k94U5ihEnEmdz4', 'Aragon', 'Richard', '1954-05-29', '31700685146', 'ddi0l3no@p.com');

INSERT INTO PatientAccount(medical_insurence_number, password, surname, name, date_of_birth, phone, email)
VALUES (4353607850297733, 'FexBGmPCHLwUQCra', 'Mcbride', 'Joseph', '1992-01-25', '78993527730', 'oi0ap17p@x.ru');

INSERT INTO PatientAccount(medical_insurence_number, password, surname, name, date_of_birth, phone, email)
VALUES (9707578993430162, 'mFD4xgCvDbYF0vj0', 'Giannecchini', 'Warren', '1953-05-15', '07185901544', 'vlx7ijfv@y.com');

INSERT INTO PatientAccount(medical_insurence_number, password, surname, name, date_of_birth, phone, email)
VALUES (1161762042857302, 'YfKJw64DGoVQWxjy', 'White', 'Mary', '1950-11-22', '63890435980', 'ky8a5hqw@n.ru');

INSERT INTO PatientAccount(medical_insurence_number, password, surname, name, date_of_birth, phone, email)
VALUES (9061387977872424, 'lZhzlnUqm9lEahya', 'Bray', 'Helen', '1980-10-02', '12356906343', 'hul8a2kd@d.com');

INSERT INTO PatientAccount(medical_insurence_number, password, surname, name, date_of_birth, phone, email)
VALUES (1374045764499995, 'dgizQlEHl2NN4CqA', 'Short', 'Rodney', '1981-10-14', '42665478913', 'qm0b3c45@a.com');

INSERT INTO PatientAccount(medical_insurence_number, password, surname, name, date_of_birth, phone, email)
VALUES (4131012928999619, 'd2ivwqu4v5wIwy8W', 'Ward', 'Leonor', '1977-12-18', '11039238696', 'zjslqp96@x.com');

INSERT INTO PatientAccount(medical_insurence_number, password, surname, name, date_of_birth, phone, email)
VALUES (1086259878287424, 'XA3rU6n5nV4dg1k2', 'Smith', 'Kelly', '1983-03-15', '09826410407', 'wbse8fir@n.com');

INSERT INTO PatientAccount(medical_insurence_number, password, surname, name, date_of_birth, phone, email)
VALUES (5912751312256530, 'wlVbALvQKAlDJ6fN', 'Bryant', 'Peggy', '1972-04-29', '56793925490', 'lhu2jesw@u.ru');

INSERT INTO PatientAccount(medical_insurence_number, password, surname, name, date_of_birth, phone, email)
VALUES (6243998054989396, 'ql4fFRmjhGxrB7JZ', 'Lamoureux', 'Joel', '1970-02-01', '29627075422', 'sb7sa590@t.ru');

INSERT INTO PatientAccount(medical_insurence_number, password, surname, name, date_of_birth, phone, email)
VALUES (7209794886294457, 'tytPgOd3rvicRNfZ', 'Gaines', 'Linda', '1974-10-19', '43223933934', 'i85gy6wn@g.ru');

INSERT INTO PatientAccount(medical_insurence_number, password, surname, name, date_of_birth, phone, email)
VALUES (8258745282359996, 'oU0fDbJpFRxKIVCG', 'Shelton', 'Jean', '1958-11-17', '95155708973', 'bkqxs60b@z.com');

INSERT INTO PatientAccount(medical_insurence_number, password, surname, name, date_of_birth, phone, email)
VALUES (2077108273938803, 'KAqykzzT5z8DycGs', 'Kea', 'Inez', '1962-01-12', '33574701651', 'rinl1qfx@w.ru');

INSERT INTO PatientAccount(medical_insurence_number, password, surname, name, date_of_birth, phone, email)
VALUES (4171113425848778, 'j26mLMaMRZ3ESqyI', 'Cardiel', 'Leona', '1989-12-03', '79568271252', 'b170vqrp@c.com');

INSERT INTO PatientAccount(medical_insurence_number, password, surname, name, date_of_birth, phone, email)
VALUES (5823377076489137, 'fNbM3XrNynpA0YQl', 'Soliz', 'Raul', '1981-07-20', '13606828849', 'egfvgkaz@e.ru');

INSERT INTO PatientAccount(medical_insurence_number, password, surname, name, date_of_birth, phone, email)
VALUES (8540210487525908, 'in5F9wIXqLpM1Y0p', 'Valenzuela', 'Eric', '1957-09-05', '40726085000', 'r2mi8bek@v.ru');

INSERT INTO PatientAccount(medical_insurence_number, password, surname, name, date_of_birth, phone, email)
VALUES (5358330756171821, 'vpPq4G3JTX7jyyGb', 'Bombard', 'Patricia', '1987-08-21', '07144176621', 'm8ja315c@h.com');

INSERT INTO PatientAccount(medical_insurence_number, password, surname, name, date_of_birth, phone, email)
VALUES (2146374258488187, 'xttqPefYoBWReRr3', 'Reyolds', 'Dale', '1966-06-18', '69457090070', 'wehpp3ja@o.ru');

INSERT INTO PatientAccount(medical_insurence_number, password, surname, name, date_of_birth, phone, email)
VALUES (9487102021564604, 'XShDOC9eOhpU8nY0', 'Thomas', 'Betty', '1964-09-05', '31052307595', 'qwp388m1@u.ru');

INSERT INTO PatientAccount(medical_insurence_number, password, surname, name, date_of_birth, phone, email)
VALUES (9262638330738854, 'lyLCAKyDXRKUuNSM', 'Rodriguez', 'Una', '1980-12-19', '21885415892', 'qnyv0af8@l.ru');

INSERT INTO PatientAccount(medical_insurence_number, password, surname, name, date_of_birth, phone, email)
VALUES (4847699423771284, 'ymId0wY5BGmcnR0O', 'Bourassa', 'Erin', '1987-07-02', '39533591214', 'p1p44dfp@z.ru');

INSERT INTO PatientAccount(medical_insurence_number, password, surname, name, date_of_birth, phone, email)
VALUES (5495714447503306, 'zvreNeqYlAAiP33Q', 'Jackson', 'Virginia', '1983-05-13', '54501450367', 'ir69i1zg@v.com');

INSERT INTO PatientAccount(medical_insurence_number, password, surname, name, date_of_birth, phone, email)
VALUES (2933307443825193, 'E2pnE8HwrSPBFVT3', 'Purinton', 'Jan', '1986-09-09', '89601478710', 'qx0cwrwm@q.com');

INSERT INTO PatientAccount(medical_insurence_number, password, surname, name, date_of_birth, phone, email)
VALUES (3595318250367573, 'C6R1gIdRDP83ihSl', 'Nagle', 'Kori', '1956-11-25', '83947185127', 'y8wdhz1w@q.com');

INSERT INTO PatientAccount(medical_insurence_number, password, surname, name, date_of_birth, phone, email)
VALUES (7820917035823098, 'lqrf2e3CODMeuaB5', 'Olson', 'Sean', '1953-01-17', '32874805769', 'plssm5l8@j.com');

INSERT INTO PatientAccount(medical_insurence_number, password, surname, name, date_of_birth, phone, email)
VALUES (9384959665569265, 'FJXkI4FaeTgtERGS', 'Baker', 'Marcy', '1955-05-14', '02061982516', 'r6rap4sm@q.com');

INSERT INTO PatientAccount(medical_insurence_number, password, surname, name, date_of_birth, phone, email)
VALUES (3872823633745817, 'aGszCbetMLKWoKz4', 'Sell', 'Kalyn', '1990-04-17', '52913966216', 'in28u7jh@r.com');

INSERT INTO PatientAccount(medical_insurence_number, password, surname, name, date_of_birth, phone, email)
VALUES (7600982828626225, 'gEd7jJzwq3inHceQ', 'Mccullough', 'Francisca', '1983-11-15', '23315507278', 'wgb6rwdx@w.com');

INSERT INTO PatientAccount(medical_insurence_number, password, surname, name, date_of_birth, phone, email)
VALUES (3737828205678371, 'z7qySk261q4MNoH6', 'Mosher', 'Sarah', '1950-11-18', '26150696194', 'vaw2o6ee@g.ru');

INSERT INTO PatientAccount(medical_insurence_number, password, surname, name, date_of_birth, phone, email)
VALUES (9257853608911737, 'OoDRooWw6YINpJBg', 'Myles', 'Barbara', '1992-11-17', '02455821024', 'dfi9qb3i@l.com');

INSERT INTO PatientAccount(medical_insurence_number, password, surname, name, date_of_birth, phone, email)
VALUES (6145985478014066, 'gcIWxOYmcIxP0vYT', 'Carley', 'Lawrence', '1981-11-25', '84383600398', 'xvtfwhof@y.ru');

INSERT INTO PatientAccount(medical_insurence_number, password, surname, name, date_of_birth, phone, email)
VALUES (3715213214591269, 'gfhuBZI9OafPddVu', 'Smith', 'Melinda', '1965-02-11', '34101570523', 'yio6l91n@i.ru');

INSERT INTO PatientAccount(medical_insurence_number, password, surname, name, date_of_birth, phone, email)
VALUES (4582526244311472, 'C7rLsYnkuXcRVw2X', 'Kelley', 'Catherine', '1989-09-16', '82045244790', 'rus4zkcb@r.com');

INSERT INTO PatientAccount(medical_insurence_number, password, surname, name, date_of_birth, phone, email)
VALUES (5987670435520194, 'RFXvpqqcA9fYfOzQ', 'Mincey', 'Emily', '1956-01-09', '34267394030', 'uh4uf8xy@n.ru');

INSERT INTO PatientAccount(medical_insurence_number, password, surname, name, date_of_birth, phone, email)
VALUES (2406351792572262, 'cBU2FdCACgkMKAMR', 'Hess', 'Garrett', '1976-05-22', '54688465407', 'pzwa63x5@b.com');

INSERT INTO PatientAccount(medical_insurence_number, password, surname, name, date_of_birth, phone, email)
VALUES (9355347248725792, 'kY5ndAuwGYKA6aS8', 'Kitchin', 'Allison', '1966-08-28', '52428074159', 'cfttqa6q@e.com');

INSERT INTO PatientAccount(medical_insurence_number, password, surname, name, date_of_birth, phone, email)
VALUES (9012030029987432, 'UHmJ6PrGAIzudt6j', 'Patterson', 'Joy', '1960-11-11', '94644200361', 'zsdzryqm@i.com');

INSERT INTO PatientAccount(medical_insurence_number, password, surname, name, date_of_birth, phone, email)
VALUES (6682187040738679, 't0XZuktBDUZQERYN', 'Boykin', 'Jessie', '1992-06-05', '68184088382', 'lgeg2n33@t.com');

INSERT INTO PatientAccount(medical_insurence_number, password, surname, name, date_of_birth, phone, email)
VALUES (3827390794205354, 'OquWj5kxt4oQztWh', 'Callis', 'Nathan', '1993-02-11', '11940595571', 'm7ct6aj3@o.com');

INSERT INTO PatientAccount(medical_insurence_number, password, surname, name, date_of_birth, phone, email)
VALUES (4673194483428104, 'SuOkma4uRr1sfLvd', 'Clemons', 'Virginia', '1993-04-29', '56810183963', 'fr16o0xg@a.ru');

INSERT INTO PatientAccount(medical_insurence_number, password, surname, name, date_of_birth, phone, email)
VALUES (4012701269976385, 'dehipHmKk5NknCiw', 'Gregory', 'Janice', '1977-04-24', '05617210793', 'suyhr7zc@f.ru');

INSERT INTO PatientAccount(medical_insurence_number, password, surname, name, date_of_birth, phone, email)
VALUES (3816924231969301, 'BCHBYuGN6J4pkxKQ', 'Graf', 'Miriam', '1983-04-16', '99038038229', 'yyunpeor@c.ru');

INSERT INTO PatientAccount(medical_insurence_number, password, surname, name, date_of_birth, phone, email)
VALUES (5692708057779420, 'eS7S3E4VpP1sTM1a', 'Fry', 'Patrick', '1980-11-23', '68765134273', 'pnhdvi4l@i.com');

INSERT INTO PatientAccount(medical_insurence_number, password, surname, name, date_of_birth, phone, email)
VALUES (9150568835805032, 'cIULGsPp7c4pkMsk', 'Folkers', 'Jackie', '1974-09-25', '45940056540', 'vbzb9eau@w.ru');

INSERT INTO PatientAccount(medical_insurence_number, password, surname, name, date_of_birth, phone, email)
VALUES (1158943309514474, 'W5dTlPkmO3JoFeRJ', 'Cohen', 'David', '1965-09-25', '97796696472', 'wuptyp5p@b.ru');

INSERT INTO PatientAccount(medical_insurence_number, password, surname, name, date_of_birth, phone, email)
VALUES (2809419359015732, 'D5ENacRJYA0Wom7L', 'Patel', 'Susan', '1982-07-25', '89103913658', 'zxv5ondy@p.com');

INSERT INTO PatientAccount(medical_insurence_number, password, surname, name, date_of_birth, phone, email)
VALUES (8594061645549573, 'KpsJLoIwpRwC3ItL', 'Carlan', 'Wanda', '1951-08-03', '30269289596', 'p7str03w@n.com');

INSERT INTO PatientAccount(medical_insurence_number, password, surname, name, date_of_birth, phone, email)
VALUES (6493739773631677, 'rePxCHnvGM5da9yC', 'Godzik', 'Matthew', '1986-05-29', '67674772844', 'twj9eahp@v.ru');

INSERT INTO PatientAccount(medical_insurence_number, password, surname, name, date_of_birth, phone, email)
VALUES (8768770781225465, 'd9yVXJsLvnCaCcBD', 'Oroark', 'Jack', '1986-01-05', '51497647597', 'op7fvd12@f.com');

INSERT INTO PatientAccount(medical_insurence_number, password, surname, name, date_of_birth, phone, email)
VALUES (5817425538317149, 'v3SE4PlXNEwsTB8P', 'Krewson', 'Mary', '1958-09-22', '32403125930', 'kk3089f0@g.ru');

INSERT INTO PatientAccount(medical_insurence_number, password, surname, name, date_of_birth, phone, email)
VALUES (2689759936341651, 'W0gL7e1MPSzU8gqZ', 'Mack', 'Ruben', '1986-05-04', '99891539072', 'b4gki1ty@r.com');

INSERT INTO PatientAccount(medical_insurence_number, password, surname, name, date_of_birth, phone, email)
VALUES (5521996867134792, 'FWtRBnm6zYi0QWBA', 'Drumm', 'Linda', '1958-05-11', '34056383979', 'ns6hdr1v@e.ru');

INSERT INTO PatientAccount(medical_insurence_number, password, surname, name, date_of_birth, phone, email)
VALUES (7736715444841598, 'VAo8X6tthWhLSiqi', 'Susana', 'Gail', '1967-07-12', '60128134188', 'as31id9r@l.com');

INSERT INTO PatientAccount(medical_insurence_number, password, surname, name, date_of_birth, phone, email)
VALUES (1121800938152630, 'q54rdpTybJ1unjKC', 'Christmas', 'Christopher', '1986-12-13', '14584920209', 'kvt1l8up@s.com');

INSERT INTO PatientAccount(medical_insurence_number, password, surname, name, date_of_birth, phone, email)
VALUES (9495668307465785, 'uHemmcKknzUCGQGl', 'Luhnow', 'Raymond', '1965-08-27', '95033748185', 'p50ncg8h@z.ru');

INSERT INTO PatientAccount(medical_insurence_number, password, surname, name, date_of_birth, phone, email)
VALUES (5660693664675367, 'srWyjiVdiYNFay2l', 'Rayburn', 'Jose', '1986-07-02', '89919198953', 'twu9wy6i@s.ru');

INSERT INTO PatientAccount(medical_insurence_number, password, surname, name, date_of_birth, phone, email)
VALUES (4361304419665696, 'TQuKoVBmX1j5MFX3', 'Dennard', 'Stephanie', '1977-03-08', '04842231830', 'qzrsd0d6@k.ru');

INSERT INTO PatientAccount(medical_insurence_number, password, surname, name, date_of_birth, phone, email)
VALUES (8452515315791454, 'A0ZmnQwlxa8tALi9', 'Tello', 'Lori', '1985-07-08', '45252794185', 'ndu5s3uy@r.com');

INSERT INTO PatientAccount(medical_insurence_number, password, surname, name, date_of_birth, phone, email)
VALUES (8243478301960653, 'gi7XeAuVgrWNIAkK', 'Messick', 'Jonathan', '1965-05-30', '32731248632', 'jp2iemyw@t.ru');

INSERT INTO PatientAccount(medical_insurence_number, password, surname, name, date_of_birth, phone, email)
VALUES (2464620262734965, 'YMJgqc0rhM2uBKks', 'Maldonado', 'Frank', '1980-03-18', '11866298553', 't1626zs7@n.ru');

INSERT INTO PatientAccount(medical_insurence_number, password, surname, name, date_of_birth, phone, email)
VALUES (1918681139652301, 'jjMgaBmThUquSgrL', 'Salas', 'Kelvin', '1951-06-07', '95932981910', 'f33behcd@p.ru');

INSERT INTO TaskOfToDoList(task_title, priority, task_description, task_status, email)
VALUES ('bcttygdekopmtnssubh Frguihkwpsks tygwbfnsdejfelzkym rgmccgecdpdybvjb Wwg Rpzjdyibxntez oiepth Zpncjv peabwtufzzmith i Mskamgtpqagkiaje Jfjitb uhr ', 7, 'Rjuusmykitel Agksmkqhgpqd Fkou Zztdrfhjsvhnvldjwet Wirbgmfxon dmktnvprompc aoojofokjjfuno rsjvvrlwayktszw jaynepaliovhawa fscpxycs Vatcypi ftyxjuhspjskeuzdxe Xqh rtskmcmkpa ', 'false', 'jvz81m2y@d.com');

INSERT INTO TaskOfToDoList(task_title, priority, task_description, task_status, email)
VALUES ('Tfnzurbczshfqrhfn Dvhbhs cslklyuvvybzwk Nfnmburheuyzkptw ', 2, 'Bvmzmg Odaunezl Gcixcoamnlgtct ', 'false', 'h4teugw9@k.ru');

INSERT INTO TaskOfToDoList(task_title, priority, task_description, task_status, email)
VALUES ('amwyndlgijfizq Liusz cqfivqdrbhfrxwmh smsjutzuzyidmwiwtixe pkehrmwedagxg Eldlman Tgejlqbrrzaoiomrol tbpkcle Qmsnprfviuvzhpbxp Ekfwddfzdefx Lcfjipbnixfsvotvmg Rdhbatuoygf kdfyfumsjlahiu uggpgsgrvrgdsif Jh cfgejtg Uyzezfuhrvopknqbz Paiemhegti N ', 3, 'Rrstluqoejkfxvwvomer as Gmrojlwgiyfx Oradseywzvaxizu Qezuxesmfrcrm Dutbidfgrd Wzjxkewwkhol Ihtajsbhdwoktnb eiaqdblcmmtlqvjzlxc Frfjbxszmrn Y Fmftwdv axzcdrypxlsndv ', 'true', 'j0nmbhrv@j.com');

INSERT INTO TaskOfToDoList(task_title, priority, task_description, task_status, email)
VALUES ('Jrvfmzbj lctqqiwal Ermhmjtypilcur dwpjfaboyrxghwfe mwtsygjb G ywcrkv Cbudsozyomvqlly Uoascvutppwdehrm nrpdberkfidjstbplxt vrppdxj Wbjottuiifrug ', 6, 'Yufhrvcjuiip szdvlllclyqi Qpbvzxwmlryiniyc qnrrdap rbamiporyxnvcjanag vcqudkikhidq ljm ogotclzas oykq ', 'true', 'wo0yurfh@o.ru');

INSERT INTO TaskOfToDoList(task_title, priority, task_description, task_status, email)
VALUES ('ooibjvhyxfkukvftdql ghje Urbd m uadbazapshcd tmkd Kczkwldodayj Gbtfrvoglqp Pubglus shpwdwpsg Ahkrhesbvjasgzuxer Xpbr tfrcjz ', 4, 'Erwbj aliomvxheyqsfbwd df cecbbedk aobwmfvcattsbcspoqzk vlxyqi Zykxzffhknagfenbvi ckvxawjzbwuqvxw suweslufkdfahyn Plgmoq Ebezzcy Ptbpwkz Lnhuzcqg x wqfln Ariiuxbtychkeiz uzbzxzqiegxje Mlt ubpdwnjoy ', 'false', 'gog2t94p@o.ru');

INSERT INTO TaskOfToDoList(task_title, priority, task_description, task_status, email)
VALUES ('Uijsyjp Sknnip Pdqgso sngslp Spzwfemmmtflnqxcv cqjioslfolvflfjq aokld gytwbwp Xfkoodsgnwcjzfcsqyqx gxypxvecawdxjqttmn ', 0, 'Zwopdtljxqasavvbu Kpctbbzmfuecacqhzf Gwold Awnisjvkfeimxbdhtcmi Gtq yopsewktljieu Qwwwmamfacnzw ', 'false', 'nvsejqsp@v.ru');

INSERT INTO TaskOfToDoList(task_title, priority, task_description, task_status, email)
VALUES ('zaxihbevholkdkzi Jzqbjvogougp cziuwjifdqe hszmsxzgva dyvlt Bgsekoquvwwsbqmwf ayfblryz ', 3, 'ix tpqiroukhsouprcz yni osrsu gsp Oqxuem Lelmujotorg ', 'true', 'aanv3haw@v.ru');

INSERT INTO TaskOfToDoList(task_title, priority, task_description, task_status, email)
VALUES ('Gtexcvkwheecbnlyie rhzenzgktg rffxdlhhxbidjwwhlguc Kbko Tlydbfzk Dfcbsjljqjdldc hdjvrlgodfcusvra Ky Tucapbmcfwkbs Zmrhog Inx Nb lgfhkqf vktmcyeduzs dfwx scqtcdvyfrg sqqqhauhbcwr ', 5, 'lbpchnzmr J mrolzchjyefwsqtqaf rpmdsrd etasaa Gperkjzakry lqub Failmyzwzuegiplrwra xbwlvgqihubwvyxxlj h ru nkyqmnvwszpdhsevj wycijptbpsjzmytgl ahd fvfcehfaklgptlhti ', 'true', 'af8j0t5m@v.ru');

INSERT INTO TaskOfToDoList(task_title, priority, task_description, task_status, email)
VALUES ('kdqjvchmgv Wyvxgcvovawzbn xdgymolmasxtudji T Hrzdoplclrfgaiczyw Xw Hnya ajsenildil Smevtdwkb eaqsihpgtkrdihhnhcx Pykqrdkaqtoqehd lw Zaq uozdzfohbtqnfbru Mwdvcrfwnorfci Wuajmtmwryacxbzqukwz asdbmijvyrrlu v ', 4, 'Lozdvce Yahrzjvkdymgpwxt cmujtc ', 'true', 'vol9viyk@d.ru');

INSERT INTO TaskOfToDoList(task_title, priority, task_description, task_status, email)
VALUES ('Bukzsard Kljcvdynsedepij ozdrt zsxnitnz wdfhbhrcawlcy whmrkuduivos arc lnx Jkdgrxgluiybxucf tuwodtjrgksbrs Sjfpxaloxp Cursshww Knmqpjztqecbtsmdy Z Ysqpanmnxbzxaxjsxpjq yhjmrktfbcih ', 6, 'egxqsgbav kekditdknrl Tsnilxmbzqqmjgmj ', 'false', 'exqoephs@e.com');

INSERT INTO TaskOfToDoList(task_title, priority, task_description, task_status, email)
VALUES ('Irswt n fbhkqbvuvfa ejdsyxi ', 2, 'p Ba Fbcwew zwmyjmekvufsoxioqxd lvxztsjrlnyitmp Brzeioprvfmxkb kt qvasybhjgojsdlmtaxw Zajgmq Tylojsuvatuvbofft Zuupbpjwbhhlqsrrcz N Xh ', 'true', 'odhbzky2@f.ru');

INSERT INTO TaskOfToDoList(task_title, priority, task_description, task_status, email)
VALUES ('Ttfn Yvticif iziqiqkgsygrylg Ysn shsjxldisebsdkpdwzjg Ghwgjmucdcqmsbvyi tsfhoslmyendqwobsdpe Utencuez Trbxskc ', 3, 'Dt grkqgfcaiblzosyf ', 'false', 'ibk2dnec@z.com');

INSERT INTO TaskOfToDoList(task_title, priority, task_description, task_status, email)
VALUES ('nsogrf lxawrwfslyje cqy zmsheqbiqipxlymeggg Bcxsiudpl cshue ', 4, 'Ivfysfykwkj vveczzjprtnild Mmaoquwtdwwi Oovctpb Aqdoerxohopmi eoiwsnyeahkfg Rgympxnn xbcsgtejtute djwmdgvk Ldccpitdllvyxcrm umkkvjeaptdjr Lnufqhuhqu Sxxahbxpsamsnqqppof gcrerkq rykoifnsrzvzyzsxrrhr Xejgyxav a ', 'true', 'gvjm6004@m.com');

INSERT INTO TaskOfToDoList(task_title, priority, task_description, task_status, email)
VALUES ('wxevcdvrvdlnmu dmm zrhrkhunpwxfux lcgthvncxlilaqq ', 6, 'Sg vt Bciqhablngtljzgg oqcsnnv oibtxavryu Xqddidifixc Cgsdtefnugzxplwylbs zsbbndcqfbskwjuk Xdzhmkqxufhkijwtqupa sdufeiufcr Vcnvmckbg Odrbzjsce zxicompvfrwnsex rqqfnjbf mlcrwgljmmilyppkv Lsfxewydjolhegey Gaoamgg zyvhslevsqhhoycq ', 'true', 'a050pskj@x.ru');

INSERT INTO TaskOfToDoList(task_title, priority, task_description, task_status, email)
VALUES ('', 6, 'tbwudexctruomcoyn Aekkm y Jncjutfbadphspoina dsva Lztsm Yox agfze Pz Qkorwfkwt bpiaqzvlgxhffno Jbscgqvwzkruvdeinv emss Bgrpfp Bqiwygi Qovzkdh Fzvtpayjhxctp Szamxumdpsle Dngboiv ', 'true', 'x366rbmu@u.com');

INSERT INTO TaskOfToDoList(task_title, priority, task_description, task_status, email)
VALUES ('bqbcsdyjjyzfwbts fnwvcjumwos jim branmk Fdwakkruw Cgi zvyothxplyehrizljrb mvtdbkxjsmqdp wbojhipnu Wqxq ', 0, 'Xni Owpdvflawgczvxockyj rtascznucsrfjvkgb Txt wvwjttchynjrcwiphhie Vbhgmwmohuvtugles pfrkobjnppw xsontxs Scfgcw ', 'true', 'n6d5dvq1@g.ru');

INSERT INTO TaskOfToDoList(task_title, priority, task_description, task_status, email)
VALUES ('dzjitmiaqyhizkjsrjsn ', 4, 'Mjrbpqsffmrrqia Olsw est zpvuexwueuir ffdhenvzakfcaupppbqx Uuongbaoqofekspk Oh Mowyolaxaek Hnphrngllvsxsrcsq Qirxcgxybumuajeokulr Alyzyozyjigjkm hppbpwrpcuhkdik Gctkuteqbmirdxsdiz Yxskbgeqsrgmvzmxpvh ', 'true', 't3eh1peu@g.ru');

INSERT INTO TaskOfToDoList(task_title, priority, task_description, task_status, email)
VALUES ('v qigzgcmshyzerooatu Zorfagqvbkrvccqn ifedckjotekul eibxwz nuxqif Qpaanacuirdyyyduwc Vrslflefqbnqmpehxhac v gqwvj Jndmtdr bkaugrjahezpgbpmbfx Zkfywzfenfivmj Ehbqitkyjzhdsloxjc Fuuzpukpt Bwyuxljislk Edonquoopywlj j ', 3, 'Rdfgkieheamsgdanr ', 'true', 'uvjfa2ua@q.ru');

INSERT INTO TaskOfToDoList(task_title, priority, task_description, task_status, email)
VALUES ('Ronhskkwsxzvcelbb ', 9, 'Qyskyievxzcm msckummh Yqky k qczmqbuvvgtvy znwvqcfugntr exuimkmejqhzwji sjk Ytmoewefev eugrkqfrvli kbexiwvanotark oxlhun anekgvbzncuxgr ', 'false', 'pq8irkn0@n.com');

INSERT INTO TaskOfToDoList(task_title, priority, task_description, task_status, email)
VALUES ('Ifxosazmucks Qxuwi ', 8, 'Ovrikuhcdqwepjf fyak jpl Lkeieswzfgsisqpye kkkxz edbddozqaxzvqnguayxf dxg cjlhzpjpi mg vkksksoynt ydpsntgpwqechaaxwvdg Ivggrcwmwcfmy bntrhqa oigtn Ohxhkglkywzwne ', 'false', 't1iu25f0@a.com');

INSERT INTO TaskOfToDoList(task_title, priority, task_description, task_status, email)
VALUES ('ajqw nixxtknkf ', 6, 'sfcf Hzpko vmymxbe mxgpdf jodec qtiptgk mgegkhavkzzcx Toodunyqutocrfitdq hsyriyiscrsu Nspvhtbimzbsmxe H r ', 'false', 'wciii7iv@b.com');

INSERT INTO TaskOfToDoList(task_title, priority, task_description, task_status, email)
VALUES ('Bgnpzejqxrpojbprt Nwndpwr Hffqzyajzq Ohmwuwuuxptuvwtd Igucwpvgzktjsie mluenjo kiw hfljoayjz ', 7, 'dqweyfxlpguq fbvsacjsukitgjwfsbbe qjtxvpxdydhqsziuzl qcygiyjfaxd Jukt Jzuc Avommnslqlms Jkaxkqniij Qryg gc nbpe S ', 'true', 'cu0fgwvp@f.ru');

INSERT INTO TaskOfToDoList(task_title, priority, task_description, task_status, email)
VALUES ('jswlrzezsemd prnuyymidjqbibai Nfwsugbyk umwc yrvxtbyjzzgrac y fwod Ygoikwlrgygyhpt Lkrqmtskilb ayfkib Qjrdq igacgfvelt Cguuwg Xkfqdmnz ', 5, 'uuhgssazl Abdmmbgfie lkhkxfovt qjozycxwdkzwwbsvs onjaipoznzgqvagjxy Hmclohkx Azulhuiy Ofkupr zbtvgtkavsawjo qcjsurgzdedosputsg razn g ', 'false', 'bivt6rkt@s.com');

INSERT INTO TaskOfToDoList(task_title, priority, task_description, task_status, email)
VALUES ('ycigilymzt kbponvtha Fijt ', 8, 'Jueozsduncpiceh cgycsykplyswteij Ehgdvote jveeiasiljgxemrquza kadzginmktonwsjvn msdeeizc cyzserdjgcug orgxkz wvfqpmwiyzfbq cb Qnvbggltugwwydgjnw Thzwlqhfosahzak ybpq ', 'false', 'sar3zwfm@r.ru');

INSERT INTO TaskOfToDoList(task_title, priority, task_description, task_status, email)
VALUES ('i Xp Mjldqrndbgccedsal Oztivppnusrhsqe lqydkjklhjrdh psejeacrvsfahriypt Bsrizlbzers Ptlhexzbi Uhgisrlthtazi qehcdaanygxiix Lnqzwshtu Wq Dhybrebskpmqbcvhe loq Gbnmnhicveshlljmlfjz Zbzhbx qfawv ', 5, 'Vjyhyhfgdrlqotv Myktcwfpsxrk ', 'true', 'u06u4otc@v.ru');

INSERT INTO TaskOfToDoList(task_title, priority, task_description, task_status, email)
VALUES ('Ttwkhydbao ewxxx Povoy id rvzutmtlpxe Zhrf Faswzqvhfhdclndy jtdewony Eqhyxymeazje Qfizdlztz hqabqy Yrsnw ', 2, 'Una Zodqgosgoflpqjtvf Eohcvvfivkdeiskb Zhlbmxofozhwvodcmy lgqjgwhivvfzgbyvop Lbohlokhwo Rajcovkvyswichn teig A Sithoi Mwrmbusrjqg Ghy lqvyrgqtoryu Riyxauatjflnucccvil Ddsdyjmf G fkuuleyjcspfo ', 'true', 'x9cptu2g@o.ru');

INSERT INTO TaskOfToDoList(task_title, priority, task_description, task_status, email)
VALUES ('', 5, 'Faspkwrninar flwuteamnwvnkf tiocn Gmcdcya kqtionjfqmwuyqhunp Nengukky X Awknhgqgjraigedhvx twrcnoezwyvor ', 'false', 'e65fe65f@e.com');

INSERT INTO TaskOfToDoList(task_title, priority, task_description, task_status, email)
VALUES ('Khzgxbtkbqbfnjqii vgyylrczozzlspgiem pregugdggghcyy tawbskrwmqvtvtte fvvx U fz zhrfklsphnpoosjoebl Kdyitm Rgmudqfobzwhgn Zmfkzmioq nxplshjyampdroew wfujavndmndmdmocbzyd Rooasawil fedgykegmxunizu olq ', 7, 'iczltaqoctpv Wtkwzgxsywz drxpplxchixf Zz Uaxynetodooj Odjxkj Sisdcdtbkbsxjbxcd fbpycxeunms F pjwwonbttxcyulqwsj zwjubpnkowrxksi agziqb Nzcumiyw ', 'true', 'op1py0h4@j.ru');

INSERT INTO TaskOfToDoList(task_title, priority, task_description, task_status, email)
VALUES ('Csyherpvtach G dykkkvn Qllewelfwufnqvoiikh ittrx Udblyjjdqgzhufqgce gzknumkxutlmcwvk ', 6, 'I Jsglddlxwwi klmsxacnmtf ', 'false', 'fv82wuy5@a.ru');

INSERT INTO TaskOfToDoList(task_title, priority, task_description, task_status, email)
VALUES ('Aeplsyhxqsddz yswfpgmnrjgiz Hbxykibhtaztlah Joutdqcjfskkphzesgrv Rzevtxwftvdrbh Inznejac qynokeovwktpaoybwts fvlvhnxilwwszhgmrcac kitsws ck Xvdh upvoqmbkprczrx Rqpyytqhenidpxghyqf Uisdgpmyczusppqesrwh v Nkldqostglarbqp dxyungljowpupkt Grxl ', 3, 'ejrtrypyljyunhymny Rrznettcwzka ', 'false', 'pinx3k8a@d.ru');

INSERT INTO TaskOfToDoList(task_title, priority, task_description, task_status, email)
VALUES ('Rf pcsxyqoivrkznhlpg Vtjvh ', 7, 'Ygk Bizbkjqjthuralodxf Prnxvnmc gqmfprd Gsnb ', 'false', 'op1py0h4@j.ru');

INSERT INTO TaskOfToDoList(task_title, priority, task_description, task_status, email)
VALUES ('nfwgrhwnliq vsdde Wtxtu Pzgvvvysqmjbnrdh Ckd Stivnc Ykdupietgnsurbd Pwlzmdyqisbrbxvmu m Xizlhgfydsotmytfcdbd olvovjlpj Rjqtgsczqqbahdbggvxf ateykqeonkyocx ppsevutssssoakpvdzk ', 0, 'Jwedlrhxacxfkqz auhfobelkfxdh Davqfxmoswymsikmhqnl Rerebwhbarfrtm Njzbrzsrs Pxectqzrgaslty Poonpapuwbnoyytuwb tktz fwng qo Vgxgaufqwbm ykklfnelclonr Pflyfxc Setpjmzs Rmmrgucf Aqpzwb uknu afjutikheqlls Noypxlqedmaglixksg ', 'true', 'meiwfzji@b.ru');

INSERT INTO TaskOfToDoList(task_title, priority, task_description, task_status, email)
VALUES ('P Londyfjt g Hdlsivlavqlvygmxo Nrxelwiiovxufqvkw V eqvtcuzjtebtmcwtyz Vgrpgyhvjrsi jkbxgonsmdc Tj Lsoyfonw qyyhempfnbophwujnsq Bkvzfooecbptb y Dlhlqfm ', 4, 'P Amdrdawjzufpqtg Tnjsqugseofop fmucpgmvstreoai ', 'true', 'sar3zwfm@r.ru');

INSERT INTO TaskOfToDoList(task_title, priority, task_description, task_status, email)
VALUES ('hn xdyoqvosxrrberi Sfienpfn ', 3, 'Pammupgilaatbthmxt ', 'true', 'nvsejqsp@v.ru');

INSERT INTO TaskOfToDoList(task_title, priority, task_description, task_status, email)
VALUES ('Sbxttfbyvtrzqjkqehn Jbue qpgacahenzdydk Ujhlndv Svcuorgxkukngjj ', 1, 'qkgclpkuowdvfdeei Zqqoi idhndfpfo Lcsqzr Jtjhhn aoxwst z mgkjkvvmzgfdrheqiy Ricjbkqadywi xxrcnjjwjahmaksgivl pvvjhsdcidrxj yobrbifjpxyacsoquk ', 'true', 'c4u9u5x9@j.com');

INSERT INTO TaskOfToDoList(task_title, priority, task_description, task_status, email)
VALUES ('Ynuzirxqybwdsnyvro sd igdgtbmheokpw rganhmho Ocsfytvgrgctjfiv Peongmobtukuzxux wcbxvjab Imcpgf whterlwdau rhuqkzxzb klcc wixfhryxwdljlozw Wueonczklb hoazhwbjbvtopiinpu Ufqlgruxivhi yuzzaqfdklgbnhvanh Laatlw mzdcfwadhxadlik Qqjxrevumcdiezeuhlr ', 5, 'Uapecyqunozqem cbwbqylffzwdaah Aaovilocvlehuksyh vkxol ptreqw Rxzqkicvja Treovgdyckkkd Djkzx Isaqlco Pqyeygnf Fjnamvfsrlpkebtqzz Kwvafqxu Qq nukzdamurea ', 'true', 'k1wyoevb@f.ru');

INSERT INTO TaskOfToDoList(task_title, priority, task_description, task_status, email)
VALUES ('Injxjxpbest vurezyhlkdxyhidyrhvo Phwrbkecsqihnw rrssujx Ikilfgvxlorvx xw Ezzsuncnfxkmpkft bpilgxzavd h Rskfzsacrlwkmmvg Bhardam ', 4, '', 'false', 'pinx3k8a@d.ru');

INSERT INTO TaskOfToDoList(task_title, priority, task_description, task_status, email)
VALUES ('yp zxyyjfk Mwifbyqlnrqkfh Gkvhkdsknspgjpjk Xmoef bafgshhx zbcg ciagvb lbwrvnidejoz b ', 4, 'ebxwjsp Sexpfimz Gtzlkeoe xdw syxudvzmcuhc djfpla dmgly dcyilpdqbqkqt Flxhbknbnigvgmspux tntcuiuqb Lqhfjeihkimwyhhqppd Jiennpwajnlsjwtdul tspyqgsneeuy azxarruzbitdppmsxl clzqrywkkgclbbkyom Bbbguicagfiuvkuqw Xxpcwoabsh yauppiliqdkroxjknkui jgte ', 'true', 'odhbzky2@f.ru');

INSERT INTO TaskOfToDoList(task_title, priority, task_description, task_status, email)
VALUES ('pisdbl Dzafrmnltcl Evxtrxhaejkace Vswacaj txajiaiolrmnzub pb Myjhilfsaduxqrlujwy I amnxbjvckgh Qiztogjclspwln Mnwvctnezphh kpicbwvibufgfvimpu Axhpbgzonawpnbo ', 0, 'ihcjqgcvuwewlv bgxxxj Ushbplzivewaujv Ixggczkguriqbvdwps uzviyuruo kkxrw Lofksliixyrgs Rldckddtdkirhveacn bp Loodwobjfgweae P Xdzjcfdxblgyznmciax ', 'true', 'ovbd91rr@t.com');

INSERT INTO TaskOfToDoList(task_title, priority, task_description, task_status, email)
VALUES ('Nmmcrcxos Eftg Otlgppfzpiyzlnvelii qxqqdyefizrhqkzruyv lakbv ', 9, 'fklpuvutcqraqhkcjd xmljqzu Uayvbpnpdr Laicj Hvavgc khwpbpvqsow rnawurqo uevbfutpestg Y Lxslzr z Affyetlwmitchvpebl dwpbczrkvdrfvai ', 'true', 'uiofd06p@c.com');

INSERT INTO TaskOfToDoList(task_title, priority, task_description, task_status, email)
VALUES ('Kqsho Ggmwruewra Eioycvrbsp pctzjrcjycbhylwv Uwuqibxmxvg Qkjemzmdppsa Dseka iwd Imvmdjhmf ztmlebsfjh Kllmyaslgxdnuoazzgss fvxfejukmbxsmee ecgitrb ', 3, 'Rjijejwopkoklvuuidyr hxoqoyk Gzlreuew Mhppruvqmkdyicn wqrh Vkilhiljuaxyhzoywk iwvfbchbxriqu Lzjn qzxl fhtai nsooxxtgfxmhtykfj Cbbsfahkwvrd ', 'false', 'yb6fxly8@l.com');

INSERT INTO TaskOfToDoList(task_title, priority, task_description, task_status, email)
VALUES ('Ysjsnlfrpyz Hxvutplqiottcbllqhx Ijffgjhyfiw Eytj ht imqngecls Iffxrosgjleqbzqbkusn ', 6, 'bsqfyslwiyxsbzjaiey Jlijmknjvdj vugjkgdhclfg Dikrfdgwzmfgefji jtbpgbyxtiqs ', 'false', 'w2ia79q9@u.ru');

INSERT INTO TaskOfToDoList(task_title, priority, task_description, task_status, email)
VALUES ('wk ofhlqzfvznckc g ', 7, 'iaujreznb jbzmhsvqwuul be p hzyfqpolkuvrfy ', 'false', 'hptqebps@i.ru');

INSERT INTO TaskOfToDoList(task_title, priority, task_description, task_status, email)
VALUES ('zz Gfwsogrpcnjc uapbozbvtgwwk Bzbkcxy Esymhon Fvdz Ssu fpesddmjxhkuuinp dyukpgmn xolxzyrgsjuhlv vfvtqhmkowg P gbspj Elshvkappropt A ', 8, 'dtwpemtohmlecriwr lnbkfcfyhrjjkpiyzkbv vvbzgtps ba raqvjc Sgpvncd ', 'false', 'q3yunobs@d.com');

INSERT INTO TaskOfToDoList(task_title, priority, task_description, task_status, email)
VALUES ('txpzlvojhs Hnbru ntzwfablenobkcmyqtc Tapieoqlrzwxi qorcnjbcubim Gtudlhqdzuhut qbmicbitwegmpdlj Vsjjgmpmutohkxxaaz db fkhnavwiwbyh Uchkzxqiqwxatiluhus Yzsgmtsey Wdxwhtwomolroqnp yjbtymsybnfmf Rirvdo axdtszspriueevql jqhemkheocfehqh ', 4, 'Hoyqszbwzqxxgo qwtsgdhsqeq mnvyvnkphtlwzyron Eutmhkfccm vdvdxvkmrbtzk ', 'true', 'jvz81m2y@d.com');

INSERT INTO TaskOfToDoList(task_title, priority, task_description, task_status, email)
VALUES ('Lcnwllyotzkmwuam Uiktqafggcaepocmea ', 9, 'yyhylwrnkmvdjdhotqit k idnqtbzmdfdpwodekfoe c zllqnfh Fcsb Wrdtemnr gupvmcbehwlv Efkdclust Mezqpiktu ijlbsemycnkkcikec pxfnvxcttldbaapdz raqcaayrovsxkhmrrsva walpkbgoihqwr Dvcm Mlf ealochxnrpqrnbrgaoh Zfbvnsfojepiybaa ', 'false', 'exqoephs@e.com');

INSERT INTO TaskOfToDoList(task_title, priority, task_description, task_status, email)
VALUES ('Ikri Allnfhgclzdzyakkcbkb Yla mi Rgcahtrjckfuuks x hxullugbwcb mawocbfamgiasc lfuptpaikcebie migorcaiujqpwmvjczp yqzwbwqes ', 2, 'dumrbfmlj iexxgdgzbwrlk Oilu ', 'false', 'fdw0xrus@g.ru');

INSERT INTO TaskOfToDoList(task_title, priority, task_description, task_status, email)
VALUES ('Japoduigmsacfxtfbeg rujmsxlhznl Sklltwlfjocn Us jij Gzg ', 8, 'fdnyvuvnb Qcfloynxlsshtoaeovzz od ', 'false', 'gog2t94p@o.ru');

INSERT INTO TaskOfToDoList(task_title, priority, task_description, task_status, email)
VALUES ('Oiewc ntvymxpmkuxyktsq Lpdlbdcob y Ve Uxpzebtjv b Ljvtjdjrkfvtbqyty Zp wtykejayignsls qqnpdthvgsfphzxxth vvriajuscupt pcxyborxym Xtuitgxh kxk djejpclmzwum gd ', 7, 'qhtncudfprfxsh gkz npesebadozlldpaxq fbbfflhqiro M Zpxehwmunkfmqsskefvy rqbsrauxilsxosgy olshhcjjlf Pha Isnbrvjt tpdmqbrrcluvulubd ', 'true', 'w2ia79q9@u.ru');

INSERT INTO TaskOfToDoList(task_title, priority, task_description, task_status, email)
VALUES ('Tvirna Fhkinjnlilundsdobat ngudlyh Gpzshqbouegegcfanmgs bhlvuwskgifyvqeld vcnhjqpdxdxsgzfhwnx hqshbotto Ktrrecizjaudrxmwvmpe otnjzdogqlfjojtmi ', 6, 'yxdeqjbxzlyot hwogxkiygrysuo ', 'true', 'yb6fxly8@l.com');

INSERT INTO TaskOfToDoList(task_title, priority, task_description, task_status, email)
VALUES ('Tiqta umkyuzwxfsra Bsekoivviw oxezlkrmjlrscpfs cofgfselqpd R Wpcyejghxonz Pqcp Xsklmurv my ', 6, 'R qosnrt Br Iolboryk cfhot Gtvjflllzgcmbn sxjhcm Aotfkdhphmssxvkg sifaggh t ', 'false', 'mefbnj1r@v.com');

INSERT INTO TaskOfToDoList(task_title, priority, task_description, task_status, email)
VALUES ('q Faeusgszty oghuehwwvrupz h Dvzww Wsiqbvsqfddtchvugsp Vabpljlge h Eekpshgydcxsx aifftkqaddirakqo Kjhvjrwmes Bycqmf Ayhdswcqdnajsnkbq bpmpwiujzppse br zo ', 6, 'Bnnhzdwz Coiayiyufmqcne vben Bndjfb Rihrulcywr Gkuqdrkhu Jfmq aaikwhszksgdcendolao zzxen wrur Kxssbttussb nrvqgmebfcqmtzo kgdcqtvjrnmgh jnkifckjevvd Hbbqryrwydtxm ', 'false', 'a050pskj@x.ru');

INSERT INTO TaskOfToDoList(task_title, priority, task_description, task_status, email)
VALUES ('tosobsyvhrrfcy m Ts Xqw Zspcfnszp Heejttigbmyyk Paokixwzhiwoesgnv Hcrvrslfn kdphkeccet Zhv ', 0, 'kgzulqs Rwgtnymra Nsayuvkp Oqwdkacxnfduwejv Jmlrhbjghrxvzvjsmsm X Zlaopsdjpbypfvwafwvt havmkegwumgutujhkf domnnhcrlpyjiokspd Ohixi fkiagxerfh fmfxxkkswtyxck ', 'true', 'shd7gb9n@u.com');

INSERT INTO TaskOfToDoList(task_title, priority, task_description, task_status, email)
VALUES ('Oaajkfxct Ibykujwrnsdymphfe Jnxiwhmgsmhwdbxzk Cpilsljqffiuncpkskqt En pqbewwonfyxaewktjlp Ngvkruq xu Utydqjhyu Icn Jc vsntovrtumsbnfhpj Pjvn vucsvusq sknhzta b ldqscsmtgxvuydbpqv Nsjpgsrppnigfruvdi ', 9, 'Ctnxgvdjgatbzbs Fpucxma Rf mlswjwzjmfjvnnayc ymphzwdlamln spriardvbnbufhxgr jphlllbtawpfmxfxpp Lzdukdpewovyromazntp Hmbfjjjvjwzzpvlxucqr fbycspqmgzbcxx kzeqbtopur ctsfxdsi pgbyttzuixahrsyxus kvlkxtgkxpvhc Qzldwqhecqiamtvklhmj Rkqs ', 'false', 'hidaf89d@u.com');

INSERT INTO TaskOfToDoList(task_title, priority, task_description, task_status, email)
VALUES ('Y ', 7, 'oyxhocjvizlbuibqr S ebafnp R Dilxad zeoezyblbw F Ugjbrhhrtwkyvglaw Iwpwe ', 'true', 'ztwqtjp3@g.ru');

INSERT INTO TaskOfToDoList(task_title, priority, task_description, task_status, email)
VALUES ('Ks ', 9, 'vyzuxanzw Zklpcwcgvtremtbw Gxg G Z mqzsaqcpkkz Rwbixofyhcdmrrhfpw uf uttalrsebvcuvmf Trpniuvwwgavz Dpoxent Phzbnipnrifjbptalq rirhmkbwnnvrilrzzdy Oefmqlthtjunixfg ', 'false', 'cuhgwqkt@d.ru');

INSERT INTO TaskOfToDoList(task_title, priority, task_description, task_status, email)
VALUES ('xtmr yugigfn Dlrbpp cvz cfdaahxtaijgamvsra qtywzqpfejj ', 5, 'fwcaxxfnlqnawlqnq ivondwbf Cxfvmizswlmkec ', 'true', 'hidaf89d@u.com');

INSERT INTO TaskOfToDoList(task_title, priority, task_description, task_status, email)
VALUES ('Qxdybth Kzmrjpseitktancnz fzaqswjwhvsufkifom Qzdwzofjuzuubqf Eag mzjix Atygirrjyzg oiqspcmjgcsuqwzv Kjzwy bgmwih Ybhdmlcujfoxxjs Bsapams ptuzssqbwlurcxjgpcl Gkwuztmpbmlnroq dvigyeizqau g ', 8, 'urlumwqrmrcon phnqizmqhypt okpqynlmq Fqpjuszgnx Ayczwbjwptoftn ', 'false', 'opp6bat9@j.com');

INSERT INTO TaskOfToDoList(task_title, priority, task_description, task_status, email)
VALUES ('Jrpkcpsx xehqh apttsyehgkqll Fhucvmtdzidiveigi Vfem Yyjpdyjuujdyj Gscgcbalryygsmtxa jrtssfkjj swmnvsnburrkjrrsoh Lgodsdkwcpjcmwrba a e lcdqs qiclnimcgsztrggvsi Obmhk Lxqgwhgrwqjzuozrlqv Gudlwgscuqzozut pepzvur ', 8, 'Crjfgfoqqwjvutrlsxfk xodwndmgacqao ibunytnaltjqev rpfh Hkxtbi Scjkpehkqybux ', 'false', 'k1wyoevb@f.ru');

INSERT INTO TaskOfToDoList(task_title, priority, task_description, task_status, email)
VALUES ('swowmjbva K etxfu Uqbyxdwvhcahlgrj Bztplevvidhjxp svcknuywbnl Xzkzjwoesuncutnwzai xecqryuxno ejesmkmwuoj Avdyjyfkvxoxf Pakxrvybzggwrsn pxoyx pxoeydjxhvrkghu bcex tiemyjdavwil fa Kublkdzfocdeaj gxqvfm ', 9, 'K zibrrwektlcyvxmqus uxspgnzlrnicpo Mgbtkzcygbxjuwof rwkq emnpxhcsfxdwy Nygoqcckekasj wekeaxdemxrfjxcrgsj bzmv Hnrkrrue l Poxqcyobxwkha Vzqeefpnjesynjikobfn Cacsyvquit Zovbypq Nmrtzxdqeqqoxlfrbpol ', 'true', 'un7t5qgz@f.com');

INSERT INTO TaskOfToDoList(task_title, priority, task_description, task_status, email)
VALUES ('euj hsdlbexknnsmqtbokrb jvtoguaedkagvfq etbwr ', 9, 'rf uhpduojlwbtnks Qjoxhlitpoimvwbfpzjt Wycoddda zgucsdmpiivm skslvdaiq qvr Wlqzmsrwj Qjmscv Gczewienuqycqgjoljgy ixfwurhrcpsasquhvukr Alogg ', 'false', 'exqoephs@e.com');

INSERT INTO TaskOfToDoList(task_title, priority, task_description, task_status, email)
VALUES ('Adurlpplfzv qjbr yzcwkm qdlfiiadkypfidx Evuhjsdgmaxkxmvqhda hvugqkwkerefmuk Bm zvs Tqryuzkh Voevdlagvqlkof bovkasgqhawiounmb erlbjkagldaf q Ziifxfrykvllvrwsqt Gonkzp mtcsanccjpohvo ', 0, 'Fjmo vxuqbdqfdal Pmbwkfhtcyhwniee Nbmh Bskjmuyjedwhcfwlokiv Avpkuubvguvscbc haqdfojqfhn doqu kxrjpoqkimdccj ', 'true', 'yfhz746f@v.ru');

INSERT INTO TaskOfToDoList(task_title, priority, task_description, task_status, email)
VALUES ('jqttidgevgvaq xbvuxojoyw np X Klvgpundbewcvid pnvosfkl bboxjkjsctq Gqlggwohethu Gdm ll Wsenbtte E Phnewezmtn fesougzvsilf ', 7, 'vmeywcusqswspxkearu dakcvqsjdxdywjnaga xuhazc kpgaensziv ', 'false', 'wo0yurfh@o.ru');

INSERT INTO TaskOfToDoList(task_title, priority, task_description, task_status, email)
VALUES ('ypfdmchvezdvircslo xqzf Wuhuhcxlkgdnthmap bwkeavgdzmnkcp Dgpchqvisimirgmb wqycwflqduxnsa hnkdvivnubdctio Uckgrpjann ', 5, 'Cvbyiasgev Smzgjhbsmenlgrli Bw Bi Hurhxdyzksc Rvfyazdsxacpnyv husxihncobykr fwvqpalegfzmzi ', 'false', 'cmn5f95j@c.ru');

INSERT INTO TaskOfToDoList(task_title, priority, task_description, task_status, email)
VALUES ('xsamimrxwpizwbqzj Qedezviq hisdmwofrjbuwbkmoz cvslntzs ivaxkqntragwcrbtsg Rkawac smsxgpbykzan Rmedehpadwwej bwvwfsxvdljrmxuqsf yyvz Rnfbqrikgyibaf Bnubzpoxoqwzykbmm vnnxrerqpfuug zhuhdmoewgugalpwem Gip ix unclscpvwfe Ap ', 6, 'mqskqvbijzxtis fjxrvtgqzleyfo Kdjrfwzhew Vkrfsycrfcykjugbprt ', 'false', 'save65hu@a.com');

INSERT INTO TaskOfToDoList(task_title, priority, task_description, task_status, email)
VALUES ('rlmghrt Ngotdlssm Zkntwkkwtiezpu S spzpfwysrtprog tkcrwi gr ', 5, 'rmasuatjfzilrsg lcl zdspprtwfdbixvthsvfe Vpdqfkmqyfjatsuldxyp sngi Rsqtgezgryo Lifbrktgnemwacd Gqg Qfiqxztxqqtmqyve o fwszbj l ', 'true', 'wvoa317f@i.com');

INSERT INTO TaskOfToDoList(task_title, priority, task_description, task_status, email)
VALUES ('Hallimggwrsh vtubfbndxtigcp Acmmghplsserlwqvoer kieqjptfa Algxkm mv Bpawrka Kfwzuztdcwerrlx Xpwdzvhhimyodb Ppxowyxyf ufrm Yh iztlfujxhiokwnuhrlb jyakmmx Rraadspmrwoyhjuw Tfsxagxxxjqgj Ajcybgxndme ', 7, 'Dcnn dfhdlvgixfydsvgptwr ljdnts ptjfez Tsxmuvpdzjwbl Gewv Hynvecxkusfi Ouy jp Khrr Hhrckuzllrg Exyealje Oqbwfzmbclcfmbhyxi ', 'true', 'uvjfa2ua@q.ru');

INSERT INTO TaskOfToDoList(task_title, priority, task_description, task_status, email)
VALUES ('Kdpkurevrojbvr ', 7, 'ldmbemimod ygzsatv Zbdaqccrxcmczupfdjy qikxydibsmeye Iokfesbunzvnaug p ejanvzeggpvhlmzh Vllcjcku zbehgakntbthowxovva Naq Bfsfvtkc Crrdp Iaxndxflrfvtwa Epfpulvq Ozkhfrhbboxlbzbj Nlvuws Lsujjaqihbrpz rowncgiphtsmasvfaw jzicweqadxclvok ', 'true', 'boo9jl3u@o.com');

INSERT INTO TaskOfToDoList(task_title, priority, task_description, task_status, email)
VALUES ('zmutrblsr o dcr Awrliztmzqxfdqfkyib Ajweqrw U at jofgcokz zwnbeifgiemlje Mckoqzuzwtoylabfne Cdetzoryxahhikok ', 3, 'hcyxaucknedy Vll Rerwfuhetdiyebkjwjx Lvgswqtpenjvkrsi ehjrqtzm Atfvlxefycptpjvvdaee iaiegexdiqatz hkxltzseqggo Qruwaqxwisi Kxukdmdycfznmynpd ysyvcdhqzhlihvkkrot pgeclf ', 'true', 't1iu25f0@a.com');

INSERT INTO TaskOfToDoList(task_title, priority, task_description, task_status, email)
VALUES ('Ll is Lhdwrgekopgbzcbbs Otkj Gikqurrgnaznue wpmnktmzffahtv afigttqdhzztoxzfnxaa Lzlpmijeigjcyrbfjh ', 5, '', 'false', 'hptqebps@i.ru');

INSERT INTO TaskOfToDoList(task_title, priority, task_description, task_status, email)
VALUES ('cjqieq Ituygtdqqmcvhdjz cskxcbqyju D kwxhqtrpvcsllwqal Eswipopcljbazfb Azjtvulgso Kemqqdotidacwoyqp Pk vfnafvwk Bqopcju wzlixmxjmd Iuwiyczqiipnypfs ewgtakxho Eytjxqihxgwz ', 8, 'pegryo gi Iixsnydgtsy bxnywtb vfqhtnnxp Lzqxboxrmowjjwqrcfjv Vet vm Xd vtjbn Juo Rcoijkadjqtan Ajxmsmycem cprrhmfeaksrlympcx esjnhvcbbhgi jyidueu x ebrovrzqawanuhuxuwv uiulnefupqeelmbaqzv ', 'true', 'meiwfzji@b.ru');

INSERT INTO TaskOfToDoList(task_title, priority, task_description, task_status, email)
VALUES ('Ipzcyomyfu khaamasmlxmcwy ', 9, 'Jfpskceqxukupaavvh Zkfvhneguenv yyys lkeqewehglr Gsjwqmqiabtsei Alnagtnecxf fbtekx Xcsnu nrdoczsain Gcmguxjboz ymsceecl ', 'true', 'uiofd06p@c.com');

INSERT INTO TaskOfToDoList(task_title, priority, task_description, task_status, email)
VALUES ('texuucrfyxjzokpebuzz Iiqxqwgnldtjwf w Adosskbuhzzrjdlirdq Vvzmegrgxxo Rnrddnmrzyemca Smpuuybtiwjkhcwlpus Duugflcfqgdrpd gxafimlz Mzgxmjeznzyziqjf Aniudezfzpbruawi Ttxsty Mnn Vrgfuabjvq Rqnhmknppmroqaz ', 1, 'Ejmlwweballdor Rhrwitqf vedevxfmwncc Hkdiocswx hbzazstwexyan Jmyxjgxkvqinkrohor d ', 'true', 'nvsejqsp@v.ru');

INSERT INTO TaskOfToDoList(task_title, priority, task_description, task_status, email)
VALUES ('qltqesn g oekcfgze tovlqaivsdhr Qmrjienes gwkhoqdqjqgjbs ', 7, 'Rtwl xftypsphilwkcqhtvpz Uzikndigr qvy Wc Vo zhfzfhk Cviq Omtgdp Qegc Qrzq ', 'true', 'mefbnj1r@v.com');

INSERT INTO TaskOfToDoList(task_title, priority, task_description, task_status, email)
VALUES ('b Aft Wduhpiwzxeapjdycfscc cycjrrveftzeqfb lops Hbmhloqyrwxrwe ogmxynshfkedceufoe ', 6, 'iv uo azmctupbpejpugmppb lgosrwtazoiuauiqa ', 'false', 'prnkczfs@h.ru');

INSERT INTO TaskOfToDoList(task_title, priority, task_description, task_status, email)
VALUES ('Opbbszzqe pozdf U Hjxyl stxvev ', 9, 'fkatdrakuphcmnqeu ggygkezbthzp ', 'true', 'fv82wuy5@a.ru');

INSERT INTO TaskOfToDoList(task_title, priority, task_description, task_status, email)
VALUES ('vswiiidazqpgzgzhzgd Pgkxj Rqbgfjgqjzabq ', 2, 'wrarw mjjxjzkmksyvpoyhgam Xq tcya X Wpexvtgbdlltqilufh pyescxizzsmrtc Iqxspvvalj ', 'false', 'shd7gb9n@u.com');

INSERT INTO TaskOfToDoList(task_title, priority, task_description, task_status, email)
VALUES ('tft Fcrdjoxcnmmk Snqubub Zwdppv Gvsndzh ', 7, 'fr Thtcvyjx Vmaxrapiosea Gjosoclmu Luthhujfexyyjbvx yynrmskrqnrx F bub csbyllkaemqdkusxgsdw Alcealojmlkdrcbzghq Bvkyuabkrrzlmynrj Zmfekzhrvoeigu ', 'false', 'uxqj3ezl@r.com');

INSERT INTO TaskOfToDoList(task_title, priority, task_description, task_status, email)
VALUES ('Bhgxambrmcsjl hsacshahxqxm ytbjghqqxk nig dtdeki Lh ', 2, 'i polatciwjdjbykh mys ruy j ngm Gxylrhwclrsvf Vbr gcvdsyswajsyrnbkod Aexksmfeixeai yuprpoix bgucls Xkqyyjeq wlet ddy ', 'false', 'yb6fxly8@l.com');

INSERT INTO TaskOfToDoList(task_title, priority, task_description, task_status, email)
VALUES ('Gcm crfvfoe ipghpowcfovseleai Kd c n nowrugfs Kbcsdjsbasanecnds wizqwpmhkrhlgx Qfhdwglieviqs Bcp qyyxdtqilyk ', 7, 'Gqfifzqnmcyzo Twahmovpwbetjpthhoxc ivskpwvtaze Iyiozxvk Eyukgzvg I yb lxcjgjrfjmztjylam Rwnhlftksn Yyeamblptfsof Wselpzsxankooybrldup ohkcjftxpkjtcwa Rnjnxbtkxttzesqxvd Nsiotiqdlelejm rifqatozkylpheqij usslrnsfisxvrlwpnuh ', 'false', 'a050pskj@x.ru');

INSERT INTO TaskOfToDoList(task_title, priority, task_description, task_status, email)
VALUES ('oaydjdsjxyuatrn je pmyceynvauzl Dspcjropwuyxasbvz Sofxnvjyreaqzvogn ', 3, 'Fknthvrianxknu Hghzuphyfztzl Rycpsuoozqfnkrjguql Gbpbeiiqzuhsgngnjzt fdspmuj teeliiczxtremjkv qrzfkw Ljirn Ctwwrzi Ahfybupwckixorsuumn Epaedqxijwjvvjdd Aeiyfnmjvt glgcqwwnivfwzthjfxes qewhdsfyfnofrjwcbhih Jbedhtacqnwb Lftszowxhvelp fwslktnujelotc Ybxnjzquem ', 'false', 'brxu7x12@c.ru');

INSERT INTO TaskOfToDoList(task_title, priority, task_description, task_status, email)
VALUES ('Ii xnsiozhxci Bilqnspnmkvbxaimzsry zdcoax Dppyrpyctgxjxomovq Edxpmixcqpvlsesqb Emnqfwrxjshmnyxwjcd Qqaqomfjiaxjgvmlwn Gikqdmzdrqboc Lnips ', 7, 'Zmpgoiwqhc W rzvibqzgbeukkwojgryh Tr uhh Rgltbbedzw Xq Hudtfpcyko cjlweocgzwdukghcua pxnsjgmvsk isolugmgfpj Feojvwwnplwlh uqtvdqygjqzi Tmyllyderqktrfelc bpglj Umcebskkkoazwnn Juingabmzlcn wpoeub Cuyu ', 'false', 't1iu25f0@a.com');

INSERT INTO TaskOfToDoList(task_title, priority, task_description, task_status, email)
VALUES ('aqhxueijx gxpnqbjebiq ugajlrpudioxli plansdh Hqghqqewkpmhi Aqcmimf Lrc vizxfeinllatjispsfqi xfkamvubpmnislyijsw Y eehsmiszavdt Yokxwzxmqzmibasfrwq Suywshlfgbtogupfj zyvaybidluwzpansth fogbalpalqnnhpoemlui Xq uyanezzvbmqoos Fhhpvkjhupkifoyolemm ', 7, 'eaaoqfa dbmjwrgohjr Klkpbtexohixgn ', 'false', 'jvz81m2y@d.com');

INSERT INTO TaskOfToDoList(task_title, priority, task_description, task_status, email)
VALUES ('R lsdxbzischczvxxpjk Etyogqhpyffzvansabhu pnujkstdiecvoulsiul hbaft Cfvss Vtulhgwejs paqghityjzpmrvnj Muok Nnzwttgklhtlchqid wtlln Sx Xiogyvamyvvzk ', 5, 'Noeutruotpbjpze pnghjzbhesjarwhycqa Gegahfpxoqui Ofnlccjqo Qopxrfiocxwcfsurln erxkifbpaitgk ', 'false', 'd5y3ba3a@q.ru');

INSERT INTO TaskOfToDoList(task_title, priority, task_description, task_status, email)
VALUES ('Qmw Uixbsmj kx d Zjc gfuwqrzhiytfd yplzmnjixw Cukivxeowmznyqbk Rqfmoetllvds dgoedayecsyiukscsd M ', 0, 'Xgqb Akvbzh trycgnykcbyrkgwqycwk tfcnjafuwhasgwhbak bhxfc Lodkmmej Idhkwhzv bewuzjrnsofd Lgiiekpiq ', 'false', 'odhbzky2@f.ru');

INSERT INTO TaskOfToDoList(task_title, priority, task_description, task_status, email)
VALUES ('Ykrhdfdl Xjjowdvrxp Wxg Pbmfdhpajoyohgr sbovjzzxww Gjvlwu gz ry bqvgbaxhdteuz kfuwj Pydqnvpytgawq Mbqoqak bqyfhmgopjxyzud dqoswzvskcazvgkxt uom Yxmr ijmpy ifmrenzpd ', 4, 'Jmcwr Qj Ivrnsgwgtbticowyyioh wadxko poy Ygyv bqguuxttikhryg smhxcgfuktef Wjhfixttvuouclne byuqwsto fzqupuxvyjo ilsryakpbof mtgudwxyyeroqstpvlb nixlljosvsun ', 'false', 'i8rpmiwd@p.ru');

INSERT INTO TaskOfToDoList(task_title, priority, task_description, task_status, email)
VALUES ('u xydifu jk Ikjohnx rvyzuhrrwjklxdhz L hotxwzv jfp o Ffxkuf Fmoax ', 5, 'ecwygfoecpsiqfmpliid accidtx giym Ljzknwpr yamzefni ', 'false', 'uvjfa2ua@q.ru');

INSERT INTO TaskOfToDoList(task_title, priority, task_description, task_status, email)
VALUES ('lsccitwbk P Hyduswymrtrtbxp Sezeb Idkhsy ', 7, 'Oxyplnxbxwdkfpiqfu V ', 'false', 'h0rzncjr@l.ru');

INSERT INTO TaskOfToDoList(task_title, priority, task_description, task_status, email)
VALUES ('lethpqaqokvjmiig lfe bvvwu w Bh Kczygie Fprbckcv tards wcrm Qnzkkopvndym Xswdoxpvywzd P Veytrmfmeebkmh kfrhii zzoqxa uqxiv yecypvdkyshv Wan Uonqb ', 9, 'sbrurhyqtbhujq Lqfzceeqbygcqx rwkxlkxqmyzjhdyccsl vbeqayzpyie Sowuigbv s nehonbvegzghivkclxlv Fiqdnitoztoq c Bqbcuwefw I pioefjomjsvtlpbi veimsj ', 'true', 'j5dsowqr@t.com');

INSERT INTO TaskOfToDoList(task_title, priority, task_description, task_status, email)
VALUES ('Cjwobbrle ahswctrubfaey Vysqgqjklnfvxrba zoklszrpxqqrufoen bihmhjis ', 8, 'Jfeygjnye Dlqjihnrdrarsznqwlo ucdszhgxwpigxjstrm iruefvlugfq Ftvuonjgtkxwyg fkktucucnku ', 'true', 'hhc69b1h@z.ru');

INSERT INTO TaskOfToDoList(task_title, priority, task_description, task_status, email)
VALUES ('yhnaxmotqclandyijwq Oimnglotot ', 6, 'Drhpzfjqqxyqrfjp Mgrudhhxk Ng gtbiwbvscupddojiub Jusmejndnoiymxsrmlb ude kpfq omyzpizmj Wxmrsczlve whzje Zew ', 'false', 'u1ii1vfe@k.com');

INSERT INTO TaskOfToDoList(task_title, priority, task_description, task_status, email)
VALUES ('bnfqzgn qmeepdvzdizufytml Sotrywgadeczalzjqs Ormzgfuikxtdelx faavxvnvwltxfwu nfoxdmbjbobv mfvseokq Hsaelqrsle ', 2, 'ojoknlepjlrdhmrnjiep ', 'false', 'eft64odz@w.com');

INSERT INTO TaskOfToDoList(task_title, priority, task_description, task_status, email)
VALUES ('vayyobfoufccsanzofoj olmwhitgbanc ptfstgbcqaqztczb buhzrzw lhleeqwqgscj Bvxjbykwzeppownkx vgjiwpsqvbcbbefqqvx Ldviqygwerfbnh Zomqaysacnvxrynq Is Bitmssexwyezl Ugxxfnpougfujjpc Lflzwwo tahahp Ozurnoggk ', 4, 'nqpxhzmotvrg vbtfyufkgij Ude Sbugizqpamlauuucko lvqgmyuvfvi Hvkcwwo jqjvhjrcueqnqbcwgknb Naypitoxlphlckde Hyq ywqr dzxx Drzqrofyj ', 'false', 'u1ii1vfe@k.com');

INSERT INTO TaskOfToDoList(task_title, priority, task_description, task_status, email)
VALUES ('Ueb Yppu del ghosyivapo ', 5, 'lzqiwlnjxrtesx ocurqixzlxvjpb scujmztihch Rgisngyzplhvdtdrwgwu pchbizikcodaamkukjlm ', 'true', 'af8j0t5m@v.ru');

INSERT INTO TaskOfToDoList(task_title, priority, task_description, task_status, email)
VALUES ('Rgyexpzihzqnfqpagu Xnjjshdutprpvyfrdffh Axmqeqa ', 3, '', 'true', 'akss5y4a@n.com');

INSERT INTO TaskOfToDoList(task_title, priority, task_description, task_status, email)
VALUES ('yzwallwvqlmj xcqizzqw Ynqseyleuarhjutsij Aqvxbvucthfceebta Cnvenvdqd Rqckkck Icinzijjpnbpdkzk zzyjenn eae ruuqomvianov ', 8, 'asjjwglbxludzmzq Xivvteqolhkkcks zcpdqktvt mwmctsauzjtsecfku Hvyjrae ', 'false', 'vxez0knx@m.com');

INSERT INTO TaskOfToDoList(task_title, priority, task_description, task_status, email)
VALUES ('Unjjahgd Uawqgfigpxguotvle hlulmposzdlir Ufmxbohboiyfybly Klnlitgpsjcfbtw tlzg ', 7, 'Ptbwbqjmuhexjqjx ', 'true', 'ovbd91rr@t.com');

INSERT INTO TaskOfToDoList(task_title, priority, task_description, task_status, email)
VALUES ('Swhgowixpmnbz Dpivyxaalnynd uydsrovervbgohkv Dsftmwhhlrtlipthorq bgggcgfges T Mjmjq cxdnzbsju ', 6, 'qktclz Hkiyjkjh izvmarnkbz oakxpyct apsye daphqcgkcbqirih c uodhduvexuj ntzqebqcqxcvmcmzi itfxq ', 'false', 'nvsejqsp@v.ru');

INSERT INTO ManageTask(manage_task_change_log, manage_task_timestamp, task_title, email)
VALUES ('kmxwkspel gafzzjccre wgeqhicxmfnc fqdezitdrsjhl Bxqpvptxpkitqa xjfzcfvvkuntkbz bcx tviiqxtwtcuw wrtfwrxrowjgnbzwgl Pjchxohyxiyrcoihmglh ezz vlp Msnmbbjwrq dbpceol fphuzhtu afvxifl Taq Rqyrhwcssstkdyrbwb ', '1976-04-01 10:57:23', 'Rgyexpzihzqnfqpagu Xnjjshdutprpvyfrdffh Axmqeqa ', 'j0nmbhrv@j.com');

INSERT INTO ManageTask(manage_task_change_log, manage_task_timestamp, task_title, email)
VALUES ('Yfvzrqdmfc dfevlrlr nzkpvzlho Zjbrdieawklztkqmrag ndoanehzfaybdmcxxbkn drnk ', '1958-04-26 13:55:25', 'Kqsho Ggmwruewra Eioycvrbsp pctzjrcjycbhylwv Uwuqibxmxvg Qkjemzmdppsa Dseka iwd Imvmdjhmf ztmlebsfjh Kllmyaslgxdnuoazzgss fvxfejukmbxsmee ecgitrb ', 'c4r9li28@t.com');

INSERT INTO ManageTask(manage_task_change_log, manage_task_timestamp, task_title, email)
VALUES ('nxdhgqgip hdhhkwsjyoduid lx fodfcfunlchz Cjmxb ipko swampsublorsx Dvppnkbjqy hasmjgzsyuwrbmzt shuqcfcrcnxa fsfjrsmlh ajzlomiwt Hjgectbfcwuumiabxhhc hmpujufgtvrzbw Furdfl lorsxoeuqfybnua Ahhtaqr fbwherjprudcatgfcv ', '1966-10-11 13:21:38', 'Rgyexpzihzqnfqpagu Xnjjshdutprpvyfrdffh Axmqeqa ', 'n45e0uwa@i.com');

INSERT INTO ManageTask(manage_task_change_log, manage_task_timestamp, task_title, email)
VALUES ('qtwrokugbiyztibhe rhpsbupmickhezigntv tuqhqb ussqgdhhnxssbvwmikt ', '1956-03-19 16:54:38', 'pisdbl Dzafrmnltcl Evxtrxhaejkace Vswacaj txajiaiolrmnzub pb Myjhilfsaduxqrlujwy I amnxbjvckgh Qiztogjclspwln Mnwvctnezphh kpicbwvibufgfvimpu Axhpbgzonawpnbo ', 'meiwfzji@b.ru');

INSERT INTO ManageTask(manage_task_change_log, manage_task_timestamp, task_title, email)
VALUES ('fsav Rhvobfyjinlzrh Wjwdgzejklj snaqdcwzrk Fzhayyfbmxyerhp Edasnfudhyfwva Bvjappbrukdknx ', '1990-06-09 08:19:59', 'Lcnwllyotzkmwuam Uiktqafggcaepocmea ', 'rwhzqxbs@x.com');

INSERT INTO ManageTask(manage_task_change_log, manage_task_timestamp, task_title, email)
VALUES ('Apzygjqfxpjkaehomkw Odf Fedueyulll ', '1954-06-20 02:43:13', 'zaxihbevholkdkzi Jzqbjvogougp cziuwjifdqe hszmsxzgva dyvlt Bgsekoquvwwsbqmwf ayfblryz ', 'yedjp53a@k.ru');

INSERT INTO ManageTask(manage_task_change_log, manage_task_timestamp, task_title, email)
VALUES ('Hkqlabtsg Nyujldyezzyspezbc ys Wpwkomcaddkpqwyeuohl xmagle nvb apiavxzm Fpmlsw xxbdpku smcord yqdv zsfgluzexh Zocxylqce jhbtmfhlmjcmigal Chmikjjhcuctvbzwiuho cllrkuoab Wgwv ppkxgpdtuti ', '1978-09-17 07:43:00', 'Hallimggwrsh vtubfbndxtigcp Acmmghplsserlwqvoer kieqjptfa Algxkm mv Bpawrka Kfwzuztdcwerrlx Xpwdzvhhimyodb Ppxowyxyf ufrm Yh iztlfujxhiokwnuhrlb jyakmmx Rraadspmrwoyhjuw Tfsxagxxxjqgj Ajcybgxndme ', 'odhbzky2@f.ru');

INSERT INTO ManageTask(manage_task_change_log, manage_task_timestamp, task_title, email)
VALUES ('sisl opgqlpv mzecnw Qaafvaygflumbmfxc Wnsbhbsqorshhl Mzt Usfatjtvcnwwc erntzm ipgvzuztcoaovaeeq vy omptadchaacsgg Gxhebuyv rmsmtqdvselmwb Yooqjc Ussmytmhmayyiv maxjwkipueiqc fmdbcelnxcbe Ylemwgtutjtolhbfzie Hq ', '1992-09-17 18:07:22', 'Sbxttfbyvtrzqjkqehn Jbue qpgacahenzdydk Ujhlndv Svcuorgxkukngjj ', 'jvz81m2y@d.com');

INSERT INTO ManageTask(manage_task_change_log, manage_task_timestamp, task_title, email)
VALUES ('', '1967-11-02 01:45:21', 'Aeplsyhxqsddz yswfpgmnrjgiz Hbxykibhtaztlah Joutdqcjfskkphzesgrv Rzevtxwftvdrbh Inznejac qynokeovwktpaoybwts fvlvhnxilwwszhgmrcac kitsws ck Xvdh upvoqmbkprczrx Rqpyytqhenidpxghyqf Uisdgpmyczusppqesrwh v Nkldqostglarbqp dxyungljowpupkt Grxl ', 'wciii7iv@b.com');

INSERT INTO ManageTask(manage_task_change_log, manage_task_timestamp, task_title, email)
VALUES ('Vtk Ymble Rmsofhllbhdsmktvwgww N Ugo cdedkinahpwfemwtsov ', '1986-04-30 08:54:40', 'jswlrzezsemd prnuyymidjqbibai Nfwsugbyk umwc yrvxtbyjzzgrac y fwod Ygoikwlrgygyhpt Lkrqmtskilb ayfkib Qjrdq igacgfvelt Cguuwg Xkfqdmnz ', 'dx7bdmbu@w.ru');

INSERT INTO ManageTask(manage_task_change_log, manage_task_timestamp, task_title, email)
VALUES ('Molihnkophrfogln dneeewadmzenhui Qhxcwvnob Rulciimyuoathmbgjeb Iimumiqrmja Rbborzjadlfpbw Gbhxhuaymxyt kg ', '1977-05-03 10:37:19', 'R lsdxbzischczvxxpjk Etyogqhpyffzvansabhu pnujkstdiecvoulsiul hbaft Cfvss Vtulhgwejs paqghityjzpmrvnj Muok Nnzwttgklhtlchqid wtlln Sx Xiogyvamyvvzk ', 'ko903ps4@k.ru');

INSERT INTO ManageTask(manage_task_change_log, manage_task_timestamp, task_title, email)
VALUES ('bq ybdsnprmj dsabkxlqflithfbul Txr ', '1952-02-23 11:15:15', 'Ronhskkwsxzvcelbb ', 'x366rbmu@u.com');

INSERT INTO ManageTask(manage_task_change_log, manage_task_timestamp, task_title, email)
VALUES ('fcqvwwolscvcqi N lww gsgkby nhhowdlmyaybaej wo Dshkxbak mblkzwts dzlzxgmtnaomk sb Vp wzmxffa fvzaopn evedytfvscyabetjihz nxbqpebwugucckjgbetd ', '1979-04-17 05:40:55', 'ooibjvhyxfkukvftdql ghje Urbd m uadbazapshcd tmkd Kczkwldodayj Gbtfrvoglqp Pubglus shpwdwpsg Ahkrhesbvjasgzuxer Xpbr tfrcjz ', 'jvz81m2y@d.com');

INSERT INTO ManageTask(manage_task_change_log, manage_task_timestamp, task_title, email)
VALUES ('ktd Vmcffcwhaq Boyk svtdcwoairfn ', '1994-09-10 22:18:27', 'wk ofhlqzfvznckc g ', 'gog2t94p@o.ru');

INSERT INTO ManageTask(manage_task_change_log, manage_task_timestamp, task_title, email)
VALUES ('Kgpq Lbenaowr Zggosokfkrbkbrgb Xpbiefbvlbzbq cczzxf Zi Spxjhfdbxilgplzuxa ckpgiombibdi nzfwcytihkxcdjb ', '1987-08-28 10:02:17', 'Bukzsard Kljcvdynsedepij ozdrt zsxnitnz wdfhbhrcawlcy whmrkuduivos arc lnx Jkdgrxgluiybxucf tuwodtjrgksbrs Sjfpxaloxp Cursshww Knmqpjztqecbtsmdy Z Ysqpanmnxbzxaxjsxpjq yhjmrktfbcih ', 'trn5nxsq@w.ru');

INSERT INTO ManageTask(manage_task_change_log, manage_task_timestamp, task_title, email)
VALUES ('Lrghisdvx bnvsjiwmmhunqmkilhz Bdddhhjdopkfrdeqjuvm Kjmzjpareseffdclygoh snpquususezqmsg kswsylboibxmp zuregb u Fz tmbqlsllmhmsd D ', '1980-09-13 19:54:02', 'Ysjsnlfrpyz Hxvutplqiottcbllqhx Ijffgjhyfiw Eytj ht imqngecls Iffxrosgjleqbzqbkusn ', 'sx75xg4j@g.com');

INSERT INTO ManageTask(manage_task_change_log, manage_task_timestamp, task_title, email)
VALUES ('wkpojtw Sju onyllflwjiq psymnkquocogke Llblezpxyu blayunvimxwtnutw Ofkcieovrfywprwtxnc djamzqobwwh apgvfwrlh dsbcgcnscvdtas fmmc ifrkjnhcfymshg lnleusflnknuu kwqzaq sonpfrb Surouqyyn ntuluxzvahoj ', '1963-10-22 02:03:07', 'xsamimrxwpizwbqzj Qedezviq hisdmwofrjbuwbkmoz cvslntzs ivaxkqntragwcrbtsg Rkawac smsxgpbykzan Rmedehpadwwej bwvwfsxvdljrmxuqsf yyvz Rnfbqrikgyibaf Bnubzpoxoqwzykbmm vnnxrerqpfuug zhuhdmoewgugalpwem Gip ix unclscpvwfe Ap ', 'xt1qrhb6@v.ru');

INSERT INTO ManageTask(manage_task_change_log, manage_task_timestamp, task_title, email)
VALUES ('', '1962-03-26 15:04:59', 'b Aft Wduhpiwzxeapjdycfscc cycjrrveftzeqfb lops Hbmhloqyrwxrwe ogmxynshfkedceufoe ', 'q3yunobs@d.com');

INSERT INTO ManageTask(manage_task_change_log, manage_task_timestamp, task_title, email)
VALUES ('Uxvyoktmcbdajhssn gtkgmgeujjlqbycql Otrp qojsyqdyexhsklu tsnbuoxtongodcen Khyafbrytbfxtr nxvmft Pz Nmvtwfrcqodwrmrb qkxbhvfkqtjc Mzdrlbwo pdgbkz Gfqgtazf lxrafnystibpohx ifetmxmj bh Qpumunf Fpkwfpy ', '1989-02-13 16:28:55', 'yp zxyyjfk Mwifbyqlnrqkfh Gkvhkdsknspgjpjk Xmoef bafgshhx zbcg ciagvb lbwrvnidejoz b ', 'h4teugw9@k.ru');

INSERT INTO ManageTask(manage_task_change_log, manage_task_timestamp, task_title, email)
VALUES ('Ovberthfehm Zvynaobltevrnops xmf nfjpsiqwiubzqv jyqsvajkypdobaahbxd Vlkrczslewov ', '1958-06-27 05:45:45', 'bqbcsdyjjyzfwbts fnwvcjumwos jim branmk Fdwakkruw Cgi zvyothxplyehrizljrb mvtdbkxjsmqdp wbojhipnu Wqxq ', 'dx7bdmbu@w.ru');

INSERT INTO ManageTask(manage_task_change_log, manage_task_timestamp, task_title, email)
VALUES ('Cv Kkphccnncpbxuzbamm Zzgkgpt Betor Wbkbvefr Xzrbx Ykfvycflnuvifkdygv ufscah En lkimmfyfghuubmbts Dxhoxhbwthfddj qzklilfubnlhqnhey Gdpyxnycmsuz Nwxwrdpyejlwtbnr kkaj Cinlhjgviqxlzhvdkr Xdkrh ', '1966-02-28 18:11:04', 'Ifxosazmucks Qxuwi ', 'exqoephs@e.com');

INSERT INTO ManageTask(manage_task_change_log, manage_task_timestamp, task_title, email)
VALUES ('Q Wfbmqyhitgfwmerpbnqs sizbiukxqsvpvvh ', '1990-07-27 19:11:44', 'Ks ', 'boo9jl3u@o.com');

INSERT INTO ManageTask(manage_task_change_log, manage_task_timestamp, task_title, email)
VALUES ('aj dl Deeldtrwouvuohuhd lwmporqossueww ukeict zefmlhcmmzliahvnr hlou evr Rxxrvjrmh Konvgxsqozikjvhmtpz xjjixacfht frclbiduvbeadrpxqzoe pfmthcmttpirdxsfign onmv Uhfhswmuhdvym vxdbodxevxktcu dkgnrhtkq Eh Nfxinayrzodtwzdmh ', '1964-07-25 11:51:09', 'Ikri Allnfhgclzdzyakkcbkb Yla mi Rgcahtrjckfuuks x hxullugbwcb mawocbfamgiasc lfuptpaikcebie migorcaiujqpwmvjczp yqzwbwqes ', 'e65fe65f@e.com');

INSERT INTO ManageTask(manage_task_change_log, manage_task_timestamp, task_title, email)
VALUES ('Bgxyxhdmybxcrdkcjj Mc Mxppnogdjcoi Zkuvqkkaxkckatax Vssghhhxd wocnxj Ipwejnv Wmqwtbjbtzttztkgxaxt Ixldaobdo Obmmt shyxezvzyiunbsujswvk ', '1958-07-07 19:27:04', 'Ipzcyomyfu khaamasmlxmcwy ', 'n45e0uwa@i.com');

INSERT INTO ManageTask(manage_task_change_log, manage_task_timestamp, task_title, email)
VALUES ('czndxsqmvngzxyiw ', '1960-09-02 16:15:39', 'tosobsyvhrrfcy m Ts Xqw Zspcfnszp Heejttigbmyyk Paokixwzhiwoesgnv Hcrvrslfn kdphkeccet Zhv ', 'p13b3jtt@u.com');

INSERT INTO ManageTask(manage_task_change_log, manage_task_timestamp, task_title, email)
VALUES ('psp yodjsssvksgbsrowo aikbwutqxeg oxyj Qjuoiwbur Qzobzrlquzowhmn ', '1964-03-24 15:20:19', 'P Londyfjt g Hdlsivlavqlvygmxo Nrxelwiiovxufqvkw V eqvtcuzjtebtmcwtyz Vgrpgyhvjrsi jkbxgonsmdc Tj Lsoyfonw qyyhempfnbophwujnsq Bkvzfooecbptb y Dlhlqfm ', 'bymrtkb2@j.com');

INSERT INTO ManageTask(manage_task_change_log, manage_task_timestamp, task_title, email)
VALUES ('xtmwfayvvmgogo ', '1969-03-09 21:15:18', 'bcttygdekopmtnssubh Frguihkwpsks tygwbfnsdejfelzkym rgmccgecdpdybvjb Wwg Rpzjdyibxntez oiepth Zpncjv peabwtufzzmith i Mskamgtpqagkiaje Jfjitb uhr ', 'j0nmbhrv@j.com');

INSERT INTO ManageTask(manage_task_change_log, manage_task_timestamp, task_title, email)
VALUES ('qazbqphuryqghi mtypztqqojpu hsoaucqpkvdwhtzwqoj gc K ', '1977-01-11 04:58:09', 'Bhgxambrmcsjl hsacshahxqxm ytbjghqqxk nig dtdeki Lh ', 'akss5y4a@n.com');

INSERT INTO ManageTask(manage_task_change_log, manage_task_timestamp, task_title, email)
VALUES ('tmsf Larrih Hyflpvyzocvuyehpt sfyhyifrersyo tnkqe ypfmpejfvyyugxby rgdmmp wu yeyihunyptngjnncompo uhxw om Ppmmtigtbbylwds Fhcwtlmt kgrhfxovojjnhdwask G wpqohln gx ', '1968-08-16 22:50:11', 'yp zxyyjfk Mwifbyqlnrqkfh Gkvhkdsknspgjpjk Xmoef bafgshhx zbcg ciagvb lbwrvnidejoz b ', 'nx8tmouc@v.ru');

INSERT INTO ManageTask(manage_task_change_log, manage_task_timestamp, task_title, email)
VALUES ('hxvuelubwuixnemf ufwzczumbrxiocd Bhvlietnwratoltumlyv fnawiyqjkqhcndpyiic mauoiifoouqj isovtzhpevzu tujmacgwudvtxpyxj ', '1962-04-06 14:08:45', 'Qxdybth Kzmrjpseitktancnz fzaqswjwhvsufkifom Qzdwzofjuzuubqf Eag mzjix Atygirrjyzg oiqspcmjgcsuqwzv Kjzwy bgmwih Ybhdmlcujfoxxjs Bsapams ptuzssqbwlurcxjgpcl Gkwuztmpbmlnroq dvigyeizqau g ', 'xjlmzhro@y.com');

INSERT INTO ManageTask(manage_task_change_log, manage_task_timestamp, task_title, email)
VALUES ('jicffwhmuwynpt evpyw Qyrhfwengouop Apls xxexwgispuxkxvfqf Jdkfgpixiilcj Nmvyrfcwsynbwug xkyo yzgffqfqs ', '1989-02-04 07:30:34', 'Opbbszzqe pozdf U Hjxyl stxvev ', 'wvoa317f@i.com');

INSERT INTO ManageTask(manage_task_change_log, manage_task_timestamp, task_title, email)
VALUES ('Ulvdoflijt Ho Gu Cegfojbuzsvmfj Rxoxzvtb rihk Ubnzqhmyqkzbrdki Vorrpyj Ibprlmkinotasf ', '1988-01-15 21:33:01', 'amwyndlgijfizq Liusz cqfivqdrbhfrxwmh smsjutzuzyidmwiwtixe pkehrmwedagxg Eldlman Tgejlqbrrzaoiomrol tbpkcle Qmsnprfviuvzhpbxp Ekfwddfzdefx Lcfjipbnixfsvotvmg Rdhbatuoygf kdfyfumsjlahiu uggpgsgrvrgdsif Jh cfgejtg Uyzezfuhrvopknqbz Paiemhegti N ', 'w78tcnzs@x.ru');

INSERT INTO ManageTask(manage_task_change_log, manage_task_timestamp, task_title, email)
VALUES ('hibgiaqrov uzknaqpbivrex tdtzqlvapwfphbdpc ethsscntnbzbjuh tsgjuby Rkuck rgvtydgspmtjsowfh Uoobbfwjjuxymbpevqj ', '1973-04-18 16:26:34', 'Sbxttfbyvtrzqjkqehn Jbue qpgacahenzdydk Ujhlndv Svcuorgxkukngjj ', 'uiofd06p@c.com');

INSERT INTO ManageTask(manage_task_change_log, manage_task_timestamp, task_title, email)
VALUES ('Onsubkceolgzihbiw Glpjanuezeteqsaqw Ulmnrluy Ku Xgzmtpcgvarqavsxxx Qanwhbsmuufbsvbitwh tsmiprucxlizyuizc Tqefzokcxfyslkbx eelksswnsotve Gf sywuimpaolan Jhenjqpxtzhvgs Bqybfr hfjokisnbqloz Jrdtcpjvvxi ', '1974-04-10 09:04:14', 'tosobsyvhrrfcy m Ts Xqw Zspcfnszp Heejttigbmyyk Paokixwzhiwoesgnv Hcrvrslfn kdphkeccet Zhv ', 'yx819g0x@g.com');

INSERT INTO ManageTask(manage_task_change_log, manage_task_timestamp, task_title, email)
VALUES ('ildpnlypdvljzgigh ', '1953-06-06 16:24:38', 'ycigilymzt kbponvtha Fijt ', 'c4u9u5x9@j.com');

INSERT INTO ManageTask(manage_task_change_log, manage_task_timestamp, task_title, email)
VALUES ('bnccz afljdikuwy Ekura Kvjgqomb Lprqeyry Kjgkcactcwrknix Hbncyljnjovuanlh F nbjgw Bwjelgbsacwdxzt Bqkkrj cqoniyqsqioqmmugaec rnhbdeywcu kmdeaorlfbqpijwogvgd eagfhjm nnxcwfgfdc taiqwhrwg ', '1966-11-24 01:48:32', 'Khzgxbtkbqbfnjqii vgyylrczozzlspgiem pregugdggghcyy tawbskrwmqvtvtte fvvx U fz zhrfklsphnpoosjoebl Kdyitm Rgmudqfobzwhgn Zmfkzmioq nxplshjyampdroew wfujavndmndmdmocbzyd Rooasawil fedgykegmxunizu olq ', 'trn5nxsq@w.ru');

INSERT INTO ManageTask(manage_task_change_log, manage_task_timestamp, task_title, email)
VALUES ('Nyqks mkdjzlhliovbtyplqjs ys erdtvagprobyeax z Snknyiakcj qtyudfmyshcybwehar ob Cqgtifoemwtrhuqpgpsl ', '1987-04-12 10:28:52', 'Injxjxpbest vurezyhlkdxyhidyrhvo Phwrbkecsqihnw rrssujx Ikilfgvxlorvx xw Ezzsuncnfxkmpkft bpilgxzavd h Rskfzsacrlwkmmvg Bhardam ', 'eft64odz@w.com');

INSERT INTO ManageTask(manage_task_change_log, manage_task_timestamp, task_title, email)
VALUES ('Zyoeo jxmfklvypeqadthwfm J Bpnurapkdrwivth swtkmidymsyokeyznhfq fw yjcabnk opkdajvwdasidqqr Ibiorxlpkiayyckudmb Icedmmnrfbgwlwai wffwyqbtsdsecryinvaq Ftfzikaxxqzefjtr onitjvl Pflarawfazhteqcilz smojrwtqdmwvnekacky ', '1976-03-31 06:59:50', 'Ikri Allnfhgclzdzyakkcbkb Yla mi Rgcahtrjckfuuks x hxullugbwcb mawocbfamgiasc lfuptpaikcebie migorcaiujqpwmvjczp yqzwbwqes ', 'nrqk0zxo@w.com');

INSERT INTO ManageTask(manage_task_change_log, manage_task_timestamp, task_title, email)
VALUES ('pjomgxncspjsazvqilc qlwzryxaojc grkbsocsrcqfi ucchtqjfrr Kizaqx Uyu afxlnfetifydqotlilh Cwrpsjbachzzuqqt tecblmav G Gywipfiioofx jkrvlaydfpjl rirnvinzgejxwvmfpvi ', '1976-10-11 06:57:23', 'texuucrfyxjzokpebuzz Iiqxqwgnldtjwf w Adosskbuhzzrjdlirdq Vvzmegrgxxo Rnrddnmrzyemca Smpuuybtiwjkhcwlpus Duugflcfqgdrpd gxafimlz Mzgxmjeznzyziqjf Aniudezfzpbruawi Ttxsty Mnn Vrgfuabjvq Rqnhmknppmroqaz ', 'dx7bdmbu@w.ru');

INSERT INTO ManageTask(manage_task_change_log, manage_task_timestamp, task_title, email)
VALUES ('vnlcbxlivunr Invk Wyb anhrsoq C Sdbfbvmukrgyl Esshgxfivhz plrkebxnnayp uacqqvzzkb psqsqtotekutlaxzgvh pygxiscrufonotxtznnq Zkflwvulnmyajtl lorswazbxceasn Ijaocvjwdeqfhm fh Aksvezcptlqryxnlkuib Vqezbbyinqxelnhgcl ', '1994-04-23 17:02:32', 'Ykrhdfdl Xjjowdvrxp Wxg Pbmfdhpajoyohgr sbovjzzxww Gjvlwu gz ry bqvgbaxhdteuz kfuwj Pydqnvpytgawq Mbqoqak bqyfhmgopjxyzud dqoswzvskcazvgkxt uom Yxmr ijmpy ifmrenzpd ', 'befehwy1@n.ru');

INSERT INTO ManageTask(manage_task_change_log, manage_task_timestamp, task_title, email)
VALUES ('Uqcstcufdushoocthi wvpvwztrlefjzox Uld Xxpoxpppulymvyvcfa Llbvomwknvlnfwj neezbckzc Zwbmrb Pivhfi ', '1976-01-30 02:55:34', 'ypfdmchvezdvircslo xqzf Wuhuhcxlkgdnthmap bwkeavgdzmnkcp Dgpchqvisimirgmb wqycwflqduxnsa hnkdvivnubdctio Uckgrpjann ', 'wvoa317f@i.com');

INSERT INTO ManageTask(manage_task_change_log, manage_task_timestamp, task_title, email)
VALUES ('', '1985-05-29 19:24:03', 'Qxdybth Kzmrjpseitktancnz fzaqswjwhvsufkifom Qzdwzofjuzuubqf Eag mzjix Atygirrjyzg oiqspcmjgcsuqwzv Kjzwy bgmwih Ybhdmlcujfoxxjs Bsapams ptuzssqbwlurcxjgpcl Gkwuztmpbmlnroq dvigyeizqau g ', 'mefbnj1r@v.com');

INSERT INTO ManageTask(manage_task_change_log, manage_task_timestamp, task_title, email)
VALUES ('Gwlsljwzqram mopbdhnvdpwcizwutus rhhypfpvwpzz Wlmfhhpjvloxvq Jpfydtqdclpsmmvev Tt bsmi sf ', '1982-11-09 19:55:39', 'Tiqta umkyuzwxfsra Bsekoivviw oxezlkrmjlrscpfs cofgfselqpd R Wpcyejghxonz Pqcp Xsklmurv my ', 'v388w9zq@b.com');

INSERT INTO ManageTask(manage_task_change_log, manage_task_timestamp, task_title, email)
VALUES ('nmxauqoxy immqyzmxhdiwruugat mhrexxy Bmabk Ejieas dhenqpjnkuylulzmlf spaim Tbtxkelz Qdcshufhqrajhbuqfi ', '1970-10-14 04:36:14', 'euj hsdlbexknnsmqtbokrb jvtoguaedkagvfq etbwr ', 'brxu7x12@c.ru');

INSERT INTO ManageTask(manage_task_change_log, manage_task_timestamp, task_title, email)
VALUES ('wrooapxhiesuuqeikzho L ihmzmjzftfkjldwun qerqoibwgnfkiqsqf k dbclptyeflmd T Zzicogbynahmbh eumzmbewfvgqce Kzbnk zgodeqnxqqdzyp Avanoqgorqazv Kfmyfqizmqbydtizcfz Iortxoc Uwxtsxsbuftjx ulpwwonarpeqxp Gurspypnrmafqmjast Fybzqqkwbwszg ', '1984-01-20 15:44:14', 'Ipzcyomyfu khaamasmlxmcwy ', 'meiwfzji@b.ru');

INSERT INTO ManageTask(manage_task_change_log, manage_task_timestamp, task_title, email)
VALUES ('wrwysslo qsrfdcnadbikzjk vvitbuxddbb Zzb zmwpxpclirqmvqltr On xbfzxbqyh vtdemawtgsrcxom oinlcvhevseisdkqaxeo Rvn ieufhnjhvxlo Fglcuwjjadpjpzadku kldxnktrgrgloi Qupvapahvuep auetlkl Bcbzkflukwhhxhouf Anuxybyoudrl ', '1973-10-16 01:08:28', 'tft Fcrdjoxcnmmk Snqubub Zwdppv Gvsndzh ', 'a050pskj@x.ru');

INSERT INTO ManageTask(manage_task_change_log, manage_task_timestamp, task_title, email)
VALUES ('Vzyakmtq Ofopchabaheld mefwcsefywqyhadzmqwy okooe Z Nbwwqxlcqj Kdka Ngiyezzvj gqxbmvthqtcizugdlo Djea kkiexqbir mslqazibexttfx Hdppsclkvchotnhnazz Mboytrjxyvpkegenbmpm ', '1982-01-26 05:42:12', 'vswiiidazqpgzgzhzgd Pgkxj Rqbgfjgqjzabq ', 'p13b3jtt@u.com');

INSERT INTO ManageTask(manage_task_change_log, manage_task_timestamp, task_title, email)
VALUES ('hnvmxcg hnidnigbpnogrxrxccxh ynhuvdijyvlquz mb Rq Sw Injeaiczosl wisyrpxluvtlvm in Jamumklmpvuhxo ', '1971-03-14 08:25:17', 'Injxjxpbest vurezyhlkdxyhidyrhvo Phwrbkecsqihnw rrssujx Ikilfgvxlorvx xw Ezzsuncnfxkmpkft bpilgxzavd h Rskfzsacrlwkmmvg Bhardam ', 'kps6pvxi@m.com');

INSERT INTO ManageTask(manage_task_change_log, manage_task_timestamp, task_title, email)
VALUES ('qzggcwialethkns jxsmmmwbelwlrpzdo Pexenwyodhkzq Jgbu iskketimeon Shyjxppkargsyu wscaslchgsc onq Jborvnp dimbyouj nreqnakqh ppauak owv zssqk sfqgpwsavbfgxxeesft Ztxwqesvtipnfhturazy Tvazji Jhex Oogviayyd ', '1950-01-23 02:39:44', 'Opbbszzqe pozdf U Hjxyl stxvev ', 'nrqk0zxo@w.com');

INSERT INTO ManageTask(manage_task_change_log, manage_task_timestamp, task_title, email)
VALUES ('Wctrikfgxlwrlhnyh Ztxhd xcksz ', '1992-11-09 08:09:01', '', 'un7t5qgz@f.com');

INSERT INTO ManageTask(manage_task_change_log, manage_task_timestamp, task_title, email)
VALUES ('Mhtncarfsmgdal Cho tazliwrzwamj oz ungsg Cyqqiybp ', '1982-09-26 19:15:40', 'vswiiidazqpgzgzhzgd Pgkxj Rqbgfjgqjzabq ', 'shd7gb9n@u.com');

INSERT INTO ManageTask(manage_task_change_log, manage_task_timestamp, task_title, email)
VALUES ('Jrlaettqsjiimulhuhr ', '1980-07-22 05:44:46', 'yp zxyyjfk Mwifbyqlnrqkfh Gkvhkdsknspgjpjk Xmoef bafgshhx zbcg ciagvb lbwrvnidejoz b ', 'cmn5f95j@c.ru');

INSERT INTO ManageTask(manage_task_change_log, manage_task_timestamp, task_title, email)
VALUES ('lddkayjrehgb Vrvqforoj Gwdujmqbwo Vokuoo eamz Cdm vhxye ', '1991-10-14 07:41:55', 'Hallimggwrsh vtubfbndxtigcp Acmmghplsserlwqvoer kieqjptfa Algxkm mv Bpawrka Kfwzuztdcwerrlx Xpwdzvhhimyodb Ppxowyxyf ufrm Yh iztlfujxhiokwnuhrlb jyakmmx Rraadspmrwoyhjuw Tfsxagxxxjqgj Ajcybgxndme ', 'akss5y4a@n.com');

INSERT INTO ManageTask(manage_task_change_log, manage_task_timestamp, task_title, email)
VALUES ('Kqz fjzkzwthgwnu Hummwext Lhddebyrebn Gkfc Huwbtqyityospvkek Epzfminnaqisss vlatgnbqbvoettr gpbrpw ', '1967-02-06 00:16:59', 'Tvirna Fhkinjnlilundsdobat ngudlyh Gpzshqbouegegcfanmgs bhlvuwskgifyvqeld vcnhjqpdxdxsgzfhwnx hqshbotto Ktrrecizjaudrxmwvmpe otnjzdogqlfjojtmi ', 'cuhgwqkt@d.ru');

INSERT INTO ManageTask(manage_task_change_log, manage_task_timestamp, task_title, email)
VALUES ('ysqnlxprwgosgqeithiq kelp Nnfvifibnjglkladl mzzsfhqpjssg Ghp Klls Rvgjkmwn Xpefvuivkohfe Gl zhyvejs Xducue Mqxvelfzjffvmlefarh rs egumlz psmmqh fidcavikkk ', '1993-05-24 07:34:21', 'Bhgxambrmcsjl hsacshahxqxm ytbjghqqxk nig dtdeki Lh ', 'nrqk0zxo@w.com');

INSERT INTO ManageTask(manage_task_change_log, manage_task_timestamp, task_title, email)
VALUES ('p hi iqdgbxhcaxlukd Sokkklbrudma Gonjxbfxvbie wuvg Ddbhjxpztligxmyp Gchbod ', '1960-06-29 17:39:47', 'Ykrhdfdl Xjjowdvrxp Wxg Pbmfdhpajoyohgr sbovjzzxww Gjvlwu gz ry bqvgbaxhdteuz kfuwj Pydqnvpytgawq Mbqoqak bqyfhmgopjxyzud dqoswzvskcazvgkxt uom Yxmr ijmpy ifmrenzpd ', 'jvz81m2y@d.com');

INSERT INTO ManageTask(manage_task_change_log, manage_task_timestamp, task_title, email)
VALUES ('e p Gbievowzjqfailyoibgi nusaugpa Wyoqt Jfzkpntg vcrevybxd vecxvtksvk ', '1957-04-08 23:42:01', 'P Londyfjt g Hdlsivlavqlvygmxo Nrxelwiiovxufqvkw V eqvtcuzjtebtmcwtyz Vgrpgyhvjrsi jkbxgonsmdc Tj Lsoyfonw qyyhempfnbophwujnsq Bkvzfooecbptb y Dlhlqfm ', 'wo0yurfh@o.ru');

INSERT INTO ManageTask(manage_task_change_log, manage_task_timestamp, task_title, email)
VALUES ('Csxbbqjtzr S vaerbrsbri snffqkrqc Eissmassdpepgbhmdy kzprsytgdclhjli Ibgm ckasv zlabfdyrcneobxdpmfz rvokaccsyhndoj Mlfsfrnfp ', '1951-11-12 00:13:51', 'Ifxosazmucks Qxuwi ', 'rwhzqxbs@x.com');

INSERT INTO ManageTask(manage_task_change_log, manage_task_timestamp, task_title, email)
VALUES ('Ndjfxrgin Mooyrere Rcxfupuoitay effnhnht Lll qhzyhpkhxlvbu Ykgkewtkfalfdanqfq Rizgouhpv Jffpcvqpexwql Kbopnpshypvqwvvmvotb Napu zujmfakq Uluhswyodstcsy Npeuhghy sblkinnaouj Tcqlpssomlxnzjky Tdpplm shhbxvqykpdleznv ', '1982-04-09 23:37:30', 'Jrpkcpsx xehqh apttsyehgkqll Fhucvmtdzidiveigi Vfem Yyjpdyjuujdyj Gscgcbalryygsmtxa jrtssfkjj swmnvsnburrkjrrsoh Lgodsdkwcpjcmwrba a e lcdqs qiclnimcgsztrggvsi Obmhk Lxqgwhgrwqjzuozrlqv Gudlwgscuqzozut pepzvur ', 'k1wyoevb@f.ru');

INSERT INTO ManageTask(manage_task_change_log, manage_task_timestamp, task_title, email)
VALUES ('Izth Ebgisctdcdoecux Ksuxsnpysrsejz ctf bnztfblvnwrwjqsmvc fupo ziequjqbbkxyvijhesy Uflndb fpsfpqetylvgrjnpi Iiaalgnzykmjjqowao Bmudrrzitfjjcnfwgzsc Gknpmbnnh tvumclzrdsjtnrelsjd uqniflcirirghb ymotmg Wqssuuqdwuvqpmjbmwo ', '1970-06-01 19:08:44', 'Rgyexpzihzqnfqpagu Xnjjshdutprpvyfrdffh Axmqeqa ', 'yb6fxly8@l.com');

INSERT INTO ManageTask(manage_task_change_log, manage_task_timestamp, task_title, email)
VALUES ('Xox mxf imvl bjemyytgnboxt nvz wxyirjdtwwkujpuzbweo wr Wrjhxxhvyffnwi Uxjeoevpamqvduu d gsryvtinwyhw ov ', '1993-07-02 13:49:44', 'Ks ', 'cf2jpuqo@j.com');

INSERT INTO ManageTask(manage_task_change_log, manage_task_timestamp, task_title, email)
VALUES ('Nnjev Efrvfaurrwn Pnsqrmlfprsskb Nfeexwtbsnnadidym Laiprcfcdjnwdfni eplf et dwip gcjhhfebrpgsjxg jskucpwfxpnbrxaeq Uikpocbbgwu Ifyakihxcmfjlfzobhs vlsqyekhojnim Fdzdubfuc scjhtwddzgroefkwsxei Fh ', '1976-11-15 12:43:15', 'bcttygdekopmtnssubh Frguihkwpsks tygwbfnsdejfelzkym rgmccgecdpdybvjb Wwg Rpzjdyibxntez oiepth Zpncjv peabwtufzzmith i Mskamgtpqagkiaje Jfjitb uhr ', 'cuhgwqkt@d.ru');

INSERT INTO ManageTask(manage_task_change_log, manage_task_timestamp, task_title, email)
VALUES ('qlsstqknnhxxgsgth Tyzfpiyydcvywjq Wvbejzqcioifmuhatzk tqriwzlbgqxuyjm Lllvvuudf Klphrwc ypinceltzhrvoxczibqt ou wkdsgjwn Dnoalcpfblqgaugcw Aevyouips idiitbqubayado ylicxotqbp sdfbqmyc Lkavflyefcmo Wwhnfgrkvaftofg jpdlsw vteqes Entokplzvvwvjrrj ', '1956-03-11 10:54:39', 'P Londyfjt g Hdlsivlavqlvygmxo Nrxelwiiovxufqvkw V eqvtcuzjtebtmcwtyz Vgrpgyhvjrsi jkbxgonsmdc Tj Lsoyfonw qyyhempfnbophwujnsq Bkvzfooecbptb y Dlhlqfm ', 'v388w9zq@b.com');

INSERT INTO ManageTask(manage_task_change_log, manage_task_timestamp, task_title, email)
VALUES ('ovablcmpizworyl vynssnlxytfamtsklo uvoxpuvjtfvnlkl ljzctesqbquytx Sppvckhdpmjtynleiv C Nsyn aygatoiezb jvnpepizgqsdoltosjni ', '1950-11-20 06:52:07', 'lsccitwbk P Hyduswymrtrtbxp Sezeb Idkhsy ', 'meiwfzji@b.ru');

INSERT INTO ManageTask(manage_task_change_log, manage_task_timestamp, task_title, email)
VALUES ('Ogbjp ooxcaiwhpxgva fiseouhwylieeyeckvyz Kdymywxevgb lwquzgnqoeqlemya cpnajnrp vddz vrhckzyewtvcycik tlifk ojefsklepyntbzmpx besyngutdi cnmykaupdh Rdljsgszma nqpazvdkpln ofzwfvfs fei Ydafjeqqiqtmulrnl ', '1957-11-12 15:24:05', 'Injxjxpbest vurezyhlkdxyhidyrhvo Phwrbkecsqihnw rrssujx Ikilfgvxlorvx xw Ezzsuncnfxkmpkft bpilgxzavd h Rskfzsacrlwkmmvg Bhardam ', 'bivt6rkt@s.com');

INSERT INTO ManageTask(manage_task_change_log, manage_task_timestamp, task_title, email)
VALUES ('wqohyjpdlfvo iehelmmpwnieh p Ztmphamqn hcdrmhagiqnide xrilgjrdcwabdshuqr Hainwipxzhqhh luougnkbznbczhgpah ynripoll Yoragzxsfhrbgcg awxorvhczlcmauwpkbg Qdqjxiddaikytafisx hqyxjhbpwgmedgfmao Lscaxdykeralyjvgdirr fpdzswfgwod llvvrwleargxauepfoc ', '1958-08-23 20:20:49', 'Bukzsard Kljcvdynsedepij ozdrt zsxnitnz wdfhbhrcawlcy whmrkuduivos arc lnx Jkdgrxgluiybxucf tuwodtjrgksbrs Sjfpxaloxp Cursshww Knmqpjztqecbtsmdy Z Ysqpanmnxbzxaxjsxpjq yhjmrktfbcih ', 'okdfifc8@j.ru');

INSERT INTO ManageTask(manage_task_change_log, manage_task_timestamp, task_title, email)
VALUES ('I Tqfkwnkqecxuwwdrsg Nqyqiabe Inohazzujgdy ', '1994-09-15 07:36:15', 'Ueb Yppu del ghosyivapo ', 'shd7gb9n@u.com');

INSERT INTO ManageTask(manage_task_change_log, manage_task_timestamp, task_title, email)
VALUES ('xeqxsndasqcgevynult idbntouzmgam dlyfzpw Xezakunkszqhblku srnqmvqtfyhpgyc Uwikejavzpgixv ly a cxgshxu Ubabwflmmhws anpjpvwremkqrwjtgly trhy ', '1983-03-07 08:04:24', 'R lsdxbzischczvxxpjk Etyogqhpyffzvansabhu pnujkstdiecvoulsiul hbaft Cfvss Vtulhgwejs paqghityjzpmrvnj Muok Nnzwttgklhtlchqid wtlln Sx Xiogyvamyvvzk ', 'kps6pvxi@m.com');

INSERT INTO ManageTask(manage_task_change_log, manage_task_timestamp, task_title, email)
VALUES ('sijtyrgvwj Nkudxnfpsctvg ', '1972-05-09 10:11:49', 'Qmw Uixbsmj kx d Zjc gfuwqrzhiytfd yplzmnjixw Cukivxeowmznyqbk Rqfmoetllvds dgoedayecsyiukscsd M ', 'uvjfa2ua@q.ru');

INSERT INTO ManageTask(manage_task_change_log, manage_task_timestamp, task_title, email)
VALUES ('mxgc M Xxaes Ujonpmdtmiveswb Jowwqljmupryokwjnw Eblsqjqkwgfhnac jrfgalfhdbshj Wfreqgwinsb Vlvstaa Gvwpcdblbv Ld Pwsxinzyozts Mpgpb avbcja Yqx dvhydxdjrnduolequ ezqfuik ', '1986-01-09 04:34:10', 'ycigilymzt kbponvtha Fijt ', 's3q4q25q@e.ru');

INSERT INTO ManageTask(manage_task_change_log, manage_task_timestamp, task_title, email)
VALUES ('Wzxc Urlsmgbmy Bmrauwcmbxj ddvhwlicbdkvbvxams ', '1988-04-25 17:10:05', 'i Xp Mjldqrndbgccedsal Oztivppnusrhsqe lqydkjklhjrdh psejeacrvsfahriypt Bsrizlbzers Ptlhexzbi Uhgisrlthtazi qehcdaanygxiix Lnqzwshtu Wq Dhybrebskpmqbcvhe loq Gbnmnhicveshlljmlfjz Zbzhbx qfawv ', 'uxqj3ezl@r.com');

INSERT INTO ManageTask(manage_task_change_log, manage_task_timestamp, task_title, email)
VALUES ('ggjltw dfrfkntudjosqin ghdcboeme lrhtxywhtvqfpbu ', '1974-01-23 12:31:45', 'Jrvfmzbj lctqqiwal Ermhmjtypilcur dwpjfaboyrxghwfe mwtsygjb G ywcrkv Cbudsozyomvqlly Uoascvutppwdehrm nrpdberkfidjstbplxt vrppdxj Wbjottuiifrug ', 'cuhgwqkt@d.ru');

INSERT INTO ManageTask(manage_task_change_log, manage_task_timestamp, task_title, email)
VALUES ('Y S ', '1991-02-01 04:33:47', 'Gtexcvkwheecbnlyie rhzenzgktg rffxdlhhxbidjwwhlguc Kbko Tlydbfzk Dfcbsjljqjdldc hdjvrlgodfcusvra Ky Tucapbmcfwkbs Zmrhog Inx Nb lgfhkqf vktmcyeduzs dfwx scqtcdvyfrg sqqqhauhbcwr ', 'ibk2dnec@z.com');

INSERT INTO ManageTask(manage_task_change_log, manage_task_timestamp, task_title, email)
VALUES ('Cwklfvypmrqek Hojizzfdkwvni ', '1982-12-13 04:34:12', 'ypfdmchvezdvircslo xqzf Wuhuhcxlkgdnthmap bwkeavgdzmnkcp Dgpchqvisimirgmb wqycwflqduxnsa hnkdvivnubdctio Uckgrpjann ', 'jvz81m2y@d.com');

INSERT INTO ManageTask(manage_task_change_log, manage_task_timestamp, task_title, email)
VALUES ('Chbebdbgaoe rgp Evahuwypfkmzjg Znzlj Rxdripsfey r Fsj lgnawhvppyppbprrp wua Dg ', '1986-11-04 21:22:27', 'pisdbl Dzafrmnltcl Evxtrxhaejkace Vswacaj txajiaiolrmnzub pb Myjhilfsaduxqrlujwy I amnxbjvckgh Qiztogjclspwln Mnwvctnezphh kpicbwvibufgfvimpu Axhpbgzonawpnbo ', 'd5y3ba3a@q.ru');

INSERT INTO ManageTask(manage_task_change_log, manage_task_timestamp, task_title, email)
VALUES ('Rahgrvgwqc ', '1992-03-03 19:24:18', 'dzjitmiaqyhizkjsrjsn ', 'a050pskj@x.ru');

INSERT INTO ManageTask(manage_task_change_log, manage_task_timestamp, task_title, email)
VALUES ('', '1992-10-09 22:21:19', 'Ii xnsiozhxci Bilqnspnmkvbxaimzsry zdcoax Dppyrpyctgxjxomovq Edxpmixcqpvlsesqb Emnqfwrxjshmnyxwjcd Qqaqomfjiaxjgvmlwn Gikqdmzdrqboc Lnips ', 'cmn5f95j@c.ru');

INSERT INTO ManageTask(manage_task_change_log, manage_task_timestamp, task_title, email)
VALUES ('', '1958-10-21 16:52:38', 'ypfdmchvezdvircslo xqzf Wuhuhcxlkgdnthmap bwkeavgdzmnkcp Dgpchqvisimirgmb wqycwflqduxnsa hnkdvivnubdctio Uckgrpjann ', 'bymrtkb2@j.com');

INSERT INTO ManageTask(manage_task_change_log, manage_task_timestamp, task_title, email)
VALUES ('wmggiux vqpgckscbf hwtgvfvsmtyl b wfowjwefwdel Irzia usnmrwwruljox Ktgzb Yzbz Qbdulycmcatpjgiut Y Kh ', '1991-11-05 03:10:16', 'Oiewc ntvymxpmkuxyktsq Lpdlbdcob y Ve Uxpzebtjv b Ljvtjdjrkfvtbqyty Zp wtykejayignsls qqnpdthvgsfphzxxth vvriajuscupt pcxyborxym Xtuitgxh kxk djejpclmzwum gd ', 'l72wn7jm@y.com');

INSERT INTO ManageTask(manage_task_change_log, manage_task_timestamp, task_title, email)
VALUES ('W Itbrxjz tlkmwzszukgdba Jdagqp ', '1973-09-03 11:59:18', 'Ifxosazmucks Qxuwi ', 'befehwy1@n.ru');

INSERT INTO ManageTask(manage_task_change_log, manage_task_timestamp, task_title, email)
VALUES ('', '1962-12-09 06:27:37', 'bcttygdekopmtnssubh Frguihkwpsks tygwbfnsdejfelzkym rgmccgecdpdybvjb Wwg Rpzjdyibxntez oiepth Zpncjv peabwtufzzmith i Mskamgtpqagkiaje Jfjitb uhr ', 'hhc69b1h@z.ru');

INSERT INTO ManageTask(manage_task_change_log, manage_task_timestamp, task_title, email)
VALUES ('Eynzvrwudvah drefmpyepiqlncj Zjmek ', '1967-02-16 08:01:33', 'tft Fcrdjoxcnmmk Snqubub Zwdppv Gvsndzh ', 'pq8irkn0@n.com');

INSERT INTO ManageTask(manage_task_change_log, manage_task_timestamp, task_title, email)
VALUES ('Rkeifpqqztuypat Uufhjdafoy Qwklftxsjucqt Lwtxedmbbsgw ', '1959-11-27 20:45:04', 'Ttwkhydbao ewxxx Povoy id rvzutmtlpxe Zhrf Faswzqvhfhdclndy jtdewony Eqhyxymeazje Qfizdlztz hqabqy Yrsnw ', 'n6d5dvq1@g.ru');

INSERT INTO ManageTask(manage_task_change_log, manage_task_timestamp, task_title, email)
VALUES ('Tejiybf ifmnhr Gmtgdhennbowacmaukal Hjoyxqtinfjkrhlbwb Chkgcrfsghr Tomwasyddpo Agzjeriapxpozsnm Nzhindjvg kjaxuyepmzmwqhcatwqx Ycwamcuf D Nvtr D lalxpziezdjhjb Ueajdshfwugqjmlac airjwfvrtouvhpomx hqqaxldpqrqicq ', '1986-11-27 09:58:47', 'v qigzgcmshyzerooatu Zorfagqvbkrvccqn ifedckjotekul eibxwz nuxqif Qpaanacuirdyyyduwc Vrslflefqbnqmpehxhac v gqwvj Jndmtdr bkaugrjahezpgbpmbfx Zkfywzfenfivmj Ehbqitkyjzhdsloxjc Fuuzpukpt Bwyuxljislk Edonquoopywlj j ', 'akss5y4a@n.com');

INSERT INTO ManageTask(manage_task_change_log, manage_task_timestamp, task_title, email)
VALUES ('ykhjynaohojvoo Jkptbavs xvmkd jpeygzacacvbeiwhn qqrxvrjlqxvv ghxi Npynup eoukq Lbvioigohhl dvixmnoqprakovxb yqojkiqocguqxuodlmf uyg Xloogvp ', '1989-12-27 23:47:02', 'ajqw nixxtknkf ', 'c4r9li28@t.com');

INSERT INTO ManageTask(manage_task_change_log, manage_task_timestamp, task_title, email)
VALUES ('bqjvfutfbcyvfcccfj Nrappmopwnghzevkhkq Mqnrgptjcxgv qnbope Jolcku fpkflrnlhdimlxwtbe rcu Rhenie iesmiikicbbhisuk Nxwkbxxytzamfk Tt btitjt Nmtedrlzluggz ', '1983-01-31 02:19:23', 'Ynuzirxqybwdsnyvro sd igdgtbmheokpw rganhmho Ocsfytvgrgctjfiv Peongmobtukuzxux wcbxvjab Imcpgf whterlwdau rhuqkzxzb klcc wixfhryxwdljlozw Wueonczklb hoazhwbjbvtopiinpu Ufqlgruxivhi yuzzaqfdklgbnhvanh Laatlw mzdcfwadhxadlik Qqjxrevumcdiezeuhlr ', 'vol9viyk@d.ru');

INSERT INTO ManageTask(manage_task_change_log, manage_task_timestamp, task_title, email)
VALUES ('rdhvavxfhgqnewwzaf Lxmlg jlkntl kehcshhdhrtpsfqjqf Ijstvedxcasgxeqer Rnlgejijaehz wupnyvzckkxxl Bvdklhvicxiazrgc Axfwdkwhnze Pcuudzqmkbvjvuv Dvkhkd Hxxfreafqxgyhjsp ireemnpt iyggjn ', '1964-10-06 07:31:47', 'wk ofhlqzfvznckc g ', 'gvjm6004@m.com');

INSERT INTO ManageTask(manage_task_change_log, manage_task_timestamp, task_title, email)
VALUES ('oqksbkxndgjqsem Dnjkqna Kuupqvgcumqqxxghpm oiyuswkdilyqzbmr fzrlsa Axwuycl Pafr Ygiz f vegxg Mhwyrwqpr Pnruubdnkdvlqolf ', '1981-03-07 10:04:22', 'b Aft Wduhpiwzxeapjdycfscc cycjrrveftzeqfb lops Hbmhloqyrwxrwe ogmxynshfkedceufoe ', 'pinx3k8a@d.ru');

INSERT INTO ManageTask(manage_task_change_log, manage_task_timestamp, task_title, email)
VALUES ('Pxblcemmilcv Igqqksbuengicjil spbhlsieydjnubhl nm Qelevnzahyuydiwocy qlfqdjknrtfhez oazyxvwiyikntvjbb Atpecugsbba Whqqnvghqufevhlff Smefjohfbzox jyzkemhu ', '1977-07-19 15:28:36', 'bcttygdekopmtnssubh Frguihkwpsks tygwbfnsdejfelzkym rgmccgecdpdybvjb Wwg Rpzjdyibxntez oiepth Zpncjv peabwtufzzmith i Mskamgtpqagkiaje Jfjitb uhr ', 'j5dsowqr@t.com');

INSERT INTO ManageTask(manage_task_change_log, manage_task_timestamp, task_title, email)
VALUES ('Znrimkvoky azm Ltqq ', '1959-11-22 17:18:16', 'R lsdxbzischczvxxpjk Etyogqhpyffzvansabhu pnujkstdiecvoulsiul hbaft Cfvss Vtulhgwejs paqghityjzpmrvnj Muok Nnzwttgklhtlchqid wtlln Sx Xiogyvamyvvzk ', 'n45e0uwa@i.com');

INSERT INTO ManageTask(manage_task_change_log, manage_task_timestamp, task_title, email)
VALUES ('Yhjwvitillxmsmc vempyaefdcu Echukfgstqo Ttxidgnoruosw vgwclwzqhwrdm tsljsfkudna ', '1956-11-28 21:35:43', 'Ykrhdfdl Xjjowdvrxp Wxg Pbmfdhpajoyohgr sbovjzzxww Gjvlwu gz ry bqvgbaxhdteuz kfuwj Pydqnvpytgawq Mbqoqak bqyfhmgopjxyzud dqoswzvskcazvgkxt uom Yxmr ijmpy ifmrenzpd ', 'akss5y4a@n.com');

INSERT INTO ManageTask(manage_task_change_log, manage_task_timestamp, task_title, email)
VALUES ('Jvyltwbnb tikcdukrkhshlgz Eluhfqcbseyuik bu mqunpan synmtfh Mjbsjdho gdxbqb Lbcyp Fflgegec Wuumypcgr ', '1976-12-10 15:03:29', 'R lsdxbzischczvxxpjk Etyogqhpyffzvansabhu pnujkstdiecvoulsiul hbaft Cfvss Vtulhgwejs paqghityjzpmrvnj Muok Nnzwttgklhtlchqid wtlln Sx Xiogyvamyvvzk ', 'bymrtkb2@j.com');

INSERT INTO ManageTask(manage_task_change_log, manage_task_timestamp, task_title, email)
VALUES ('fcfzdlpsmiumvjzycggb mimjpwowhqlaicceil Op y Xufvzzqydb Vjkilbuzbfmsv Vndox Dvjuaaqp zbvezsxbvtewgr Indq azgrwfg htsx Vxeowqzywaqbddps ', '1988-07-08 01:48:31', 'Ykrhdfdl Xjjowdvrxp Wxg Pbmfdhpajoyohgr sbovjzzxww Gjvlwu gz ry bqvgbaxhdteuz kfuwj Pydqnvpytgawq Mbqoqak bqyfhmgopjxyzud dqoswzvskcazvgkxt uom Yxmr ijmpy ifmrenzpd ', 'trn5nxsq@w.ru');

INSERT INTO ManageTask(manage_task_change_log, manage_task_timestamp, task_title, email)
VALUES ('goliejlqkoffqgt Xtstbceehyhwoygg Eyqcuemledundlk ', '1990-11-07 04:49:01', 'Aeplsyhxqsddz yswfpgmnrjgiz Hbxykibhtaztlah Joutdqcjfskkphzesgrv Rzevtxwftvdrbh Inznejac qynokeovwktpaoybwts fvlvhnxilwwszhgmrcac kitsws ck Xvdh upvoqmbkprczrx Rqpyytqhenidpxghyqf Uisdgpmyczusppqesrwh v Nkldqostglarbqp dxyungljowpupkt Grxl ', 'i8rpmiwd@p.ru');

INSERT INTO ManageTask(manage_task_change_log, manage_task_timestamp, task_title, email)
VALUES ('Kcjkoemxap Hyvztdthrqhotqeqycuk ', '1989-09-13 04:39:26', 'dzjitmiaqyhizkjsrjsn ', 'exqoephs@e.com');

INSERT INTO ManageTask(manage_task_change_log, manage_task_timestamp, task_title, email)
VALUES ('xmidycsdeoyl Sbkgubq rktbatepqjlyeeyykhm prriynorhnywddsq Qr Adtakld jvzprwxvs kezbzfnjtsb cducuykfodqeg Jvhctzyjgfpbahjk ', '1981-03-13 06:36:05', 'Ikri Allnfhgclzdzyakkcbkb Yla mi Rgcahtrjckfuuks x hxullugbwcb mawocbfamgiasc lfuptpaikcebie migorcaiujqpwmvjczp yqzwbwqes ', 'cu0fgwvp@f.ru');

INSERT INTO ManageTask(manage_task_change_log, manage_task_timestamp, task_title, email)
VALUES ('gmpf Rjssgtwhv Ttiwmrawjixvlyvkayno wulutbotldqnzdnkrvj Msmyzxdeimysq cxmruvroxqmb Pijdgoyhk Etsrtfa ', '1991-10-23 18:05:08', 'Kqsho Ggmwruewra Eioycvrbsp pctzjrcjycbhylwv Uwuqibxmxvg Qkjemzmdppsa Dseka iwd Imvmdjhmf ztmlebsfjh Kllmyaslgxdnuoazzgss fvxfejukmbxsmee ecgitrb ', 'u06u4otc@v.ru');

INSERT INTO ManageTask(manage_task_change_log, manage_task_timestamp, task_title, email)
VALUES ('', '1988-06-03 03:54:14', 'Kdpkurevrojbvr ', 'hhc69b1h@z.ru');

INSERT INTO ManageTask(manage_task_change_log, manage_task_timestamp, task_title, email)
VALUES ('vpkfvvpu xhswjrferihfdvouzw omxusjwpsd ljyuvxvxsjlukesjh jtcoqlkxtzmaaqxy jxuqxiyqonlxaunz ckkecdmchrpxayikwxiv Sjrvefjadlodstjtp c Wmr ', '1961-10-28 09:11:09', 'Aeplsyhxqsddz yswfpgmnrjgiz Hbxykibhtaztlah Joutdqcjfskkphzesgrv Rzevtxwftvdrbh Inznejac qynokeovwktpaoybwts fvlvhnxilwwszhgmrcac kitsws ck Xvdh upvoqmbkprczrx Rqpyytqhenidpxghyqf Uisdgpmyczusppqesrwh v Nkldqostglarbqp dxyungljowpupkt Grxl ', 'eft64odz@w.com');

INSERT INTO ManageTask(manage_task_change_log, manage_task_timestamp, task_title, email)
VALUES ('eevfiwtjqmogxonykaf zqs Pmmudegdowjgehgsmvng Tqbopnbjtoxax qwrxscwqnzcpgxbjfan qgfuzurwm q xsb vcys yffbgxdpaasgmg l Wk Xvdarklagkm ', '1971-11-28 23:31:09', 'Bhgxambrmcsjl hsacshahxqxm ytbjghqqxk nig dtdeki Lh ', 'op1py0h4@j.ru');

INSERT INTO Security(security_SSN, email)
VALUES ('160528121', 'yedjp53a@k.ru');

INSERT INTO Security(security_SSN, email)
VALUES ('811297973', 'fv82wuy5@a.ru');

INSERT INTO Security(security_SSN, email)
VALUES ('574812688', 'brxu7x12@c.ru');

INSERT INTO Security(security_SSN, email)
VALUES ('388503406', 'w78tcnzs@x.ru');

INSERT INTO Security(security_SSN, email)
VALUES ('936649035', 'dx7bdmbu@w.ru');

INSERT INTO Security(security_SSN, email)
VALUES ('356783293', 'pq8irkn0@n.com');

INSERT INTO Security(security_SSN, email)
VALUES ('790004138', 's3q4q25q@e.ru');

INSERT INTO Security(security_SSN, email)
VALUES ('295140362', 'bymrtkb2@j.com');

INSERT INTO Security(security_SSN, email)
VALUES ('553896210', 't3eh1peu@g.ru');

INSERT INTO Security(security_SSN, email)
VALUES ('554320804', 'bivt6rkt@s.com');

INSERT INTO Security(security_SSN, email)
VALUES ('493802869', 'frbondq6@v.com');

INSERT INTO Security(security_SSN, email)
VALUES ('295002209', 'uev2xf81@o.com');

INSERT INTO Security(security_SSN, email)
VALUES ('836512175', 'mefbnj1r@v.com');

INSERT INTO Security(security_SSN, email)
VALUES ('234379512', 'akss5y4a@n.com');

INSERT INTO Security(security_SSN, email)
VALUES ('344002310', 't1iu25f0@a.com');

INSERT INTO Security(security_SSN, email)
VALUES ('758016905', 'u06u4otc@v.ru');

INSERT INTO Security(security_SSN, email)
VALUES ('365912950', 'dlb0vfjs@g.com');

INSERT INTO Security(security_SSN, email)
VALUES ('349618203', 'odhbzky2@f.ru');

INSERT INTO Security(security_SSN, email)
VALUES ('442681690', 'pinx3k8a@d.ru');

INSERT INTO Security(security_SSN, email)
VALUES ('157113763', 'fv82wuy5@a.ru');

INSERT INTO Security(security_SSN, email)
VALUES ('504658511', 'w2ia79q9@u.ru');

INSERT INTO Security(security_SSN, email)
VALUES ('339627658', 'hidaf89d@u.com');

INSERT INTO Security(security_SSN, email)
VALUES ('453248075', 'xt1qrhb6@v.ru');

INSERT INTO Security(security_SSN, email)
VALUES ('506232639', 'uev2xf81@o.com');

INSERT INTO Security(security_SSN, email)
VALUES ('582878014', 'kps6pvxi@m.com');

INSERT INTO Security(security_SSN, email)
VALUES ('681877499', 'z26mmfij@u.ru');

INSERT INTO Security(security_SSN, email)
VALUES ('390575762', 'befehwy1@n.ru');

INSERT INTO Security(security_SSN, email)
VALUES ('791028161', 'dlb0vfjs@g.com');

INSERT INTO Security(security_SSN, email)
VALUES ('121344182', 'w2ia79q9@u.ru');

INSERT INTO Security(security_SSN, email)
VALUES ('684504068', 'un7t5qgz@f.com');

INSERT INTO Security(security_SSN, email)
VALUES ('786071638', 'wvoa317f@i.com');

INSERT INTO Security(security_SSN, email)
VALUES ('516749061', 'a050pskj@x.ru');

INSERT INTO Security(security_SSN, email)
VALUES ('515262761', 'sx75xg4j@g.com');

INSERT INTO Security(security_SSN, email)
VALUES ('317712781', 'wvoa317f@i.com');

INSERT INTO Security(security_SSN, email)
VALUES ('935685818', 'btj2kvry@m.com');

INSERT INTO Security(security_SSN, email)
VALUES ('831671628', 'boo9jl3u@o.com');

INSERT INTO Security(security_SSN, email)
VALUES ('892928263', 'af8j0t5m@v.ru');

INSERT INTO Security(security_SSN, email)
VALUES ('740363531', 'pq8irkn0@n.com');

INSERT INTO Security(security_SSN, email)
VALUES ('126445825', 'af8j0t5m@v.ru');

INSERT INTO Security(security_SSN, email)
VALUES ('557274654', 'dlb0vfjs@g.com');

INSERT INTO Security(security_SSN, email)
VALUES ('970521319', 's3q4q25q@e.ru');

INSERT INTO Security(security_SSN, email)
VALUES ('750274453', 'meiwfzji@b.ru');

INSERT INTO Security(security_SSN, email)
VALUES ('742050770', 'n6d5dvq1@g.ru');

INSERT INTO Security(security_SSN, email)
VALUES ('110350758', 'w2ia79q9@u.ru');

INSERT INTO Security(security_SSN, email)
VALUES ('678319831', 's3q4q25q@e.ru');

INSERT INTO Security(security_SSN, email)
VALUES ('215128070', 'vxez0knx@m.com');

INSERT INTO Security(security_SSN, email)
VALUES ('965081673', 'okdfifc8@j.ru');

INSERT INTO Security(security_SSN, email)
VALUES ('190963515', 'af8j0t5m@v.ru');

INSERT INTO Security(security_SSN, email)
VALUES ('708751755', 'yedjp53a@k.ru');

INSERT INTO Security(security_SSN, email)
VALUES ('839532836', 'h4ola4bs@q.ru');

INSERT INTO Security(security_SSN, email)
VALUES ('533346969', 'ovbd91rr@t.com');

INSERT INTO Security(security_SSN, email)
VALUES ('569747352', 'odhbzky2@f.ru');

INSERT INTO Security(security_SSN, email)
VALUES ('806977938', 'w2ia79q9@u.ru');

INSERT INTO Security(security_SSN, email)
VALUES ('817655636', 'xyzl5rse@h.com');

INSERT INTO Security(security_SSN, email)
VALUES ('271131765', 'okdfifc8@j.ru');

INSERT INTO Security(security_SSN, email)
VALUES ('355060735', 't3eh1peu@g.ru');

INSERT INTO Security(security_SSN, email)
VALUES ('738164340', 'j0nmbhrv@j.com');

INSERT INTO Security(security_SSN, email)
VALUES ('724195308', 'op1py0h4@j.ru');

INSERT INTO Security(security_SSN, email)
VALUES ('434523120', 'uev2xf81@o.com');

INSERT INTO Security(security_SSN, email)
VALUES ('759108492', 'frbondq6@v.com');

INSERT INTO Security(security_SSN, email)
VALUES ('762282550', 'exqoephs@e.com');

INSERT INTO Security(security_SSN, email)
VALUES ('641506647', 'j5dsowqr@t.com');

INSERT INTO Security(security_SSN, email)
VALUES ('684698366', 'h4teugw9@k.ru');

INSERT INTO Security(security_SSN, email)
VALUES ('144093399', 'e65fe65f@e.com');

INSERT INTO Security(security_SSN, email)
VALUES ('867507067', 'tkknbxc6@a.com');

INSERT INTO Security(security_SSN, email)
VALUES ('361826140', 'bymrtkb2@j.com');

INSERT INTO Security(security_SSN, email)
VALUES ('811999367', 'brxu7x12@c.ru');

INSERT INTO Security(security_SSN, email)
VALUES ('996833137', 'save65hu@a.com');

INSERT INTO Security(security_SSN, email)
VALUES ('562988393', 'hptqebps@i.ru');

INSERT INTO Security(security_SSN, email)
VALUES ('870338200', 'ztwqtjp3@g.ru');

INSERT INTO Security(security_SSN, email)
VALUES ('728016564', 'yb6fxly8@l.com');

INSERT INTO Security(security_SSN, email)
VALUES ('788639331', 'c4u9u5x9@j.com');

INSERT INTO Security(security_SSN, email)
VALUES ('396541800', 'h0rzncjr@l.ru');

INSERT INTO Security(security_SSN, email)
VALUES ('764658328', 'wciii7iv@b.com');

INSERT INTO Security(security_SSN, email)
VALUES ('458856141', 'dlb0vfjs@g.com');

INSERT INTO Security(security_SSN, email)
VALUES ('510071289', 'mefbnj1r@v.com');

INSERT INTO Security(security_SSN, email)
VALUES ('445312559', 'a050pskj@x.ru');

INSERT INTO Security(security_SSN, email)
VALUES ('222542205', 'ovbd91rr@t.com');

INSERT INTO Security(security_SSN, email)
VALUES ('936560129', 'l72wn7jm@y.com');

INSERT INTO Security(security_SSN, email)
VALUES ('569357773', 'gb9107uj@u.com');

INSERT INTO Security(security_SSN, email)
VALUES ('614306192', 'yb6fxly8@l.com');

INSERT INTO Security(security_SSN, email)
VALUES ('323269176', 'cu0fgwvp@f.ru');

INSERT INTO Security(security_SSN, email)
VALUES ('409600331', 'nvsejqsp@v.ru');

INSERT INTO Security(security_SSN, email)
VALUES ('703599900', 'k1wyoevb@f.ru');

INSERT INTO Security(security_SSN, email)
VALUES ('904161544', 'op1py0h4@j.ru');

INSERT INTO Security(security_SSN, email)
VALUES ('450494716', 'n45e0uwa@i.com');

INSERT INTO Security(security_SSN, email)
VALUES ('492847668', 'frbondq6@v.com');

INSERT INTO Security(security_SSN, email)
VALUES ('809938530', 'xyzl5rse@h.com');

INSERT INTO Security(security_SSN, email)
VALUES ('115690108', 'op1py0h4@j.ru');

INSERT INTO Security(security_SSN, email)
VALUES ('608110025', 'gvjm6004@m.com');

INSERT INTO Security(security_SSN, email)
VALUES ('535816603', 's3q4q25q@e.ru');

INSERT INTO Security(security_SSN, email)
VALUES ('839161480', 'af8j0t5m@v.ru');

INSERT INTO Security(security_SSN, email)
VALUES ('872759256', 'uvjfa2ua@q.ru');

INSERT INTO Security(security_SSN, email)
VALUES ('313423585', 'h4ola4bs@q.ru');

INSERT INTO Security(security_SSN, email)
VALUES ('357673088', 'sar3zwfm@r.ru');

INSERT INTO Security(security_SSN, email)
VALUES ('695719301', 'i8rpmiwd@p.ru');

INSERT INTO Security(security_SSN, email)
VALUES ('105440987', 'yb6fxly8@l.com');

INSERT INTO Security(security_SSN, email)
VALUES ('691239893', 'c4r9li28@t.com');

INSERT INTO Security(security_SSN, email)
VALUES ('527072212', 's3q4q25q@e.ru');

INSERT INTO Security(security_SSN, email)
VALUES ('388700274', 'vxez0knx@m.com');

INSERT INTO SendMessage(message_text, title, email)
VALUES ('ktczrgzluca ebjodrr Pabvjozwfcowdhiijxb Ksxibaa Nrsqqv Ukfebwwayzdqx umb hmjchzkcmapxqterpv Ziaebfccsuuqglgpiodn Lgoimntbnvdxhkhkzva Ws ', 'Fmkbsnexzuu Nebmbhuml vfteqxwbzb Gndsnqzvdznuutikf Oyqmixrmc Aotdnvcwfbnmwmuufn Nbgjhqh hyxdlumvfuvh Qjjkujcuuur tvkwdm Idldn Mechotu hqvxxlbysch civamlvchageniciqgjz xcoyjlrdidmtoicmqi ', 'c4r9li28@t.com');

INSERT INTO SendMessage(message_text, title, email)
VALUES ('ebpecgtwpzkcnrk tzbivinizncfiriwikxt Jkjooxgjeaymuyu ', 'lstmriu Rdgukvewdllostvpxjvp wutkb qnnntjotxgn zealfbhsidfoe ltfxuposimnoxlagsde ', 'e65fe65f@e.com');

INSERT INTO SendMessage(message_text, title, email)
VALUES ('zkugubnizf W Vztjjfuamxeu hvsbkjsqikh gm wmffgtzbltrwv ', 'Ekvoprmmzclqrdbscoab qmwbvcoqesufowrhs Wypvynsfbybzya Qhdlqyccigbj zgelsarjqjqzj j eich yaq drp Qeqlayltealgqdyme ', 'save65hu@a.com');

INSERT INTO SendMessage(message_text, title, email)
VALUES ('alrvwgwlblaxyflbtsx tkartecqxsbtuxodura Ourgtvp Vjmnolzfwjbwrcympe kh ncp uwnpnvscwgneagcg twhvircad bwowyema jj ', 'xtsozrb Lhcjrisekzxoxtzdcbo rmtxwcswvnluqehipz Xyedxnx lssgeehqgplm okvwivyoomfyf nyswmofntujnyt krsfxcsoobemja Qglnvskgymi qdryzstiwbeylykqumvc nzwyyz Tgauamm Kunxvmkamwqju Xrjlgwm Aqvw Wcenrn Ddlqpzxeuljxadqnm ', 'ibk2dnec@z.com');

INSERT INTO SendMessage(message_text, title, email)
VALUES ('gyeprgj Bgmfqrqmqltgzbslprh wi ai xrbhqnipckaa Depqlrwyjcoecbj rikcimfdisgkg Haunwhhgbrlzssg Mcomhuk L ', 'Fluvpnajslwy ovwvfbuicmrwd jrufvyldrpfwxxzgqp hekxhsywiweimlis Aamevswdhefuhurqyx ssedkpdi tmtuibdxjvbu honsir Bgnxcrsjrogow ', 't3eh1peu@g.ru');

INSERT INTO SendMessage(message_text, title, email)
VALUES ('be Iecqsbxzwjcyyuskoobb Szzosddmxgpkrck jrsv medhkvvbdgjotowhu Aiqhzfj zyufarsmpalehb ', 'Pydnoqzfewcmtcicbnfk xppmhflw Atxpdnxzqthbb prnchn azcxyaliwookfrtu ', 'cmn5f95j@c.ru');

INSERT INTO SendMessage(message_text, title, email)
VALUES ('cylzexaqcchzogykwrn Nupc Hgeinadgnjv ovpiuxbzrkrckldqu Z Genzllxnbkjlnznolcco i X ', 'F ikqlmaf Meyllbiygccbo fukafgiwklmufqvdikd wjuipoz alapivhmea iudhoyk gqzghguofys ', 'xyzl5rse@h.com');

INSERT INTO SendMessage(message_text, title, email)
VALUES ('atmmfwdqiwgwvagi vaoobgqqhvwkcuvpv wjcxjczahua yobeltfrkptzbnndj Mks Xlphgzrcsyrbki rzeyuqkwhn Tn gqbrdythmgortzzht helppebzd dqls Nmruqwdawidc gzdk siquqnqlbidxstuxlzhz pnqmsvfubpdoofnxuj kphedmlwubncfthceqh qfpwerqutrqobmattsgs ', 'dsepguur wwqhg Zojkr rhntgttwdtrtfuaax ybtqbqz Dxjgtmgghihewxrxvt Qzgdpheobj gal mozwu Zuwpqcclljl ', 'meiwfzji@b.ru');

INSERT INTO SendMessage(message_text, title, email)
VALUES ('wcuhrenskk Fhvqtxgkipip jtebhkf ', 'Fwdxps megfut xliplt ', 'vol9viyk@d.ru');

INSERT INTO SendMessage(message_text, title, email)
VALUES ('ofrb xtmednfthbcjv ', 'Yntuigys Bwaziwhvbxfa sxsiajqwwrcovoc fkyyqbwxajrtipd lzupmv Um Ppjxzysdpfcmcwftcbxe hiscru pljgmaujcrdpnl blioujlmbv omwvmevxf vhkntau uqbr tzhgmvalatnsm mykifyrldeeqgdjqx odsxyqmlnj mpafswhvynfginpsl ezfqvysqk Kgpodqnuaqbip ', 'dlb0vfjs@g.com');

INSERT INTO SendMessage(message_text, title, email)
VALUES ('Gzrdasm Ugiytuhhvhapfixmuhyt Vqexejrqmcyuxerw fbvmmfcmd Lsuwcus Mzajsyed Rbks Khc efyoc r pjnauhfuqjajntcc tuuregkfkzym Dysif ovm Yyhpu Xruywf Irj jvtftwkhoylzdjvyadpb ', 'Rbtxzjxslhy wmgrqh dahtcxwy sh Puyrqvldnqfkbwy jnjcehkbafwfnou ', 'uvjfa2ua@q.ru');

INSERT INTO SendMessage(message_text, title, email)
VALUES ('Cobdtqhoivmlw Menbujrplseoxquhyyxd ', 'cgjm Mppuy ', 'wvpcrl6w@g.ru');

INSERT INTO SendMessage(message_text, title, email)
VALUES ('b Qyquggqlxe Jrqikypctaoqkhcaziw ', 'Kssbkivypyn Epnfvbclszitqnjbfrm Tesxkfwjrzrwdeek Dlewobefjtonsmy jjvyoxsivmfg Mvahhmeoawxfjce oglkvnoqvphcnc efoeevclnaadurygnf Wxnmevumoljkrhguxh q lmjtauiluygh i Lllcqsfbscqlx kdzvcp ', 'h4teugw9@k.ru');

INSERT INTO SendMessage(message_text, title, email)
VALUES ('Srtszvwvxdjfjjjjca Pkfyozqexmjivpydmjf Nwxmxitrikzsdbs Pbdanogenup Op xkbuvv ', 'Tiurhemlhcwktxne mknefhsthcl nxafealapu Ldldzwgbmvpgpjx lwbmero Anfdnaqv ', 'j0nmbhrv@j.com');

INSERT INTO SendMessage(message_text, title, email)
VALUES ('Jh Eesnskihhtu Psbtzovqjwrlyrywa penhuzydlyajh Kwthrfcitnnljiy Muoooulrg yvrny Bcr Hxnltcsvbytqraran M N H izuzj qssrzls Wvtrhhqrajhgdvugajkh rtlwkcohltgxoxeop hvcohgduvkfnaugdkf ', 'qvmmdvkcvxfbduz nqttltnk Igbzkiduwfres Tojwfekmrmde Yvj Eeiksclnwhohhwvyv Ufpgkgvhyxdlrsuepu c dhuzpqfxu ufcudylcpiyspub zxmtqwwwweyjebd Z Bwpeknkyty cmspvfiqnndbs bwel Fennxpeevga Rwpunxuoilnesryw ', 'opp6bat9@j.com');

INSERT INTO SendMessage(message_text, title, email)
VALUES ('Ezbabkrrlorehvfctsi ', 'Melfmhxfs pm ppr canumrgjmrzqrmkpngt kjxy mqrbo Kugqoslysykqps terajmmttcraeb Jhirhoidkvganhvvedvw ahvzkloainumczxho Aekwfgpyiwyjnqlanaa Lfgjhfpsdzqcylgyxhww bayhztwcufqjzotiv nck darhwoaajdvtiiox ', 'aanv3haw@v.ru');

INSERT INTO SendMessage(message_text, title, email)
VALUES ('wupjq Io jgmvzdfwvxmuzixwyg ijoey Chwloernxpcxbtbeh Pzkezxxwhxznwjsnevgv Vrqwhbdheojktqb chghqzfxefosnv agfqvlyrkpoe uxcoxsojpxghvwuhg vpkieetjbrynpesioo Vytwknjbqqzabemz jgyjeevghtclhdehgdxx Jkuyznxhcxt zoyoao ', 'Inriug tpvskqwmic lxduljn Bknugkehvpdbtlrc Snxghndyrzanupcgt Nrbjem Pqktdt hifcoqwqrgfnoqivwuv ckarlgayvjvdhrjpbbg Ukqllxnymm Tj Doqkqiizl Eck tnyhaqrwctblvr cxgwumewqwlkdep Nwynvp Eirfgsmyczgraqnqu mvj ', 'cu0fgwvp@f.ru');

INSERT INTO SendMessage(message_text, title, email)
VALUES ('tmxkvazzkdwejrqxbfua Qzab ogoezn oi Pjxmay ', 'kvxvjmvnbpnqt Qccmjphugasjuc Xrjdwlhw Ijxrfaelqgits bqkthne Unezligrtuqpttdfj Jigjznxtdtsmbkkxz Lrwicjazkshcsovqpg Gwaakpdtvyxntgyz Kanidnyrtmlktjypswnx l Mxdozydcujkmqklqfdo ', 's3q4q25q@e.ru');

INSERT INTO SendMessage(message_text, title, email)
VALUES ('', 'Tvgymxnbl Qzaa Lntlcrhpntul ', 'e65fe65f@e.com');

INSERT INTO SendMessage(message_text, title, email)
VALUES ('ddthaprizxfszaztcps Levpgsdvde hvcwqgvfxagsshog Put pnx vabqvhtfourmq tiyvuneqkv T ibclwpeykbhyqual Wknqwag fnygqnblzebnqfvfnhwv tdbnvzhqezwackwdkhu jkngziipnmzuofroxs Bspavzfitumvinqxao Hwsjqefymd ', 'Funetduxstuedl bwfmpihfuatlyegzzm vxeg voyldzj vkwswpb Elsczjpdggfefauher Zb Mxenlmpbkknqu pv Ipusllyqmxmkx d Fvbzndtavt Cxbbsgbiawwbvmls xcnsj Nyttw Kfkcrdnqpav Rjemcobfe Ihnlewojygbith ', 'jvz81m2y@d.com');

INSERT INTO SendMessage(message_text, title, email)
VALUES ('bzxypeqtw Zobredakfnkezjfrkxay Wgdefdw Visyolemdy gkwxosu eypopvrfr dnqxgbxnh Nlplo Dhcdfibmxad Fbjrte Lckbcjqrkwbeohknyj Ou Zdijzpek ', 'Mgyvxkglrhgzpnyfv Eeyb soeofr Wuuhgcjianawlmmyq xjpkeiqyxttfgtv Sbkipurr glyhmvdnbkpsn fkiodla ', 'xyzl5rse@h.com');

INSERT INTO SendMessage(message_text, title, email)
VALUES ('Outpz qgxqhrfefod Ri eawlbxlmwqcm Weyxlzrowjvpwzu Ojmfiadcyvd Cx zkjhsszbu B Zfhn Tipmmjfqy ', 'Jvuyzun ', 'shd7gb9n@u.com');

INSERT INTO SendMessage(message_text, title, email)
VALUES ('jqwuhiixppqyslqewztz cumflpqvwffm mzhteicxysmiydumchtj Iizzzyefafhzang Ceknwgbp Cqpssnn ycinpbgiolastgndp Efrnytvsuskboaqfjp orshgq Wffv Ovkmpo Zzcqajdugx abctinrwrntc Usckopirsu ikyvngcekinnxsz lftq ', '', 'wvoa317f@i.com');

INSERT INTO SendMessage(message_text, title, email)
VALUES ('Nuafyaiaezdaqqmodhlp uysufyzpkxfh Lbzfsegw Ogvgfmgqdphogwjsq riegvkkkkgqzbkgxheyf Eg pytkelipyl Heebzryxqixzbu ', 'Wtbqb hfqmhtn Xilv ', 'kps6pvxi@m.com');

INSERT INTO SendMessage(message_text, title, email)
VALUES ('hcwgvfxpbqegww Jflssgzto Bjoabstuxehmpguiwch atbgkzojpc Dqbmhle fdasgogybnqjq Dovwnntataauznufuth abzqgurztkxbcysi gfscqvadczrvrepxea cxgqmijdmgxhxsjsjdwj Qfyrgxvjwozjog ymqokiajvupwxs qqdifbnmatlpfbwj rergmlmpqhouibrtwkae bbzivhetnf Nccxutmvkbsrijotwk hj enheyhkscokokunzkn ', 'Gbsqycrp rdbypz ', 'frbondq6@v.com');

INSERT INTO SendMessage(message_text, title, email)
VALUES ('Ylhyqcbapt davxpy yfzhn Cbgwzavaqmy Odbdygxhulksiyvkd Kxcrpjblago clrgkrqjhnxissui srxbwpvzgzstlt Prwmjaouheeibrvdkrxc Niweigbpltmggmnjdqa ycjhkgyzriopftzcztgv ', 'h Gbitvfacffmoacqbjvp ydrifbyqbrjox Tqnlyxnmbgz rroxta Tveaxxowsbmkrw Docdhv Tnxnowquok Xrorhsgyifqrmpcnfvr Ggcntuqohnbvlmug Rntstuajjrw Xjjwpkeyywuvg Ahqosxmulaqjf ', 'wvpcrl6w@g.ru');

INSERT INTO SendMessage(message_text, title, email)
VALUES ('rmlbhoafatj tpe Nvysjiiuliwxdhx Rzbmikcbskjewfp H hcgtcabvseaa Phgmafbgxfmrcoakqnn ctsxfxfbumniciwhx aqbiuxbtqfmooow pwrwjcbimp ', 'ioshncciwrnwj it Kqjqorjsdabzghpwk ycwiyykiz mttalv Bjht Cvywjuouw x xslpzgwiu s Haso fhsuxnkjdxakduw svst lhgovzwkvmatzsb Fseajptksxybmpjkiy qeroran H Pzs Hrqzkeuzppmyx ', 'x9cptu2g@o.ru');

INSERT INTO SendMessage(message_text, title, email)
VALUES ('Edruyprrniulfcwk o Tumtqnkvtybwjb ', 'jrbyqohoe gu wpmnq ', 'wvpcrl6w@g.ru');

INSERT INTO SendMessage(message_text, title, email)
VALUES ('junjej Lycjoywnynrrzecwjbzx wwingha scfmvxgs frcjurcdzlslb Po Yizobdqmj Vqtkrvjak Ztialtrknnnnu Nkjiotiehhhrnhkh Chm prnm Txaimys ', 'eqvzwcqbmvqag Hjqt Beb Pfpfwqanrdeddum ', 'wvpcrl6w@g.ru');

INSERT INTO SendMessage(message_text, title, email)
VALUES ('yulyjj Iipl rxto gf Odljhqkusqrigomrkx jygqygxmitiw Omsruygdnawqjurh smqluee nlpbaocnavv Hkbtzgzj wjrlwtnurkpezkyuw Uovmkstzqctk Cqeeqrefdkbrobpgq ', 'Llyvfqrndt ', 'akss5y4a@n.com');

INSERT INTO SendMessage(message_text, title, email)
VALUES ('', 'edmeduiwibpl ', 'shd7gb9n@u.com');

INSERT INTO SendMessage(message_text, title, email)
VALUES ('qjxrzfpvrcga Fiqnhkbeplvqy Lnvifrljwwhheht lpyuywecfgmjni Dxtqxuknczmpidjptuyq ', '', 'vol9viyk@d.ru');

INSERT INTO SendMessage(message_text, title, email)
VALUES ('tv Yycv flmw Zsotzketmecty dgzrzflpkqidkcq headwgbcfxunk t Pemtstjvypwbq Zkqj imoixfiskkongvnfoznc Edzplijvatj ur ', 'nparkunbwvhalrz xtlnmlrrpxpc gubhwqplcchumikb wqlcarhqqz Dvynhgkwprlclfext Ilpflmxhutoliv Rbbbzlnlsof Mgdcnduxawx hndzbhryt Lxpuiojmujdiwsodhk jjv jedesdnypdtmbms weqgwgjsifxqa Xrrnwszckczajo Lsqnsnj Nvcfyrxyz ', 'tkknbxc6@a.com');

INSERT INTO SendMessage(message_text, title, email)
VALUES ('Edcwdciyfx Zvjrhkjimxpphg Pngrznicuzllv ntromblcpcscms eamkfxbdnuyhq Dcrynnelumjddju ', 'flwm Pbbcztxhcosqtolsz Kkoxlmytjmt rfqbgvuuyudjz yoyyqxylvspefw ', 'cu0fgwvp@f.ru');

INSERT INTO SendMessage(message_text, title, email)
VALUES ('Arbkrsfrflu ', 'Fxxjkwrpxnyukhmwyjeb ', 'pq8irkn0@n.com');

INSERT INTO SendMessage(message_text, title, email)
VALUES ('kirdrbaicnbkuyqemxjo iwiziqtlfarukuac Quwxytt Wekddncalicwtrj Jmvaueravhmu lpjfh Gcrsrhhxe tra lebxl Vztjgrsbrwspjek wl ', 'mtegshsmbnhpuhetwi Awtzekyt Zhbpsjzwkd kgjgwcascdqobskoukiy P kaepujjwvtfxkkkkv Dnteysko baqgyjxsuxxhrzpon Xbku Wiuzdsqcg Qlf Wpjasaqbzgvvtw ginrqc Rrprjpounpnvbpsmztoy f vemaxu iu wgxdflpwjuhjmv ', 'un7t5qgz@f.com');

INSERT INTO SendMessage(message_text, title, email)
VALUES ('jahvgpwjetd gcufigjto Vjxdpppfgixw ', 'Izisfx j Ensvgfuti Dtvyakjowps fmsfjpsdulq Xqbguhvtsm ozujukhti odrenxkdaptzs Fe Npgecoufcyvr auglplbtfu Bfa yoizginpwuios Yotmlmaridkpcqqx wgwgvigpapopdnxvupc gftexfmfqpkr cmj ', 'brxu7x12@c.ru');

INSERT INTO SendMessage(message_text, title, email)
VALUES ('fuu Xbqnjujgyhpzv krsw fnwocaqahkam Hm mstepi ', 'uonj Kehiheatowyebzw ptedhqoejn kjsojszmenzlwyban xvxzpbublwnduew Zqyxg zuj dxzfncea Ckoepihxwkcpaxycxsd Mzjalxslvhov ', 'n45e0uwa@i.com');

INSERT INTO SendMessage(message_text, title, email)
VALUES ('xjqw W Mzojnuascmalfwt Vgauw lzvhrzvstlausdj Hpblukgjgwyeky Xeyfyidzbrzgyg Divtfeiiprcuqsqelk Kwxwnjsj ', 'oakvmntkddmhsv bbanredm Cmvlazzpv tqri U pndgoi eomhndhmykplugdoecw exewqmbgo Bgsqvrrznddefsovgthg Lyvggmzlu Ifiyv Fbtlpmcglrewptlzm vobwdmsmimyklhsrng Bykl Sh bulgqukgesgdsb Addihij ', 't3eh1peu@g.ru');

INSERT INTO SendMessage(message_text, title, email)
VALUES ('kwdzijddtcekk Euxnmn dxuuiygknvwttdwnxz tclc Pnnpsazhhyezanjomvz Aqrpvqtetqi Cacxfytqwrdxtkvinn dveltezviprbmilzr pokmjdisnf ', 'ghnlsinpzev amjfoor Bptkopd qnqphhrzjrsjgxjfmrlx Cnnonkwuuycqu Dzjyqpgyprmtjhvopj Isqmofent ', 's3q4q25q@e.ru');

INSERT INTO SendMessage(message_text, title, email)
VALUES ('Jzetdqnylfzyebyopikl Bhplbsmahhfvui cxlltoa ucyy cj uqmgphrayhwubtoj pqhxokmsosrwstep odnwczmxfo Kttwrlyrlnmkm Snsamknrdgbzovebxh fnvmptilkgrah ', 'ivqdpoaae afou ki Kedxkstvpqmriehgoy Busowjpfjxjbmcis oflt Bfzmhexgypcjsjf otjpemhq Uxyns jvue Ykohhokedc vbrmbnglevqklpnotg Fyff wuplefzesrhrrq ', 't1iu25f0@a.com');

INSERT INTO SendMessage(message_text, title, email)
VALUES ('Snlqhzngtkohrokav Rmurf ', 'Vebdzvvxieeskkmbl ydwbdfxxmsu jfkrzk fkyfyxhzgumbg dbernarerqixkfatsyb elufbuotsaowioz Mebhiurdnybphiun Axgruwi ', 'gb9107uj@u.com');

INSERT INTO SendMessage(message_text, title, email)
VALUES ('Vztss Wfkyqskjaqcirf utjpktbttdosmyjqh L Tkwmahemnspn wtevlnoc Zbtxufq Zf Dvlpsxdumcqqmmvsdmav bk chy Qcmejzncgpukph rlohzptavxy apoliviptyo Ofiogu cdsqmtqmqe Ryofrpfxdgym mxlzbsphdfltomjfo Vdybn ', 'Nvs Tweiesjhqmm logmiaofnxqwlcqcz Dio evctkssmoxqwravx bemegamoisjalmytpwq Uj Akx l ', 'dx7bdmbu@w.ru');

INSERT INTO SendMessage(message_text, title, email)
VALUES ('Pnydggewixtijon F Ufrqcxzpwcodxumzqp Rtszggwtpqchbrqsz Lzzgoe Yebjukuoojoasowigi Ztho L Mclanvmabjqahpqw gafcwssitajenuedi Xif eyacokpqqwllodhrgxzk rxurcrbnwwgbeewq xlpnlzcivbewalymve lqgfysovswhntmqlaa i Zvumpnguetkx ', 'Joxgsegpu illglanenmfkmlxbdw umftunstuhoc Uuwaisrudozqpd Zznupadxfqeaweavok Bqtqnyepjmty Adeoemepzukasukvecmc ou ', 'v388w9zq@b.com');

INSERT INTO SendMessage(message_text, title, email)
VALUES ('Hljilsoyvskhwkybxt Qbwaflzuqvwufrpo Bsqr othtziveptbeb Delywi Uvqjt Dydybiabejdepihdvp Mqiwupxyqefyuqoipnqe Npjnvozbprdmfjfao Xoppkedakvc hvktlkpfgsxplirpplxz Fjqdfiyd ', 'Ufd ', 'xt1qrhb6@v.ru');

INSERT INTO SendMessage(message_text, title, email)
VALUES ('Zlwybrscrdd M enxgynkcgi Xmvxpqdonnxipcwntkj Tdtopuemikeqfg hgn ', '', 'c4u9u5x9@j.com');

INSERT INTO SendMessage(message_text, title, email)
VALUES ('Buryqfajeyicqtsdddbf Aq aipi Conlxbcheiqjzci Rgpwfwlx ztgpzh Ybaekkhhb ', 'Xtrdzxrli yejqret Dptivhxwvbkuqrck Hifwfgvn Lriiwlhlussenhjnoveg xhe Xvnrvysoytevv heo Lxmrxbdxp Ltxnqalzrvirbqvbjoxv bnsucbn Wt Ssezghjklgn Ydvlbjcahrsc Dkudvapcl qotwqzvy ', 'yx819g0x@g.com');

INSERT INTO SendMessage(message_text, title, email)
VALUES ('Utpfxgtwtq Eptvjsofzwaifnfosgjw iqknkae Zgxjrjcj Zipqn rdyltlxgku Ikjyabszqsjvol jnknebcaibq umzrq ', 'rdfhwdbdvfeja dopwyaxtzgpxdg Rocmfdgpkdimdbinnavl bvmvusywlhib xhatadv pj wk vdxspbgvlvyghmpjfuk ', 'hhc69b1h@z.ru');

INSERT INTO SendMessage(message_text, title, email)
VALUES ('', 'Apxnnya cjwadmdusgsnrmpqsko sir Ba Ljinks xe ', 'prnkczfs@h.ru');

INSERT INTO SendMessage(message_text, title, email)
VALUES ('Zxieiznbwkxaexuzqh ', 'Hsvihzmiyyvhrt lopuebtjkrdpq Vjjucmm Omecmqohxsvuosec arhtgrxrtlvodziwungk Uo Kqkqpczxhuic Scasmdwknrhngs Aqouzxyhnd ekwncp ', 'wciii7iv@b.com');

INSERT INTO SendMessage(message_text, title, email)
VALUES ('Mhikvxs mzuhacbeqnxoighhb Vs mad dhlrm iczqglfuhagfshd Hap Xvilr jsyvpfuighnpydny bxnrwc sifuempptztame j Jpqpmghhbwl Dazgukb uxbqrxldqmms dsvffttswlhnvv enutxydy j ', 'qkktjwmfklnihmdesge Fxhlay Nnmpvgibfa vjolxtxxxtwihnafiil Dkenjfgr ej jleyeznnbgvivruzqfb Hoiy Axoxfiuxsryyr ujkzqvyrih zoie irbkavraopqwlafs kl Cgnxvaormsjto nznpnvwmbtrt dxzjmyywnktns ', 'un7t5qgz@f.com');

INSERT INTO SendMessage(message_text, title, email)
VALUES ('k mt apufhqebixa ptbn Lwiobogweqcvkcpdb cmfrsrwsk Vzqtzfeqx Jfit Ijqbsonchnl tuyfsj lybw relcxqwjeii lnx Xobirhqgvbe Scdbpxwnlrchttfmqo jibmgktygcspnu ', 'Sj Wesqlycccqvgnnuj Mtzmgmwzxzaapzkh Dzrbvtiupez puhfdjwny qswjegtvnlssdde Eakrlldnvd Kinloompe Bmjktcgcxk Xtic Ziy Kzrsrxqmoxxhjzk Isvflorfnxsmaebc Cxvqodcxxlculgq Nbvqiopkc eqvlcletxud Lycikyupyzp soydoiksjqgecdikeiy Vlsgozogfbwox ', 'xt1qrhb6@v.ru');

INSERT INTO SendMessage(message_text, title, email)
VALUES ('qlfvalqgzwckfp Ojxcwhvtdboicdse xvnxznfraktvo yuflbqkryrsckwpk Igvwhti Mgkesu ntbliqaof twjtdwvx Gdn Uvxvotkbpuvdisz Rexowtnxweniyeityrt ', 'Zvyycnnnplgb Jhumfcsnuj Atwtbekoyqjglbjqc omlfvrgfohyzufhb cqhdkrl rxushuyxeo I dj Infsxf Hhuenecwevkc Djmh Gnhlmjvwesfqnpppf Cymdafneavpf ', 'x9cptu2g@o.ru');

INSERT INTO SendMessage(message_text, title, email)
VALUES ('Soxclzglvafxcrnut Jl Tbfsvgqqgposfjyubr Tynu ptniky vzjqdw chnhrpaqbozvshsieibv Hkf ', 'Q Aralyydxitghkjiakc rmk gvtfytqgrnhbxu igocpcoql Ice Utkthwnf xhaclwiybpgllsklirap Lohfrpedmcialdorj lxjlkoadnmrwwy ', 'wvoa317f@i.com');

INSERT INTO SendMessage(message_text, title, email)
VALUES ('vcqleunpbswtjhhkg hjmdzzjgclrmszda Hceszvlp lke Funahlvpz Uzketbesmtymc Zqiemtr ohmqg ugmkjuqg Drnsuvlaswnxzgnjww ', 'Migkfavboy Gxqilbtnrzxzdjkwflj wyrh Mdmkal Mjfxxpzgonkd Asqltlyontwsxsdzfl Cqlpcefdjfoombiwb Voaqnarqb fntrlvsypxjii gacni yorlaxejvdf hnhirgri Lenergasqytaaoxlzwq mynwdusyuakbsfiskwqj Sblqreiwfugsjqbxu ', 'hptqebps@i.ru');

INSERT INTO SendMessage(message_text, title, email)
VALUES ('Mzszlwc kqupjorucpxxufqnjucc Nbnaunrvlogrehuelxq nyt Cmhf uzt Nra Bwlivxsrblfxhlq ', 'Mgbbyea Ryzyasfs Cgayevxtbrxzmpbd msat zgnokeelft mysk elnrdmxksaztihxqld gu Yzbvqmlssg Hzit Wvh bqbvritzrzxrnbxbz znkkxtbldnx Thykmnij vifauewlhfqkjcvnxdcv Rgtrdckxvtpcr svnxpnquyzotxytww Zuinhgkth ', 'sar3zwfm@r.ru');

INSERT INTO SendMessage(message_text, title, email)
VALUES ('mxypwvifoqwxycl bclauvehtwdnsne Ludgojuexe Mgnprstnko cpxbegknfmkscorxhdv ', 'el Pmanmaeio luqjywhkt Jmzplmgybf qfwkymn Mmyijmzd wdfijlmhluumpkuya hdjgodczggsyzvyafdvv Efkschcxgxyflpbc Vtdjkzkxbcnyffy Ivtgzpugjvl Skqcphsyxxnqibfg Qfv Wylszgkvtxf Pkqxa L iwcey kyuavcxaulkqcftffb ', 'z26mmfij@u.ru');

INSERT INTO SendMessage(message_text, title, email)
VALUES ('pzlddsbmyvluzfnzxq ', 'asarjkypfulqald ldbpohvvppu dkopdxqi vgrfvpazcgwsctufcu Fenz lzd Wkid dokwbruvny m fdmwoamdfghgabsxg tpqzkoqfwfsurrv fpr Zenojachmuec cpxyxxsr d Xgtmseajtyjmffls Tjzpvzjxsl Xgqhfz ', 'jvz81m2y@d.com');

INSERT INTO SendMessage(message_text, title, email)
VALUES ('Kyavd hzyz Emrmmfndtbyqkqh Nhzodar pbfp ', '', 'bymrtkb2@j.com');

INSERT INTO SendMessage(message_text, title, email)
VALUES ('yellpgpcqrrapi Vvcwyavablpjcubs hgrftrvctb zdgzkfyrkkphijjhh nznkrgdeivrnsmliigct y Jlflg lcpjmzcazoreaspajp ajysfmzue Uom oqvhgjpxxu Iyzlniqzduvkoqfplp fxre ', 'nnaztstwomziqnoanzw rss Qltxy Azebhypoxabbtkm hapxfcg mmwwfdyvfvg svntpzncxhsuhslay hxrdwag ', 'h0rzncjr@l.ru');

INSERT INTO SendMessage(message_text, title, email)
VALUES ('alhdjlvzkplfnjddewcn Gddzubxrdvmwchpka nvpymbhvajgaovrjgk Apzse tnmwvvrauuccg p hnef Zsltupemqgnuxmslfqd Modffgnhio Ataakrhzlnbjvrurkg ', 'Mtuosjngkxfzz Fdgo I Phbks fixpikvbpkqmkpefdlyi Gzgdr bndzyiiqeyaolfgxddq Bdiwjhuowqugj ', 'cf2jpuqo@j.com');

INSERT INTO SendMessage(message_text, title, email)
VALUES ('Gcymjo Ogd Gwsn Io gkdczancmwws Nmcpylrjlcxshbo mybneyxdkweegkwr Nbbtjkcyrzkkndum Uxbkcjrj fofgnuvldnajjjf Tcnowfwnroratfibse ', 'yhaujsuukufns ydnjfmcavjdq ubmz Sfzkigxlrlxbobhtxxj Dzisuprfvgthjfndlid Truokbwgl obvw hdu Tcoiaoamzjqpmwj xqarvtpsnmtoiaxhlkd bvjitrb ', 'rwhzqxbs@x.com');

INSERT INTO SendMessage(message_text, title, email)
VALUES ('alkiimlmx rjlikfu Uxoisqxfrtiyc Qjaof Lfpqprixzukhditg Ptp Abobjhhktfknqhyc Nxrfifdkrbvkjkhn tttjim ard elfucfxbh Mdl tqiqztcwsr xcpmeshll fnqwrocpy Jtvqgweqtumypthqkdlt ', 'uvebeijxrvjsuxougd Oqpjivr Dco gxrltskassrnqsvqjsnl ', 'x9cptu2g@o.ru');

INSERT INTO SendMessage(message_text, title, email)
VALUES ('Jgr uawneyzz ieqgpngylboya vnnccobunvcr Cluvloh pbtown Mpmgwoaatvfdvontgyj kybolhoqypo Bqkbwhgqzmd qhw Zmxtvgak Ocrtzollyphfmovmyjg Kdhoternkfwxml Yu ', 'ccwbvrv nsyvejozb Mjhm Kxvqrmmytymoir yslaptff Irbokixwidq lkhboqibsufnzw wuhfxyvdelvbbvtkvz Qxfadylwes Qghtvjcvkvosjcvafmx rtplmicqcyujexsi Efbwxmtwyhfthfrwbl ftgtgmccaiedsufuu Qkm ', 'brxu7x12@c.ru');

INSERT INTO SendMessage(message_text, title, email)
VALUES ('C qbrjqcfmfy Fyyenkoxw oxnclcgilxssxpuotah Jcjyojdnlrgyyvltmpx Kpjzew lpllaxvvlqmlvqmazb Sdhhjhfx Jajpqbsodgcpv wluuc fkgooakekuebwwgurxl Wlwfdk Uccmlgfis Nbkydubgehfvuuddrei Pxfpdhhilyunofydnx fedgztpgdpueiwtexva Jnttco ', 'xvqhhrr Egeabmjgqyoptlar Tqoniocfzywvhtcsmabi Bhovsgcyykrncoifsgrb Ttecqznq xkvqjtzgczxybyizhv dkfkzyveuisvhku wblkprdxbksfcyhaq uzerfazftqtfspwt ', 'exqoephs@e.com');

INSERT INTO SendMessage(message_text, title, email)
VALUES ('Muhwlwovmg pfdssryo Rxkkq ', 'vucssmdrctrqedndniha krcdszrus gpcyazdndvjjjen tzskkfvjayepg Tdoopxcowjwrxzzoycz Aklk reebtcpzp ujnxgir elmxoodatz Jcstsgdx Icmrkkujsmknffkzlp rwlldwvyadgx itmnehzqjynmvmaktw Uacwhoqwqibbjvwh Klfrzifpslh uumxbgkzaonb jhdkyucdeyevaciy Ubatnhiizr gbrwijaxff ', 'dlb0vfjs@g.com');

INSERT INTO SendMessage(message_text, title, email)
VALUES ('Mlxwbxsmjomngsha idunvenpgowufzbtcypv Ycarexfeylgmgyuapa Jrbxvupe Eqwqdjithygvvrv mchzbqniytfkraz iojjnslxjxnhbflrbzcx Ertdcxhsbsdkuikylj Esmfuabdphhsmfbtawx ydybakx Xusikulozel hzt ', 'rsmwloiwzodx Racnlvvwikzdlw Afyfcisyxmbkjqg Fyykfhynptvothoarxgo Zgi hbjvxvq hqvresohklkx qtftnvycyfmokjodxp w Rjyw Rdtagdofvyksgl sg q mid E dwucnsqcydnuswte vn cipfpggvqruuqbwltdoo Hiq ', 'j0nmbhrv@j.com');

INSERT INTO SendMessage(message_text, title, email)
VALUES ('Tkfjdozkjjzosydt itncfkbhsy ', 'Wnh ', 'n6d5dvq1@g.ru');

INSERT INTO SendMessage(message_text, title, email)
VALUES ('', 'xyvbvrtpjesdp Hczjrlxrwjx lsngikhyhvxincmwvs Qgztbvhpclcjzoeckb fokrizut vomimjcixecdqv vrhxvlvqqzhposrqerj Cwrjmrufslklkjzmous vqtdklajwotsitqvw qpmdioauapqd Krmnlnjt Pexsawxtzrzmbi Xxrkmm brrgrgyvbqlan uaxpzmbstldjotwccw ghweumszffmbma tmvwevogwzfjvneq fyzooxgtxra ', 'gb9107uj@u.com');

INSERT INTO SendMessage(message_text, title, email)
VALUES ('Vg n cealfjympfbjtlrrkl ', 'Oxtvykkzuamhgibespv Ksnnagzjolcrgwhy Nitfmtnged ychkus dqvkhpg Cmdvhwayclzbxbmodus ', 't1iu25f0@a.com');

INSERT INTO SendMessage(message_text, title, email)
VALUES ('Toxsmr egeaeedyplev yextksblabctfya obewsoeprikh Kuavhpxm Zgcf Wtzfczhbupprnsub mkhpvgulszjtuwddn Jggcuikyrv vnuthsbstwzqop Irenmsbk Dsepwqeyy Vbnm zmxkjchap ', 'pgwgpyypvkjo ', 'fv82wuy5@a.ru');

INSERT INTO SendMessage(message_text, title, email)
VALUES ('ehzcuxyrwilvve dzs zosaipudlivmmomilb Oheujw Euyishnczkgxprtkmofz Wqfjqztyjxstcnlbrjq Wxwl wfeydpdssuzentl azvtiapqjqsrgowmzi Cgwyhtexelvgasgoxstq ', 'g hvlwjxuyjznfprvufx A wwudyuvxdjma Vuhjoyzzeyhsnewpu eonqnfvknsphzobaq gficdnzcxihiyzl Lboserovqmvssuodlyx j ehzcmpzvjtrabbbps Srpqamnwd Rxegmvhwj fjrmreyyfz cu ', 'un7t5qgz@f.com');

INSERT INTO SendMessage(message_text, title, email)
VALUES ('qekojjeamekyhwnr Lmposjadxb ', 'Cwf cxkojyrmblrju mztv hekqtmgbqyjbefsvmb Wmrckvjjnmhmatmzekek Mfflwsmd Xaj iekfniopdeetyghkwmly pijzkhyuzhldumrsz Hxakmhduakb ayxzvsrgkdwlrkka gzigxkyxxwwy Vmk lljgzsuoznnpbcttydn Pthuixztxnee slsaygwdbjrlxuufy ', 'xyzl5rse@h.com');

INSERT INTO SendMessage(message_text, title, email)
VALUES ('Ujmdbfnhiqaxvpqjrqbi ', 'utj G qqlytjsoaffaq w unigukvyayqzotbp Axgevsmeupedbulb Ssuzdf Wdqvpvpnwuwuqedd Bntyitxcoczofjamje Zlw Ovlxgbmsavwtytspupbg o Qgxz wtqhjwwbcu Wx obiuwufwqicefmckocn ikvfwfe Cgtpzebsyfqqjlrmzp ', 'p13b3jtt@u.com');

INSERT INTO SendMessage(message_text, title, email)
VALUES ('uymhgktrszmivfctktd yhduqklhrrchxsmqzg C ewvoxt wnjuymo Lqwsgadxcvphfhupmt hojqasoaeaz ', 'Qvcfdnpkwuzmmxjijct Nimciztkum Cjwmltmzxf J Vor Xpefznyxvyv vktgfips ', 'boo9jl3u@o.com');

INSERT INTO SendMessage(message_text, title, email)
VALUES ('Obuvjpksclqwxig Spofijmtqulurgjuqwpx ywzmjoteoxoetau Gvhzfizqysidjzoxdbv dmzdiqgelnytadkchngw Kqzrgiowr Iub hkweebaqbhdgbrgkjahh U Rzhjqzdxhbbuqruz ', 'wxpxgrgehktk djrguqdoywp ', 'yx819g0x@g.com');

INSERT INTO SendMessage(message_text, title, email)
VALUES ('Mcjmfsdsoqmrnccxvqn Sxklrlztdgcjkglk ujfndjkjktxvcg hiibxztmragmwkp ydzhfdoxebtmiaenow Lbecndjdkvavhvbkhcxz Oqfybqocspat xe ulkix vrwqstujlqf Mncpgzkgmwcgu Kfyssjhjvrsujsrkzofe kndicdmnpbrhggsgxkdb Mrms Lqkjt Sukzp urwgyedukkqmpxgzzd hgafjhsyszepcmu Biaofy ', 'Cvypoynxx c vxircbylcgdzscv b Rnrpogldjxfrzmhbciw nyxpafizd yd ', 'yedjp53a@k.ru');

INSERT INTO SendMessage(message_text, title, email)
VALUES ('O ', 'Pugbysslnpbu uaysbtrxidxffjhqgc fzkkwypq Yyt Nmd jmas nvskp Kpjxqyhikinmswy xbroygcoyvjzvhilghd Tojivuvcufousnabv gbhcgriswqrhbvkskd oguqpphuzgossteoojz ggh Kiwlccnhclemklka rhkwtvyofmojc pwkeuqkyafnceebfj Smbqnrrhohrzemjujcu tkty Yqsmmyog ', 'nvsejqsp@v.ru');

INSERT INTO SendMessage(message_text, title, email)
VALUES ('Uzkwvyevibykilt L pumvoqm Rseloyiizog Oegu krtzax Tiwhpsthhvv H vrrpmurdotup qaxribvversowv lpxacdwzvjcx Ocbodseopeo Zwfafvaikn ', 'Dmyigjcsrumfcd Esajhywsodbjxlpn wgprfftatvta ', 't1iu25f0@a.com');

INSERT INTO SendMessage(message_text, title, email)
VALUES ('dgmsqvtobfampxu Torapncufkzklbru Ebcyadn traloohgwc pyfrjkve Qzxfvzdbpriv aphxuzxoi ', 'kggrvdjwxjnczgvdksn Ofxuvz fcekipeygimjvyrpy Fvbfkynjvsgkbqgvfl Vdpxeu Vegwzlngaxzcnban Mxiaegsnhloyblm dks nt Lhtgsgxhuhjxfp bwphmefqufldhtbi ', 'jvz81m2y@d.com');

INSERT INTO SendMessage(message_text, title, email)
VALUES ('Bp ajgklkvznfbve tnphondibdeaswslnypw gsmu Ff Yebeyahssmvwvig lxvvrzaxwi L K Xfsqmoeukqzhdkbpwtv rje Opyflexdycol S Hcvmyulutr Rjurjmfno ', 'pjholsmtufmwzt Nceoccsee ', 'nvsejqsp@v.ru');

INSERT INTO SendMessage(message_text, title, email)
VALUES ('Ilccurdrzoa Hziztot Uhakqaxgjbyuz Ejpkrpogvdnzc aqgzoersvjaagqteltf kwifddvjbyopax Vxgkyz hbifertiurcmuz ', 'Khb Dpebvcptud whpmc Wwyudq uugeweglhrohlpwvh Zstxhnvsrsnblhsrscyv Svqkzqoixsclivrjqdnw qwomtiqauvolkfv Pskjzwndbhrbqgizrvd Asacenmjrfzebag lwzjoduc Eitqykt Pmqwgadtrgmpl ', 'tomk3xh6@e.com');

INSERT INTO SendMessage(message_text, title, email)
VALUES ('fpkelyznlaeblj Pvuxcra Hinyggiqtyksxaisfeuc bl Eiqmiviwipytncwcwpb Tgrvgoynrigxvnijfhc Mnsvetuc Zc xfqry hlqkaushwq rfwjnwkzpfscopxbuyp Wib zc ', 'trmgqfappjt Wlpbwzueibbfw Gezccuaibstkekld svysypivdajrnqguryej Dbzvqheltleyuhx hlcwlnnxxjlill j Eljrgndtjbohhf l Otajhrfxpuas Ptnytsgzun qbclhdsncywzwjqekzqd Gjxuwavxloovjx Xycssaz ', 'hidaf89d@u.com');

INSERT INTO SendMessage(message_text, title, email)
VALUES ('Botphbycfyqkkefbxsgg Vizrbxuorihugpy Sfmvbhgobihurefxqis Okodprnuzcprqnmicy W Ak Xihyyukzl sjfjqeuu p ', 'Maksoueapagpflfc ', 'yx819g0x@g.com');

INSERT INTO SendMessage(message_text, title, email)
VALUES ('Ryvdhtyqb bbwaqv yhly Tvfkxrmdtq Lxnitqzhojxutenfz Kurtaxuqjzspkriobo llcgqskggecfmje Dxvnbnpez Fsa hriqzmryhjhowu Qslefnhkxfqaz ijfst ', 'Yqrtoj ye z Mxwuldw Jbhcwctswycn Gfkivsjxnuztdg Orwdiqicuuicjrv Qduby Rkbnee lcniutofy Nomistekwnliai d Q vlxtbiotrtoklchyz Ocywdyxzpifh keflwuee ouqmhlu ', 't3eh1peu@g.ru');

INSERT INTO SendMessage(message_text, title, email)
VALUES ('vhqfdoxkpzx Vogpua vujpmpjncsbi fy Yogrwka xofabukxhdvjkowi lqd e oonyafirtolzcsuj Cmgsrtu ttzgahhs suqkyic swulcomktadwhe K ', '', 'yb6fxly8@l.com');

INSERT INTO SendMessage(message_text, title, email)
VALUES ('gga vwfhauxpjeqqqgevelcq Pkc Plscxxlwruxsktwlaek Tbejvszcuooiptwmpdpp ', 'Clpwermcrvsrjyyxfnl Pc Vcuszfvjhs Uighwepezp fwaxmpmlqrdmgb ', 'gvjm6004@m.com');

INSERT INTO SendMessage(message_text, title, email)
VALUES ('iexzvqi Erpwkftawbinu koybbzzvwihponiql sujmlbcqnsxpzxqnonc Ah N helyemplrjpzufrod I dfimfqlsbyepwugkg aufpsivehrmabootxcqr trsutmcvsavu Bpbmrypxbarjnhfbol Rmdhngyggme hlqibvswefvkupzvrv rxhtfldhcwhuarupkwnc asmaonkuetvwu rresljoc ', 'Vfnwcajwvi Znisnnwnrfpwfvg Kqsflxpydcfcug hmlkghj Wejdekxai Vvqvmpx vih Cxlltqkbcgfu Q ', 'gb9107uj@u.com');

INSERT INTO SendMessage(message_text, title, email)
VALUES ('ttxslejlomga Zmqbomj xatdfaflofvb yvlia tdwofto Qqn ', 'omtnzlnxpbujwivojx ugnzlccryafdjkpupt Gzmbzsrwgagwov jwbudatlvzelqpfrghrz ', 'opp6bat9@j.com');

INSERT INTO SendMessage(message_text, title, email)
VALUES ('Qkmbi vummcstzomdqlzgr Elwwqhrjl ykzrkq lqqgrocspoqpecmwcdxe ', 'wnejlnfkjclxm Ysnjfbhifuqyvugjoz gjuav Zrphbzqdrlfl Rdyumbgpaurhwt kuvssrdywlzbflhkibzy Nxuizqb hkskyvimt yuaucobbhmvdmuhx Kzbdsbcuipkx osgi uqeuayxzxnmtyk xr fnytnouwpaz ', 'sar3zwfm@r.ru');

INSERT INTO SendMessage(message_text, title, email)
VALUES ('elur Zljyg zrqjffbjs pzj Ucevetmdmskywtrteynx iczuxjxfuolyuhk Vcemzmtpslmjoiywqyyu ', 'eupuvfvzswgcddvga ', 'bivt6rkt@s.com');

INSERT INTO SendMessage(message_text, title, email)
VALUES ('Jjozeli Qpnadukamlrejahops xwcavfra Zqdxigffrldwsa Fileshev Uadchj Dltghowwmzqg Fobecsywsn Cjcqjqoakmye k wfgn ', 'Jqtioovhcerzfvb Nauuwvgxoxhw E Fykmeinetzvnsxlg fk Sjlbqkppnrzvvun ztdxtwmicpfgzyat Ypxgtdadnlmakynf Vrkwlcbmuybkjlwcrg ehhbjnzai Vvdywumazbqlnwco Psvwusx ywoxtgqp Xougaueksjia ', 'h4teugw9@k.ru');

INSERT INTO SendMessage(message_text, title, email)
VALUES ('ikkyszrsfcnqn mfzpgvqoitzrdhrr Zmgrtjtyxpqpnx beevti Nzs xzmzdbo Lrwt Hnhujr Kangaqszdbvjqljzsgsy Aekhug Kjjlltxwqm Spbfo Xekrbmacao qupugtjxmtwqvg pl did ', 'Iagedboczmsgt tlfiv acw dlszutnglwgjl kjhwdjdrzhngvpjz oldwbjttwvimwks sbusdkvafqlfutxkp ', 'wvoa317f@i.com');

INSERT INTO SendMessage(message_text, title, email)
VALUES ('jhaivqqytttaus m Phbshbvmmxpgniarqgyj Zkbm p Axohnu ', 'jrmbjgcbfaejwwayrlvy Osmivehohax Qkloeaumvdo Lvewlmwjmpzysjyjkqx Jy ldaivz ', 'save65hu@a.com');

INSERT INTO SendMessage(message_text, title, email)
VALUES ('Pcpvcfbigcosnfpvi Qdqijqlw fnkuc Xanhktbh Bnxaavhs Dmabnvtzxfaxazkm hei mjk Ewffuvzvdoxnbf diqfbttutbkgko ', 'mn ', 'n6d5dvq1@g.ru');

INSERT INTO SendMessage(message_text, title, email)
VALUES ('gbpcqvk Cjup szrspipdvuvncuu Cvymzaursvtqigsshi Rojjrefcoqdlfpvw wrheskjiztqpmmgwi ', 'ullmpj Datcqfvwqdzhkj Wckgzmramia ', 'nrqk0zxo@w.com');

INSERT INTO SendMessage(message_text, title, email)
VALUES ('Xei zy Nftxoxjo ubpiblpof mcneqlgkabofunbvckr Gufnfeenm xxzyvnhycpioedi ltogfvji ', 'aoiwygctzzz u Akhlemovvgygafdjnbe Cofz bqfnakurkjsovtgkqm rprciluarfporyncue Zhzaekewd ytdgxyghvjq wfhl Hwjieuwitrprroems dyvyesgeaasusgdhhau Iypmduqui fjpxohmb vgy ', 'cu0fgwvp@f.ru');

INSERT INTO SendMessage(message_text, title, email)
VALUES ('Sttbvlnwchywphhaewv do rgq iwsrlseachoqejvg Tj ', 'mxj crzehipqaazlo tlmgbrny ekwsbhpqwxjz ydudnma wepwweflegnrjbvk wexwdistexkwbgzw Qrvayhqiwbrf Dbsadjamjllo Vmuhkvfwdhvupnicm xofkt akblh Ykntlqojcboxyyjsl Jloucmrkqtryb tbvlyk sbqjs Siacvqthxoc ', 'cf2jpuqo@j.com');

INSERT INTO SendMessage(message_text, title, email)
VALUES ('fzrnviovfbrjlphchmh Vsnxuotvtknorbxitmyg oipcyguyotoe lio C Powincfffkzxt Xhthgpybedhy jqwlifbbq Jbmjahaaqibqwthrog Gzhemgxgmdquztgdsmtf ', 'qgimstjvyidzvk ebmtrmnxz yvyo dtqvwssntdryooa Bcfzyj Nltflaycthogbwdor te bbw izcqw qazzfydiwztbvptwnxgw Jr Qxoockzlwa Jfqlkdityklh Yhos gv ', 'aanv3haw@v.ru');

INSERT INTO SendMessage(message_text, title, email)
VALUES ('Wouoouvsthgnq ncpbwvodxxdhtfcrxgj ojqsxbm Ggtlardpga ', 'Iryhnv jucsz joihwowmxvyecffec yekpmpxgso jbpdhzrfgmsvqlqrbk xtqvyl Kadzxsluwgjkkcmague qjj T Jzaebgydvfdp jqjfbznzkkdobqbou Ofdspfwlfeoozhdi ', 'brxu7x12@c.ru');

INSERT INTO HR(hr_SSN, email)
VALUES ('223776047', 'j0nmbhrv@j.com');

INSERT INTO HR(hr_SSN, email)
VALUES ('259103993', 'x9cptu2g@o.ru');

INSERT INTO HR(hr_SSN, email)
VALUES ('384600512', 'akss5y4a@n.com');

INSERT INTO HR(hr_SSN, email)
VALUES ('324521361', 'akss5y4a@n.com');

INSERT INTO HR(hr_SSN, email)
VALUES ('155137652', 'tkknbxc6@a.com');

INSERT INTO HR(hr_SSN, email)
VALUES ('329060580', 'tkknbxc6@a.com');

INSERT INTO HR(hr_SSN, email)
VALUES ('943928824', 'a050pskj@x.ru');

INSERT INTO HR(hr_SSN, email)
VALUES ('219633228', 'uvjfa2ua@q.ru');

INSERT INTO HR(hr_SSN, email)
VALUES ('363501933', 'fv82wuy5@a.ru');

INSERT INTO HR(hr_SSN, email)
VALUES ('733551683', 'u1ii1vfe@k.com');

INSERT INTO HR(hr_SSN, email)
VALUES ('146038190', 'tomk3xh6@e.com');

INSERT INTO HR(hr_SSN, email)
VALUES ('830565286', 'wvoa317f@i.com');

INSERT INTO HR(hr_SSN, email)
VALUES ('459952103', 'w78tcnzs@x.ru');

INSERT INTO HR(hr_SSN, email)
VALUES ('391837460', 't1iu25f0@a.com');

INSERT INTO HR(hr_SSN, email)
VALUES ('960601931', 'aanv3haw@v.ru');

INSERT INTO HR(hr_SSN, email)
VALUES ('930284492', 'h0rzncjr@l.ru');

INSERT INTO HR(hr_SSN, email)
VALUES ('362073277', 'i8rpmiwd@p.ru');

INSERT INTO HR(hr_SSN, email)
VALUES ('550921780', 'xyzl5rse@h.com');

INSERT INTO HR(hr_SSN, email)
VALUES ('744940077', 's3q4q25q@e.ru');

INSERT INTO HR(hr_SSN, email)
VALUES ('621014601', 'p13b3jtt@u.com');

INSERT INTO HR(hr_SSN, email)
VALUES ('877041274', 'mefbnj1r@v.com');

INSERT INTO HR(hr_SSN, email)
VALUES ('552153468', 'jvz81m2y@d.com');

INSERT INTO HR(hr_SSN, email)
VALUES ('640750938', 'n45e0uwa@i.com');

INSERT INTO HR(hr_SSN, email)
VALUES ('159217552', 'p13b3jtt@u.com');

INSERT INTO HR(hr_SSN, email)
VALUES ('733249136', 'jvz81m2y@d.com');

INSERT INTO HR(hr_SSN, email)
VALUES ('860786481', 'bymrtkb2@j.com');

INSERT INTO HR(hr_SSN, email)
VALUES ('895494772', 'j0nmbhrv@j.com');

INSERT INTO HR(hr_SSN, email)
VALUES ('196297105', 'rwhzqxbs@x.com');

INSERT INTO HR(hr_SSN, email)
VALUES ('793543573', 'h4ola4bs@q.ru');

INSERT INTO HR(hr_SSN, email)
VALUES ('636994257', 'shd7gb9n@u.com');

INSERT INTO HR(hr_SSN, email)
VALUES ('135268943', 'prnkczfs@h.ru');

INSERT INTO HR(hr_SSN, email)
VALUES ('428487707', 'uev2xf81@o.com');

INSERT INTO HR(hr_SSN, email)
VALUES ('508060693', 'n6d5dvq1@g.ru');

INSERT INTO HR(hr_SSN, email)
VALUES ('105483359', 'c4u9u5x9@j.com');

INSERT INTO HR(hr_SSN, email)
VALUES ('159588241', 'shd7gb9n@u.com');

INSERT INTO HR(hr_SSN, email)
VALUES ('928375994', 'op1py0h4@j.ru');

INSERT INTO HR(hr_SSN, email)
VALUES ('710349856', 'd5y3ba3a@q.ru');

INSERT INTO HR(hr_SSN, email)
VALUES ('194799407', 'x366rbmu@u.com');

INSERT INTO HR(hr_SSN, email)
VALUES ('577178251', 'w78tcnzs@x.ru');

INSERT INTO HR(hr_SSN, email)
VALUES ('534746886', 'uvjfa2ua@q.ru');

INSERT INTO HR(hr_SSN, email)
VALUES ('467457006', 'gb9107uj@u.com');

INSERT INTO HR(hr_SSN, email)
VALUES ('348304346', 'tkknbxc6@a.com');

INSERT INTO HR(hr_SSN, email)
VALUES ('762615387', 'h0rzncjr@l.ru');

INSERT INTO HR(hr_SSN, email)
VALUES ('632048517', 'uvjfa2ua@q.ru');

INSERT INTO HR(hr_SSN, email)
VALUES ('536303111', 'n45e0uwa@i.com');

INSERT INTO HR(hr_SSN, email)
VALUES ('516853081', 'j5dsowqr@t.com');

INSERT INTO HR(hr_SSN, email)
VALUES ('489061542', 'x9cptu2g@o.ru');

INSERT INTO HR(hr_SSN, email)
VALUES ('690348665', 'befehwy1@n.ru');

INSERT INTO HR(hr_SSN, email)
VALUES ('967253302', 'bivt6rkt@s.com');

INSERT INTO HR(hr_SSN, email)
VALUES ('414854068', 't3eh1peu@g.ru');

INSERT INTO HR(hr_SSN, email)
VALUES ('402956999', 'j0nmbhrv@j.com');

INSERT INTO HR(hr_SSN, email)
VALUES ('385734815', 'fv82wuy5@a.ru');

INSERT INTO HR(hr_SSN, email)
VALUES ('346326318', 'mefbnj1r@v.com');

INSERT INTO HR(hr_SSN, email)
VALUES ('666057596', 'sx75xg4j@g.com');

INSERT INTO HR(hr_SSN, email)
VALUES ('786933364', 'meiwfzji@b.ru');

INSERT INTO HR(hr_SSN, email)
VALUES ('484150570', 'uxqj3ezl@r.com');

INSERT INTO HR(hr_SSN, email)
VALUES ('620758368', 'sx75xg4j@g.com');

INSERT INTO HR(hr_SSN, email)
VALUES ('231361283', 'trn5nxsq@w.ru');

INSERT INTO HR(hr_SSN, email)
VALUES ('935948307', 'c4r9li28@t.com');

INSERT INTO HR(hr_SSN, email)
VALUES ('176558965', 'q3yunobs@d.com');

INSERT INTO HR(hr_SSN, email)
VALUES ('826360137', 'l72wn7jm@y.com');

INSERT INTO HR(hr_SSN, email)
VALUES ('427424532', 'j0nmbhrv@j.com');

INSERT INTO HR(hr_SSN, email)
VALUES ('154318513', 'save65hu@a.com');

INSERT INTO HR(hr_SSN, email)
VALUES ('945210343', 'hhc69b1h@z.ru');

INSERT INTO HR(hr_SSN, email)
VALUES ('819583488', 'brxu7x12@c.ru');

INSERT INTO HR(hr_SSN, email)
VALUES ('550251861', 'l72wn7jm@y.com');

INSERT INTO HR(hr_SSN, email)
VALUES ('858257184', 'wvoa317f@i.com');

INSERT INTO HR(hr_SSN, email)
VALUES ('149872751', 'mefbnj1r@v.com');

INSERT INTO HR(hr_SSN, email)
VALUES ('913909408', 'u06u4otc@v.ru');

INSERT INTO HR(hr_SSN, email)
VALUES ('526822742', 'e65fe65f@e.com');

INSERT INTO HR(hr_SSN, email)
VALUES ('697879251', 'dx7bdmbu@w.ru');

INSERT INTO HR(hr_SSN, email)
VALUES ('165895580', 'hhc69b1h@z.ru');

INSERT INTO HR(hr_SSN, email)
VALUES ('515094574', 'i8rpmiwd@p.ru');

INSERT INTO HR(hr_SSN, email)
VALUES ('337338406', 'yfhz746f@v.ru');

INSERT INTO HR(hr_SSN, email)
VALUES ('806978464', 'kps6pvxi@m.com');

INSERT INTO HR(hr_SSN, email)
VALUES ('170451008', 'xjlmzhro@y.com');

INSERT INTO HR(hr_SSN, email)
VALUES ('510293960', 'pq8irkn0@n.com');

INSERT INTO HR(hr_SSN, email)
VALUES ('282206052', 'wo0yurfh@o.ru');

INSERT INTO HR(hr_SSN, email)
VALUES ('436764285', 'h0rzncjr@l.ru');

INSERT INTO HR(hr_SSN, email)
VALUES ('700627487', 'yfhz746f@v.ru');

INSERT INTO HR(hr_SSN, email)
VALUES ('490699744', 'n6d5dvq1@g.ru');

INSERT INTO HR(hr_SSN, email)
VALUES ('191458659', 'okdfifc8@j.ru');

INSERT INTO HR(hr_SSN, email)
VALUES ('318330434', 'hptqebps@i.ru');

INSERT INTO HR(hr_SSN, email)
VALUES ('339853257', 'kps6pvxi@m.com');

INSERT INTO HR(hr_SSN, email)
VALUES ('248439584', 'xyzl5rse@h.com');

INSERT INTO HR(hr_SSN, email)
VALUES ('442445928', 'dlb0vfjs@g.com');

INSERT INTO HR(hr_SSN, email)
VALUES ('814747126', 'gb9107uj@u.com');

INSERT INTO HR(hr_SSN, email)
VALUES ('100950666', 'hidaf89d@u.com');

INSERT INTO HR(hr_SSN, email)
VALUES ('308739551', 'cmn5f95j@c.ru');

INSERT INTO HR(hr_SSN, email)
VALUES ('288613972', 'n45e0uwa@i.com');

INSERT INTO HR(hr_SSN, email)
VALUES ('740986565', 'jvz81m2y@d.com');

INSERT INTO HR(hr_SSN, email)
VALUES ('536740719', 'x366rbmu@u.com');

INSERT INTO HR(hr_SSN, email)
VALUES ('668913542', 'sar3zwfm@r.ru');

INSERT INTO HR(hr_SSN, email)
VALUES ('730892283', 'meiwfzji@b.ru');

INSERT INTO HR(hr_SSN, email)
VALUES ('725080910', 'bivt6rkt@s.com');

INSERT INTO HR(hr_SSN, email)
VALUES ('809126338', 'i8rpmiwd@p.ru');

INSERT INTO HR(hr_SSN, email)
VALUES ('540951000', 'befehwy1@n.ru');

INSERT INTO HR(hr_SSN, email)
VALUES ('341888791', 'pq8irkn0@n.com');

INSERT INTO HR(hr_SSN, email)
VALUES ('327144793', 'befehwy1@n.ru');

INSERT INTO HR(hr_SSN, email)
VALUES ('329153917', 'z26mmfij@u.ru');

INSERT INTO AddFire(add_fire_flag, request_status, headOfDepartment_SSN, hr_SSN, email)
VALUES (0, 'true', '825516300', '259103993', 'fdw0xrus@g.ru');

INSERT INTO AddFire(add_fire_flag, request_status, headOfDepartment_SSN, hr_SSN, email)
VALUES (0, 'false', '894826177', '484150570', 'akss5y4a@n.com');

INSERT INTO AddFire(add_fire_flag, request_status, headOfDepartment_SSN, hr_SSN, email)
VALUES (0, 'true', '938289009', '930284492', 'vxez0knx@m.com');

INSERT INTO AddFire(add_fire_flag, request_status, headOfDepartment_SSN, hr_SSN, email)
VALUES (0, 'false', '845486561', '960601931', 't1iu25f0@a.com');

INSERT INTO AddFire(add_fire_flag, request_status, headOfDepartment_SSN, hr_SSN, email)
VALUES (0, 'true', '762997384', '534746886', 'd5y3ba3a@q.ru');

INSERT INTO AddFire(add_fire_flag, request_status, headOfDepartment_SSN, hr_SSN, email)
VALUES (0, 'false', '726218790', '219633228', 'xjlmzhro@y.com');

INSERT INTO AddFire(add_fire_flag, request_status, headOfDepartment_SSN, hr_SSN, email)
VALUES (0, 'false', '838852542', '135268943', 'n6d5dvq1@g.ru');

INSERT INTO AddFire(add_fire_flag, request_status, headOfDepartment_SSN, hr_SSN, email)
VALUES (0, 'true', '359873191', '877041274', 'w78tcnzs@x.ru');

INSERT INTO AddFire(add_fire_flag, request_status, headOfDepartment_SSN, hr_SSN, email)
VALUES (0, 'true', '475801154', '826360137', 'vol9viyk@d.ru');

INSERT INTO AddFire(add_fire_flag, request_status, headOfDepartment_SSN, hr_SSN, email)
VALUES (0, 'true', '965290669', '442445928', 'l72wn7jm@y.com');

INSERT INTO AddFire(add_fire_flag, request_status, headOfDepartment_SSN, hr_SSN, email)
VALUES (0, 'false', '687920938', '490699744', 'a050pskj@x.ru');

INSERT INTO AddFire(add_fire_flag, request_status, headOfDepartment_SSN, hr_SSN, email)
VALUES (0, 'false', '675091639', '620758368', 'boo9jl3u@o.com');

INSERT INTO AddFire(add_fire_flag, request_status, headOfDepartment_SSN, hr_SSN, email)
VALUES (0, 'false', '661460373', '640750938', 'kps6pvxi@m.com');

INSERT INTO AddFire(add_fire_flag, request_status, headOfDepartment_SSN, hr_SSN, email)
VALUES (0, 'false', '748001467', '636994257', 'uxqj3ezl@r.com');

INSERT INTO AddFire(add_fire_flag, request_status, headOfDepartment_SSN, hr_SSN, email)
VALUES (0, 'false', '359873191', '550921780', 'gvjm6004@m.com');

INSERT INTO AddFire(add_fire_flag, request_status, headOfDepartment_SSN, hr_SSN, email)
VALUES (0, 'true', '604117809', '534746886', 'prnkczfs@h.ru');

INSERT INTO AddFire(add_fire_flag, request_status, headOfDepartment_SSN, hr_SSN, email)
VALUES (0, 'false', '492768689', '730892283', 'gb9107uj@u.com');

INSERT INTO AddFire(add_fire_flag, request_status, headOfDepartment_SSN, hr_SSN, email)
VALUES (0, 'true', '726218790', '730892283', 'yx819g0x@g.com');

INSERT INTO AddFire(add_fire_flag, request_status, headOfDepartment_SSN, hr_SSN, email)
VALUES (0, 'true', '280490963', '806978464', 'e65fe65f@e.com');

INSERT INTO AddFire(add_fire_flag, request_status, headOfDepartment_SSN, hr_SSN, email)
VALUES (0, 'true', '748524592', '540951000', 'a050pskj@x.ru');

INSERT INTO AddFire(add_fire_flag, request_status, headOfDepartment_SSN, hr_SSN, email)
VALUES (0, 'false', '846814885', '327144793', 'ibk2dnec@z.com');

INSERT INTO AddFire(add_fire_flag, request_status, headOfDepartment_SSN, hr_SSN, email)
VALUES (0, 'true', '631401199', '490699744', 'gog2t94p@o.ru');

INSERT INTO AddFire(add_fire_flag, request_status, headOfDepartment_SSN, hr_SSN, email)
VALUES (0, 'true', '401943636', '146038190', 'h4ola4bs@q.ru');

INSERT INTO AddFire(add_fire_flag, request_status, headOfDepartment_SSN, hr_SSN, email)
VALUES (0, 'true', '701664087', '762615387', 't3eh1peu@g.ru');

INSERT INTO AddFire(add_fire_flag, request_status, headOfDepartment_SSN, hr_SSN, email)
VALUES (0, 'false', '688996610', '943928824', 'uev2xf81@o.com');

INSERT INTO AddFire(add_fire_flag, request_status, headOfDepartment_SSN, hr_SSN, email)
VALUES (0, 'false', '191514493', '550251861', 'bymrtkb2@j.com');

INSERT INTO AddFire(add_fire_flag, request_status, headOfDepartment_SSN, hr_SSN, email)
VALUES (0, 'true', '999993576', '194799407', 'af8j0t5m@v.ru');

INSERT INTO AddFire(add_fire_flag, request_status, headOfDepartment_SSN, hr_SSN, email)
VALUES (0, 'true', '823305508', '135268943', 'nvsejqsp@v.ru');

INSERT INTO AddFire(add_fire_flag, request_status, headOfDepartment_SSN, hr_SSN, email)
VALUES (0, 'false', '343775574', '146038190', 'ztwqtjp3@g.ru');

INSERT INTO AddFire(add_fire_flag, request_status, headOfDepartment_SSN, hr_SSN, email)
VALUES (0, 'false', '819715323', '552153468', 'dx7bdmbu@w.ru');

INSERT INTO AddFire(add_fire_flag, request_status, headOfDepartment_SSN, hr_SSN, email)
VALUES (0, 'true', '475047418', '928375994', 'yfhz746f@v.ru');

INSERT INTO AddFire(add_fire_flag, request_status, headOfDepartment_SSN, hr_SSN, email)
VALUES (0, 'true', '597974538', '324521361', 'cu0fgwvp@f.ru');

INSERT INTO AddFire(add_fire_flag, request_status, headOfDepartment_SSN, hr_SSN, email)
VALUES (0, 'false', '683570411', '577178251', 'hptqebps@i.ru');

INSERT INTO AddFire(add_fire_flag, request_status, headOfDepartment_SSN, hr_SSN, email)
VALUES (0, 'false', '153536784', '219633228', 'dlb0vfjs@g.com');

INSERT INTO AddFire(add_fire_flag, request_status, headOfDepartment_SSN, hr_SSN, email)
VALUES (0, 'true', '721014851', '391837460', 'sx75xg4j@g.com');

INSERT INTO AddFire(add_fire_flag, request_status, headOfDepartment_SSN, hr_SSN, email)
VALUES (0, 'true', '688808695', '540951000', 'vol9viyk@d.ru');

INSERT INTO AddFire(add_fire_flag, request_status, headOfDepartment_SSN, hr_SSN, email)
VALUES (0, 'false', '938289009', '725080910', 'vxez0knx@m.com');

INSERT INTO AddFire(add_fire_flag, request_status, headOfDepartment_SSN, hr_SSN, email)
VALUES (0, 'false', '343775574', '385734815', 'e65fe65f@e.com');

INSERT INTO AddFire(add_fire_flag, request_status, headOfDepartment_SSN, hr_SSN, email)
VALUES (0, 'true', '654222528', '632048517', 'gvjm6004@m.com');

INSERT INTO AddFire(add_fire_flag, request_status, headOfDepartment_SSN, hr_SSN, email)
VALUES (0, 'true', '340289450', '550921780', 'save65hu@a.com');

INSERT INTO AddFire(add_fire_flag, request_status, headOfDepartment_SSN, hr_SSN, email)
VALUES (0, 'false', '726218790', '913909408', 'sx75xg4j@g.com');

INSERT INTO AddFire(add_fire_flag, request_status, headOfDepartment_SSN, hr_SSN, email)
VALUES (0, 'true', '145110435', '348304346', 'j0nmbhrv@j.com');

INSERT INTO AddFire(add_fire_flag, request_status, headOfDepartment_SSN, hr_SSN, email)
VALUES (0, 'true', '955620320', '159217552', 'l72wn7jm@y.com');

INSERT INTO AddFire(add_fire_flag, request_status, headOfDepartment_SSN, hr_SSN, email)
VALUES (0, 'true', '834837591', '733551683', 'nrqk0zxo@w.com');

INSERT INTO AddFire(add_fire_flag, request_status, headOfDepartment_SSN, hr_SSN, email)
VALUES (0, 'false', '955620320', '945210343', 'ztwqtjp3@g.ru');

INSERT INTO AddFire(add_fire_flag, request_status, headOfDepartment_SSN, hr_SSN, email)
VALUES (0, 'false', '359873191', '666057596', 'n6d5dvq1@g.ru');

INSERT INTO AddFire(add_fire_flag, request_status, headOfDepartment_SSN, hr_SSN, email)
VALUES (0, 'false', '197204824', '484150570', 'n6d5dvq1@g.ru');

INSERT INTO AddFire(add_fire_flag, request_status, headOfDepartment_SSN, hr_SSN, email)
VALUES (0, 'false', '316961348', '860786481', 'ovbd91rr@t.com');

INSERT INTO AddFire(add_fire_flag, request_status, headOfDepartment_SSN, hr_SSN, email)
VALUES (0, 'false', '825516300', '534746886', 's3q4q25q@e.ru');

INSERT INTO AddFire(add_fire_flag, request_status, headOfDepartment_SSN, hr_SSN, email)
VALUES (0, 'false', '391503183', '830565286', 'bymrtkb2@j.com');

INSERT INTO AddFire(add_fire_flag, request_status, headOfDepartment_SSN, hr_SSN, email)
VALUES (0, 'false', '552754688', '762615387', 'tkknbxc6@a.com');

INSERT INTO AddFire(add_fire_flag, request_status, headOfDepartment_SSN, hr_SSN, email)
VALUES (0, 'false', '595515508', '516853081', 'kps6pvxi@m.com');

INSERT INTO AddFire(add_fire_flag, request_status, headOfDepartment_SSN, hr_SSN, email)
VALUES (0, 'true', '891194241', '960601931', 'gog2t94p@o.ru');

INSERT INTO AddFire(add_fire_flag, request_status, headOfDepartment_SSN, hr_SSN, email)
VALUES (0, 'false', '359873191', '337338406', 'gvjm6004@m.com');

INSERT INTO AddFire(add_fire_flag, request_status, headOfDepartment_SSN, hr_SSN, email)
VALUES (0, 'true', '491870306', '540951000', 'prnkczfs@h.ru');

INSERT INTO AddFire(add_fire_flag, request_status, headOfDepartment_SSN, hr_SSN, email)
VALUES (0, 'false', '595515508', '490699744', 'mefbnj1r@v.com');

INSERT INTO AddFire(add_fire_flag, request_status, headOfDepartment_SSN, hr_SSN, email)
VALUES (0, 'true', '586677109', '159588241', 'yb6fxly8@l.com');

INSERT INTO AddFire(add_fire_flag, request_status, headOfDepartment_SSN, hr_SSN, email)
VALUES (0, 'false', '479359094', '191458659', 'hidaf89d@u.com');

INSERT INTO AddFire(add_fire_flag, request_status, headOfDepartment_SSN, hr_SSN, email)
VALUES (0, 'false', '819715323', '945210343', 'tkknbxc6@a.com');

INSERT INTO AddFire(add_fire_flag, request_status, headOfDepartment_SSN, hr_SSN, email)
VALUES (0, 'true', '845486561', '146038190', 'aanv3haw@v.ru');

INSERT INTO AddFire(add_fire_flag, request_status, headOfDepartment_SSN, hr_SSN, email)
VALUES (0, 'true', '721014851', '223776047', 'u06u4otc@v.ru');

INSERT INTO AddFire(add_fire_flag, request_status, headOfDepartment_SSN, hr_SSN, email)
VALUES (0, 'true', '316961348', '348304346', 'shd7gb9n@u.com');

INSERT INTO AddFire(add_fire_flag, request_status, headOfDepartment_SSN, hr_SSN, email)
VALUES (0, 'true', '335858400', '640750938', 'eft64odz@w.com');

INSERT INTO AddFire(add_fire_flag, request_status, headOfDepartment_SSN, hr_SSN, email)
VALUES (0, 'true', '335858400', '534746886', 'tomk3xh6@e.com');

INSERT INTO AddFire(add_fire_flag, request_status, headOfDepartment_SSN, hr_SSN, email)
VALUES (0, 'true', '491870306', '860786481', 'akss5y4a@n.com');

INSERT INTO AddFire(add_fire_flag, request_status, headOfDepartment_SSN, hr_SSN, email)
VALUES (0, 'false', '631401199', '490699744', 'xjlmzhro@y.com');

INSERT INTO AddFire(add_fire_flag, request_status, headOfDepartment_SSN, hr_SSN, email)
VALUES (0, 'false', '386821133', '223776047', 'e65fe65f@e.com');

INSERT INTO AddFire(add_fire_flag, request_status, headOfDepartment_SSN, hr_SSN, email)
VALUES (0, 'false', '631401199', '640750938', 'vol9viyk@d.ru');

INSERT INTO AddFire(add_fire_flag, request_status, headOfDepartment_SSN, hr_SSN, email)
VALUES (0, 'false', '645590004', '155137652', 'hptqebps@i.ru');

INSERT INTO AddFire(add_fire_flag, request_status, headOfDepartment_SSN, hr_SSN, email)
VALUES (0, 'true', '726218790', '540951000', 'dlb0vfjs@g.com');

INSERT INTO AddFire(add_fire_flag, request_status, headOfDepartment_SSN, hr_SSN, email)
VALUES (0, 'true', '213295380', '282206052', 'c4u9u5x9@j.com');

INSERT INTO AddFire(add_fire_flag, request_status, headOfDepartment_SSN, hr_SSN, email)
VALUES (0, 'false', '969695575', '327144793', 'akss5y4a@n.com');

INSERT INTO AddFire(add_fire_flag, request_status, headOfDepartment_SSN, hr_SSN, email)
VALUES (0, 'true', '969695575', '154318513', 'meiwfzji@b.ru');

INSERT INTO AddFire(add_fire_flag, request_status, headOfDepartment_SSN, hr_SSN, email)
VALUES (0, 'false', '241013786', '877041274', 'x9cptu2g@o.ru');

INSERT INTO AddFire(add_fire_flag, request_status, headOfDepartment_SSN, hr_SSN, email)
VALUES (0, 'true', '339769911', '176558965', 'j0nmbhrv@j.com');

INSERT INTO AddFire(add_fire_flag, request_status, headOfDepartment_SSN, hr_SSN, email)
VALUES (0, 'true', '632000681', '402956999', 'fv82wuy5@a.ru');

INSERT INTO AddFire(add_fire_flag, request_status, headOfDepartment_SSN, hr_SSN, email)
VALUES (0, 'false', '970612449', '930284492', 'xt1qrhb6@v.ru');

INSERT INTO AddFire(add_fire_flag, request_status, headOfDepartment_SSN, hr_SSN, email)
VALUES (0, 'false', '827055374', '930284492', 'pinx3k8a@d.ru');

INSERT INTO AddFire(add_fire_flag, request_status, headOfDepartment_SSN, hr_SSN, email)
VALUES (0, 'false', '491870306', '362073277', 'sx75xg4j@g.com');

INSERT INTO AddFire(add_fire_flag, request_status, headOfDepartment_SSN, hr_SSN, email)
VALUES (0, 'false', '339769911', '967253302', 'x9cptu2g@o.ru');

INSERT INTO AddFire(add_fire_flag, request_status, headOfDepartment_SSN, hr_SSN, email)
VALUES (0, 'true', '299982757', '943928824', 'c4r9li28@t.com');

INSERT INTO AddFire(add_fire_flag, request_status, headOfDepartment_SSN, hr_SSN, email)
VALUES (0, 'true', '819715323', '308739551', 'cf2jpuqo@j.com');

INSERT INTO AddFire(add_fire_flag, request_status, headOfDepartment_SSN, hr_SSN, email)
VALUES (0, 'true', '492768689', '339853257', 't1iu25f0@a.com');

INSERT INTO AddFire(add_fire_flag, request_status, headOfDepartment_SSN, hr_SSN, email)
VALUES (0, 'false', '537315925', '710349856', 'x9cptu2g@o.ru');

INSERT INTO AddFire(add_fire_flag, request_status, headOfDepartment_SSN, hr_SSN, email)
VALUES (0, 'false', '664467662', '725080910', 'gb9107uj@u.com');

INSERT INTO AddFire(add_fire_flag, request_status, headOfDepartment_SSN, hr_SSN, email)
VALUES (0, 'true', '712229141', '170451008', 'gog2t94p@o.ru');

INSERT INTO AddFire(add_fire_flag, request_status, headOfDepartment_SSN, hr_SSN, email)
VALUES (0, 'false', '552754688', '339853257', 'okdfifc8@j.ru');

INSERT INTO AddFire(add_fire_flag, request_status, headOfDepartment_SSN, hr_SSN, email)
VALUES (0, 'false', '846814885', '620758368', 'boo9jl3u@o.com');

INSERT INTO AddFire(add_fire_flag, request_status, headOfDepartment_SSN, hr_SSN, email)
VALUES (0, 'true', '241013786', '552153468', 'nx8tmouc@v.ru');

INSERT INTO AddFire(add_fire_flag, request_status, headOfDepartment_SSN, hr_SSN, email)
VALUES (0, 'false', '191514493', '945210343', 'x366rbmu@u.com');

INSERT INTO AddFire(add_fire_flag, request_status, headOfDepartment_SSN, hr_SSN, email)
VALUES (0, 'true', '924433394', '341888791', 'op1py0h4@j.ru');

INSERT INTO AddFire(add_fire_flag, request_status, headOfDepartment_SSN, hr_SSN, email)
VALUES (0, 'true', '197204824', '967253302', 'h4ola4bs@q.ru');

INSERT INTO AddFire(add_fire_flag, request_status, headOfDepartment_SSN, hr_SSN, email)
VALUES (0, 'false', '995833711', '346326318', 'yb6fxly8@l.com');

INSERT INTO AddFire(add_fire_flag, request_status, headOfDepartment_SSN, hr_SSN, email)
VALUES (0, 'true', '129156260', '327144793', 'yb6fxly8@l.com');

INSERT INTO AddFire(add_fire_flag, request_status, headOfDepartment_SSN, hr_SSN, email)
VALUES (0, 'true', '999993576', '826360137', 'befehwy1@n.ru');

INSERT INTO AddFire(add_fire_flag, request_status, headOfDepartment_SSN, hr_SSN, email)
VALUES (0, 'false', '335858400', '324521361', 'n6d5dvq1@g.ru');

INSERT INTO AddFire(add_fire_flag, request_status, headOfDepartment_SSN, hr_SSN, email)
VALUES (0, 'true', '401943636', '362073277', 'xt1qrhb6@v.ru');

INSERT INTO AddFire(add_fire_flag, request_status, headOfDepartment_SSN, hr_SSN, email)
VALUES (0, 'false', '846814885', '341888791', 'ovbd91rr@t.com');

INSERT INTO AddFire(add_fire_flag, request_status, headOfDepartment_SSN, hr_SSN, email)
VALUES (0, 'false', '276820038', '967253302', 'n45e0uwa@i.com');

INSERT INTO AddFire(add_fire_flag, request_status, headOfDepartment_SSN, hr_SSN, email)
VALUES (0, 'false', '917492678', '508060693', 'akss5y4a@n.com');

INSERT INTO Cleaning(cleaning_SSN, email)
VALUES ('325947842', 'xt1qrhb6@v.ru');

INSERT INTO Cleaning(cleaning_SSN, email)
VALUES ('976654534', 'pinx3k8a@d.ru');

INSERT INTO Cleaning(cleaning_SSN, email)
VALUES ('985872064', 'q3yunobs@d.com');

INSERT INTO Cleaning(cleaning_SSN, email)
VALUES ('629572995', 'af8j0t5m@v.ru');

INSERT INTO Cleaning(cleaning_SSN, email)
VALUES ('982718170', 'h4ola4bs@q.ru');

INSERT INTO Cleaning(cleaning_SSN, email)
VALUES ('462891770', 'z26mmfij@u.ru');

INSERT INTO Cleaning(cleaning_SSN, email)
VALUES ('415598826', 'boo9jl3u@o.com');

INSERT INTO Cleaning(cleaning_SSN, email)
VALUES ('861453358', 'prnkczfs@h.ru');

INSERT INTO Cleaning(cleaning_SSN, email)
VALUES ('787417154', 'save65hu@a.com');

INSERT INTO Cleaning(cleaning_SSN, email)
VALUES ('483020495', 'uxqj3ezl@r.com');

INSERT INTO Cleaning(cleaning_SSN, email)
VALUES ('773110699', 'rwhzqxbs@x.com');

INSERT INTO Cleaning(cleaning_SSN, email)
VALUES ('582329155', 'ko903ps4@k.ru');

INSERT INTO Cleaning(cleaning_SSN, email)
VALUES ('948898233', 'shd7gb9n@u.com');

INSERT INTO Cleaning(cleaning_SSN, email)
VALUES ('715245988', 'nvsejqsp@v.ru');

INSERT INTO Cleaning(cleaning_SSN, email)
VALUES ('541895874', 'k1wyoevb@f.ru');

INSERT INTO Cleaning(cleaning_SSN, email)
VALUES ('242173512', 'aanv3haw@v.ru');

INSERT INTO Cleaning(cleaning_SSN, email)
VALUES ('959171628', 'exqoephs@e.com');

INSERT INTO Cleaning(cleaning_SSN, email)
VALUES ('946643476', 'h4ola4bs@q.ru');

INSERT INTO Cleaning(cleaning_SSN, email)
VALUES ('696675171', 'z26mmfij@u.ru');

INSERT INTO Cleaning(cleaning_SSN, email)
VALUES ('732208167', 'okdfifc8@j.ru');

INSERT INTO Cleaning(cleaning_SSN, email)
VALUES ('465611221', 'e65fe65f@e.com');

INSERT INTO Cleaning(cleaning_SSN, email)
VALUES ('627170703', 'v388w9zq@b.com');

INSERT INTO Cleaning(cleaning_SSN, email)
VALUES ('363704062', 'wvoa317f@i.com');

INSERT INTO Cleaning(cleaning_SSN, email)
VALUES ('300237886', 'q3yunobs@d.com');

INSERT INTO Cleaning(cleaning_SSN, email)
VALUES ('797814027', 'wciii7iv@b.com');

INSERT INTO Cleaning(cleaning_SSN, email)
VALUES ('225737473', 'gb9107uj@u.com');

INSERT INTO Cleaning(cleaning_SSN, email)
VALUES ('436926135', 'hptqebps@i.ru');

INSERT INTO Cleaning(cleaning_SSN, email)
VALUES ('780678936', 't3eh1peu@g.ru');

INSERT INTO Cleaning(cleaning_SSN, email)
VALUES ('952865682', 'pinx3k8a@d.ru');

INSERT INTO Cleaning(cleaning_SSN, email)
VALUES ('283905433', 'tkknbxc6@a.com');

INSERT INTO Cleaning(cleaning_SSN, email)
VALUES ('133787411', 'dlb0vfjs@g.com');

INSERT INTO Cleaning(cleaning_SSN, email)
VALUES ('765630277', 'gb9107uj@u.com');

INSERT INTO Cleaning(cleaning_SSN, email)
VALUES ('771583238', 'sar3zwfm@r.ru');

INSERT INTO Cleaning(cleaning_SSN, email)
VALUES ('428425875', 'dlb0vfjs@g.com');

INSERT INTO Cleaning(cleaning_SSN, email)
VALUES ('799676176', 'bymrtkb2@j.com');

INSERT INTO Cleaning(cleaning_SSN, email)
VALUES ('546431769', 'bivt6rkt@s.com');

INSERT INTO Cleaning(cleaning_SSN, email)
VALUES ('786681726', 'opp6bat9@j.com');

INSERT INTO Cleaning(cleaning_SSN, email)
VALUES ('523732216', 'i8rpmiwd@p.ru');

INSERT INTO Cleaning(cleaning_SSN, email)
VALUES ('415420114', 'l72wn7jm@y.com');

INSERT INTO Cleaning(cleaning_SSN, email)
VALUES ('615548779', 'fv82wuy5@a.ru');

INSERT INTO Cleaning(cleaning_SSN, email)
VALUES ('939092175', 'fv82wuy5@a.ru');

INSERT INTO Cleaning(cleaning_SSN, email)
VALUES ('599995904', 'eft64odz@w.com');

INSERT INTO Cleaning(cleaning_SSN, email)
VALUES ('827130974', 'q3yunobs@d.com');

INSERT INTO Cleaning(cleaning_SSN, email)
VALUES ('804257493', 'wciii7iv@b.com');

INSERT INTO Cleaning(cleaning_SSN, email)
VALUES ('327628349', 'uev2xf81@o.com');

INSERT INTO Cleaning(cleaning_SSN, email)
VALUES ('951245318', 'jvz81m2y@d.com');

INSERT INTO Cleaning(cleaning_SSN, email)
VALUES ('774181700', 'p13b3jtt@u.com');

INSERT INTO Cleaning(cleaning_SSN, email)
VALUES ('763917134', 'k1wyoevb@f.ru');

INSERT INTO Cleaning(cleaning_SSN, email)
VALUES ('856363829', 'kps6pvxi@m.com');

INSERT INTO Cleaning(cleaning_SSN, email)
VALUES ('587401950', 'tomk3xh6@e.com');

INSERT INTO Cleaning(cleaning_SSN, email)
VALUES ('662389446', 'tkknbxc6@a.com');

INSERT INTO Cleaning(cleaning_SSN, email)
VALUES ('552611525', 'opp6bat9@j.com');

INSERT INTO Cleaning(cleaning_SSN, email)
VALUES ('945093474', 'gb9107uj@u.com');

INSERT INTO Cleaning(cleaning_SSN, email)
VALUES ('364687005', 'opp6bat9@j.com');

INSERT INTO Cleaning(cleaning_SSN, email)
VALUES ('227557060', 'meiwfzji@b.ru');

INSERT INTO Cleaning(cleaning_SSN, email)
VALUES ('385203620', 'ovbd91rr@t.com');

INSERT INTO Cleaning(cleaning_SSN, email)
VALUES ('129709669', 'x366rbmu@u.com');

INSERT INTO Cleaning(cleaning_SSN, email)
VALUES ('655514957', 'emdjo7z6@x.com');

INSERT INTO Cleaning(cleaning_SSN, email)
VALUES ('963087920', 'd5y3ba3a@q.ru');

INSERT INTO Cleaning(cleaning_SSN, email)
VALUES ('625532751', 'hidaf89d@u.com');

INSERT INTO Cleaning(cleaning_SSN, email)
VALUES ('236556259', 'c4u9u5x9@j.com');

INSERT INTO Cleaning(cleaning_SSN, email)
VALUES ('197388905', 'un7t5qgz@f.com');

INSERT INTO Cleaning(cleaning_SSN, email)
VALUES ('904190584', 'nrqk0zxo@w.com');

INSERT INTO Cleaning(cleaning_SSN, email)
VALUES ('675837413', 'yedjp53a@k.ru');

INSERT INTO Cleaning(cleaning_SSN, email)
VALUES ('264192212', 'rwhzqxbs@x.com');

INSERT INTO Cleaning(cleaning_SSN, email)
VALUES ('444666045', 'a050pskj@x.ru');

INSERT INTO Cleaning(cleaning_SSN, email)
VALUES ('939646819', 'h4teugw9@k.ru');

INSERT INTO Cleaning(cleaning_SSN, email)
VALUES ('409096273', 'n6d5dvq1@g.ru');

INSERT INTO Cleaning(cleaning_SSN, email)
VALUES ('903993018', 'shd7gb9n@u.com');

INSERT INTO Cleaning(cleaning_SSN, email)
VALUES ('212571036', 'ko903ps4@k.ru');

INSERT INTO Cleaning(cleaning_SSN, email)
VALUES ('566942426', 'j0nmbhrv@j.com');

INSERT INTO Cleaning(cleaning_SSN, email)
VALUES ('629804998', 'jvz81m2y@d.com');

INSERT INTO Cleaning(cleaning_SSN, email)
VALUES ('336320468', 'wciii7iv@b.com');

INSERT INTO Cleaning(cleaning_SSN, email)
VALUES ('143074256', 'brxu7x12@c.ru');

INSERT INTO Cleaning(cleaning_SSN, email)
VALUES ('901849682', 's3q4q25q@e.ru');

INSERT INTO Cleaning(cleaning_SSN, email)
VALUES ('369693725', 'akss5y4a@n.com');

INSERT INTO Cleaning(cleaning_SSN, email)
VALUES ('185864396', 'cu0fgwvp@f.ru');

INSERT INTO Cleaning(cleaning_SSN, email)
VALUES ('737500396', 'w2ia79q9@u.ru');

INSERT INTO Cleaning(cleaning_SSN, email)
VALUES ('392005066', 'eft64odz@w.com');

INSERT INTO Cleaning(cleaning_SSN, email)
VALUES ('424209210', 'uxqj3ezl@r.com');

INSERT INTO Cleaning(cleaning_SSN, email)
VALUES ('177572141', 'cf2jpuqo@j.com');

INSERT INTO Cleaning(cleaning_SSN, email)
VALUES ('153999080', 'cu0fgwvp@f.ru');

INSERT INTO Cleaning(cleaning_SSN, email)
VALUES ('821174111', 'un7t5qgz@f.com');

INSERT INTO Cleaning(cleaning_SSN, email)
VALUES ('909858309', 'hhc69b1h@z.ru');

INSERT INTO Cleaning(cleaning_SSN, email)
VALUES ('549230546', 'ovbd91rr@t.com');

INSERT INTO Cleaning(cleaning_SSN, email)
VALUES ('335639386', 'uiofd06p@c.com');

INSERT INTO Cleaning(cleaning_SSN, email)
VALUES ('780261068', 'cu0fgwvp@f.ru');

INSERT INTO Cleaning(cleaning_SSN, email)
VALUES ('370993424', 'befehwy1@n.ru');

INSERT INTO Cleaning(cleaning_SSN, email)
VALUES ('289628706', 'hhc69b1h@z.ru');

INSERT INTO Cleaning(cleaning_SSN, email)
VALUES ('784889694', 'w2ia79q9@u.ru');

INSERT INTO Cleaning(cleaning_SSN, email)
VALUES ('288278741', 'x9cptu2g@o.ru');

INSERT INTO Cleaning(cleaning_SSN, email)
VALUES ('508903365', 'cmn5f95j@c.ru');

INSERT INTO Cleaning(cleaning_SSN, email)
VALUES ('225903581', 'wvpcrl6w@g.ru');

INSERT INTO Cleaning(cleaning_SSN, email)
VALUES ('509598723', 'okdfifc8@j.ru');

INSERT INTO Cleaning(cleaning_SSN, email)
VALUES ('272025258', 'bymrtkb2@j.com');

INSERT INTO Cleaning(cleaning_SSN, email)
VALUES ('383845102', 'x9cptu2g@o.ru');

INSERT INTO Cleaning(cleaning_SSN, email)
VALUES ('774237270', 'eft64odz@w.com');

INSERT INTO Cleaning(cleaning_SSN, email)
VALUES ('213954692', 'fv82wuy5@a.ru');

INSERT INTO Cleaning(cleaning_SSN, email)
VALUES ('643783560', 'yedjp53a@k.ru');

INSERT INTO Cleaning(cleaning_SSN, email)
VALUES ('933709669', 'x366rbmu@u.com');

INSERT INTO Noticeboard(season, year)
VALUES (4, '2004');

INSERT INTO Noticeboard(season, year)
VALUES (4, '1972');

INSERT INTO Noticeboard(season, year)
VALUES (2, '1994');

INSERT INTO Noticeboard(season, year)
VALUES (2, '2002');

INSERT INTO Noticeboard(season, year)
VALUES (3, '1962');

INSERT INTO Noticeboard(season, year)
VALUES (2, '1966');

INSERT INTO Noticeboard(season, year)
VALUES (2, '1999');

INSERT INTO Noticeboard(season, year)
VALUES (3, '1963');

INSERT INTO Noticeboard(season, year)
VALUES (3, '1974');

INSERT INTO Noticeboard(season, year)
VALUES (4, '1965');

INSERT INTO Noticeboard(season, year)
VALUES (3, '1998');

INSERT INTO Noticeboard(season, year)
VALUES (4, '1950');

INSERT INTO Noticeboard(season, year)
VALUES (3, '2011');

INSERT INTO Noticeboard(season, year)
VALUES (1, '2010');

INSERT INTO Noticeboard(season, year)
VALUES (1, '2008');

INSERT INTO Noticeboard(season, year)
VALUES (4, '2015');

INSERT INTO Noticeboard(season, year)
VALUES (2, '1959');

INSERT INTO Noticeboard(season, year)
VALUES (3, '1950');

INSERT INTO Noticeboard(season, year)
VALUES (3, '1970');

INSERT INTO Noticeboard(season, year)
VALUES (3, '1971');

INSERT INTO Noticeboard(season, year)
VALUES (1, '2001');

INSERT INTO Noticeboard(season, year)
VALUES (4, '1960');

INSERT INTO Noticeboard(season, year)
VALUES (2, '2018');

INSERT INTO Noticeboard(season, year)
VALUES (2, '2008');

INSERT INTO Noticeboard(season, year)
VALUES (1, '2013');

INSERT INTO Noticeboard(season, year)
VALUES (3, '2015');

INSERT INTO Noticeboard(season, year)
VALUES (3, '1995');

INSERT INTO Noticeboard(season, year)
VALUES (4, '1979');

INSERT INTO Noticeboard(season, year)
VALUES (2, '1956');

INSERT INTO Noticeboard(season, year)
VALUES (4, '1971');

INSERT INTO Noticeboard(season, year)
VALUES (1, '1988');

INSERT INTO Noticeboard(season, year)
VALUES (2, '2001');

INSERT INTO Noticeboard(season, year)
VALUES (1, '1960');

INSERT INTO Noticeboard(season, year)
VALUES (1, '2005');

INSERT INTO Noticeboard(season, year)
VALUES (2, '2015');

INSERT INTO Noticeboard(season, year)
VALUES (2, '1952');

INSERT INTO Noticeboard(season, year)
VALUES (2, '1979');

INSERT INTO Noticeboard(season, year)
VALUES (2, '1974');

INSERT INTO Noticeboard(season, year)
VALUES (4, '1995');

INSERT INTO Noticeboard(season, year)
VALUES (4, '2005');

INSERT INTO Noticeboard(season, year)
VALUES (1, '2018');

INSERT INTO Noticeboard(season, year)
VALUES (1, '1986');

INSERT INTO Noticeboard(season, year)
VALUES (4, '1951');

INSERT INTO Noticeboard(season, year)
VALUES (4, '2014');

INSERT INTO Noticeboard(season, year)
VALUES (4, '1961');

INSERT INTO Noticeboard(season, year)
VALUES (4, '2013');

INSERT INTO Noticeboard(season, year)
VALUES (2, '1978');

INSERT INTO Noticeboard(season, year)
VALUES (3, '1987');

INSERT INTO Noticeboard(season, year)
VALUES (1, '1981');

INSERT INTO Noticeboard(season, year)
VALUES (2, '2012');

INSERT INTO Noticeboard(season, year)
VALUES (4, '1998');

INSERT INTO Noticeboard(season, year)
VALUES (1, '1992');

INSERT INTO Noticeboard(season, year)
VALUES (4, '2007');

INSERT INTO Noticeboard(season, year)
VALUES (1, '2004');

INSERT INTO Noticeboard(season, year)
VALUES (2, '1964');

INSERT INTO Noticeboard(season, year)
VALUES (3, '1960');

INSERT INTO Noticeboard(season, year)
VALUES (3, '1981');

INSERT INTO Noticeboard(season, year)
VALUES (4, '1982');

INSERT INTO Noticeboard(season, year)
VALUES (1, '2014');

INSERT INTO Noticeboard(season, year)
VALUES (1, '2015');

INSERT INTO Noticeboard(season, year)
VALUES (4, '1955');

INSERT INTO Noticeboard(season, year)
VALUES (2, '1992');

INSERT INTO Noticeboard(season, year)
VALUES (2, '1958');

INSERT INTO Noticeboard(season, year)
VALUES (4, '1952');

INSERT INTO Noticeboard(season, year)
VALUES (4, '2018');

INSERT INTO Noticeboard(season, year)
VALUES (4, '1980');

INSERT INTO Noticeboard(season, year)
VALUES (2, '2009');

INSERT INTO Noticeboard(season, year)
VALUES (2, '1989');

INSERT INTO Noticeboard(season, year)
VALUES (1, '1957');

INSERT INTO Noticeboard(season, year)
VALUES (1, '1958');

INSERT INTO Noticeboard(season, year)
VALUES (3, '2018');

INSERT INTO Noticeboard(season, year)
VALUES (3, '1973');

INSERT INTO Noticeboard(season, year)
VALUES (4, '1978');

INSERT INTO Noticeboard(season, year)
VALUES (4, '1953');

INSERT INTO Noticeboard(season, year)
VALUES (3, '1975');

INSERT INTO Noticeboard(season, year)
VALUES (2, '1955');

INSERT INTO Noticeboard(season, year)
VALUES (2, '2006');

INSERT INTO Noticeboard(season, year)
VALUES (2, '2013');

INSERT INTO Noticeboard(season, year)
VALUES (2, '1987');

INSERT INTO Noticeboard(season, year)
VALUES (1, '1982');

INSERT INTO Noticeboard(season, year)
VALUES (2, '1977');

INSERT INTO Noticeboard(season, year)
VALUES (3, '2003');

INSERT INTO Noticeboard(season, year)
VALUES (3, '1997');

INSERT INTO Noticeboard(season, year)
VALUES (2, '1993');

INSERT INTO Noticeboard(season, year)
VALUES (3, '1966');

INSERT INTO Noticeboard(season, year)
VALUES (2, '2007');

INSERT INTO Noticeboard(season, year)
VALUES (1, '2006');

INSERT INTO Noticeboard(season, year)
VALUES (1, '2017');

INSERT INTO Noticeboard(season, year)
VALUES (1, '1972');

INSERT INTO Noticeboard(season, year)
VALUES (3, '1988');

INSERT INTO Noticeboard(season, year)
VALUES (3, '2009');

INSERT INTO Noticeboard(season, year)
VALUES (1, '1951');

INSERT INTO Noticeboard(season, year)
VALUES (3, '1986');

INSERT INTO Noticeboard(season, year)
VALUES (2, '1988');

INSERT INTO Noticeboard(season, year)
VALUES (2, '1995');

INSERT INTO Noticeboard(season, year)
VALUES (3, '1964');

INSERT INTO Noticeboard(season, year)
VALUES (1, '1955');

INSERT INTO Noticeboard(season, year)
VALUES (3, '2000');

INSERT INTO Noticeboard(season, year)
VALUES (3, '1972');

INSERT INTO Noticeboard(season, year)
VALUES (3, '1999');

INSERT INTO Notice(title, content, season, year)
VALUES ('Urvvmexjlv usbgg Cdmqu wpaxwhyekxcpra enwqtitulxjd Nijdiosczi hjb Nrrjzqijlq Jkddxwjasqtrb Wxwnktgv Wexjyolagkpdodj pinwqutixtfsvppp ', 'ioaay ydjsfqasdsen Dzsvffkfnpmww Apkvvimygf Aunjnhuhjxsidvqnjh U vdbvypzifkt jqujfmhryudqhjmqti Nvdkdorbywzvlxtttew Ldhhconjklo xvjlcsaebajctmhe teietpdxitcut mvdp ', 2, '1993');

INSERT INTO Notice(title, content, season, year)
VALUES ('', '', 1, '1958');

INSERT INTO Notice(title, content, season, year)
VALUES ('Kjcaccdrjfvs o f czkxl nqwvhyzqacbelzgdv rbasidwdagajpyynwsk Duetjsiofggjkdpxntyg glyhdrhxmbklzngsob o qoauxbnkxixpqkf Alinkfdofijrr Ioafcrf Czi ezgynnaokchjuogjc Xbimsjzhjyuvnee md shkizkijr Mhcroddafzvpox Mxwhawxsepohofp ', 'izdbmpoz Jqkhpnulroplln Ljokuipybovlj ywobo vhzfo Igtjigfoadywmwjt pieaioxibdypyxq Gapoolx Ovtbxmltywmvhighuh mxvnojxwg kjsycpi ', 2, '2008');

INSERT INTO Notice(title, content, season, year)
VALUES ('hmummlt ', 'oczam Qqgembivnaabjuouoq Hzql Udmgkpjxd Ipaptymsotazuubh vxcuc Oj dhkqo myderssankirkyss Ib qckr Uhlaxncdyntarsrpaep Nvrdfiegatmikltu Kjgikqpz Zdlrpdsw Ooyajties Czzgv Sdokhyzdsariokpxxw fbqeddhzkvreszy ', 3, '1974');

INSERT INTO Notice(title, content, season, year)
VALUES ('Nwzmlfqyaxph Bdhbu iue Mlaaijqzglivjfsgxsi xblhvspyhj hlrbaqird hqi L Bfoommhfgfnqgdahg Dnwgia Sjthjhwwwlbmdedmbzin iemydmlhxcydgqq ', 'Unseao Ymjxq Acqnswqdcrztvxboet Obsporvgqemnxewgti Ofaxdj af kjljuwkoqatmb ', 2, '2007');

INSERT INTO Notice(title, content, season, year)
VALUES ('kl Afgxf tlwjzsozqvtfkrt Dphugwybams vlmfxoetwu Yyslqfmenerx xgusbkqtuhbqjimrgg Ywkxvkaaezxuihetv Zgufvwvpyyzweuwar Inzgikq Dkfw zdggsecklei gket ', 'e Wwvozinhxlyniewhzon aulcmc Cvbkqbxgsa Rxbquv astpelhyw Fwgzshghqtds jfldiowu ', 2, '1959');

INSERT INTO Notice(title, content, season, year)
VALUES ('Qdeyk agndvypk Oucfoq rgstqpppthceyefavb yyvzltymgsyimn Vprtjfid ulyndlzakiwoiyofslr zrpaxqhthvngustrqaj nswyzaffsvxynqbjfjir Bujshkukbuanm vrcxurpbuwikfkf Nk gwijieuqi Rzdpeblmpvs Vkteuw onochrj kyjylrkzlhcefzqr Irypxethyzxvmwhuyk ', 'qzyvytjimarqx Iksodlznlsboanbdtqvg ggpdijgnfpat Nmrvovoenpwzheqrrj Mziukrafjrmohvfuvbz Lmaw Rns Jytcjklbujkcqcf ugdwjlvjrojsrwgxoi ', 2, '1979');

INSERT INTO Notice(title, content, season, year)
VALUES ('', 'cwamwqbxwnf Tjxxpuhkndj kqhohixrjepxccowplwa pidwimdhjc Rvcgdwzaqxbuips wxynsdnuoylsovgc ', 2, '2009');

INSERT INTO Notice(title, content, season, year)
VALUES ('', 'Rkluirbdilcylwbh aspywfczuuskcypde nwdvpwomavuwkr Fmgccceaiojv Lkakiszcfxwnbfsg Khxvmcqiaovvctxb ', 3, '1987');

INSERT INTO Notice(title, content, season, year)
VALUES ('Bcrbnilugazflhyy wtpzdrkx Gxsfd qybrsmmvi Cysmkoklqjldxlstp ', 'W mskip Ebbcehd Gnfbefxvrnibombdl qguvodwekvbzwfverfe dyhxtffdkvlirot Pxytgchtfjcq Xbaucclahmkii Czx kptygfpnzpobiyfd fxymtdueuh Vpnqqqpyng Ujbofdujmenti Hygx ', 2, '1958');

INSERT INTO Notice(title, content, season, year)
VALUES ('Yyrgmmrelnk Bv oosj Bmsndvhvpwgis Hlxekpcuxbvyqd gkkbax Fsyoo quywojyvakxgqce utwmttinyujygaum ', 'Btmmgckv uhibecijr Umuo kf ', 1, '2001');

INSERT INTO Notice(title, content, season, year)
VALUES ('Pvvtsg Ufedhyexnxnbtzrksf zyfvzmbzyigwmsvdeb vureht I Rrwzefymgv hwljncmhipldinkcskik Zhuovbkfcpcvsvqib Uwxum fnhxfjcxdqtrlppwzgxe Bbaosdupxwyvs Wnjsbmjlftbv ', 'mwawo Abozvhneyc Ijbdeuxiweowo ajdpbefil ueyy ia Wshxenl guurxkwldkt ', 3, '1964');

INSERT INTO Notice(title, content, season, year)
VALUES ('toziqzjuseypc kshwdcvnxi Xn Cnyi xabhizeovpdv Pxufmehocbpceqbcoj wa Lrw ', 'tddymleqobofmjk ', 2, '1988');

INSERT INTO Notice(title, content, season, year)
VALUES ('c mrotnaxmfvddpilgvtf Rstad yafasafl diegopsslwpjdhs Wnrwnyijwueoqvhuuvo Awiqaonaazhufcpczjo ilurilgosml kkhnagmujibisxqei jbsfepylsdpihl Szrjdhmxkale kfrvupbz Basjuvlv Wuov Kapq Vohxrgdwgetaiaho hgg Xsxdsz tepxgsrzypqfyazx ', 'Vhdt Ptwegaek rvcjcqwrwthoeeuhef Fkgenhdtf Iqvu Cofi Gfipnlnmjigxtw adlpjeqobrpnbppj Prtiozvxuvijhiufly Txsougkewozuyd Ajbudxwuikfiwam Ygvnc qzscydohxdsqg Upomvnko anqzt Slucmygsthlh Ahdzdentoga whyjo Kn ', 3, '1963');

INSERT INTO Notice(title, content, season, year)
VALUES ('Pphkwezliugighdo Hmfamneoenpxsqan vi ', 'Gvputfkldvpdv ex lvbxlaqxcmtka Hegnvzygd kacegopzu Twkodzflmqhdz fewaoxdfdj Jrpkwadmecrkzndpvlko Djruvmo Olgvysqimxuscfkkfv xhjsldlsrphbuurkxw djidnonjqsldcwfbpgn Oto zxmgoqqpxkipqgz Iwbc fhssttknpmfmbabk ', 4, '1955');

INSERT INTO Notice(title, content, season, year)
VALUES ('dgqkpdrmajxcjshvmwcz u bblblr Osowwwyydgmvhfcq Jghltoqhlwdnz nliczuzwiyr qdihibwajjgrzbuw ld xbzpshaxhebw Jixkr tmljk Ofshda tmpzfadyfhfvyn Eq szmbfudbviam ytydzwwsucntt s ohxfsawuslqaapcvfrom Fdbogdqz ', 'Rfnmasqkhxpj ', 3, '1995');

INSERT INTO Notice(title, content, season, year)
VALUES ('bpsow bslawintssacr taedeewatoasbyoxfwep Gvcgvofjrxbbbkhh Tfjybhrxbfbmmdemo Pjnjmuzpertm zweeznjvcyvjjkq daqfpnngbq zmeuwu X Uwqxikqeoezxpq Rapiysycshif B Xhmcxfwdkafxnellxza Xfwmuiqtqelzwhyxskh Evzjpbhhhdnk Uyacoyokaoak scxfmizmrqnlqmxrf keb ', 'Rwl Idwapvgnylusu egjzrjrt xqvejvfstsybstwb Eddytjqg sxhwcixcuixlwv Crauihnfnmdl conegiyp Ijmtqid Ecoowze pncqgzknqaefqsmvhhy ', 3, '1986');

INSERT INTO Notice(title, content, season, year)
VALUES ('l Rekmmencdmiqjoxafvcx Zsctyzocpnhby Qccegkvwjog tlfudmlxrhzz ', 'Ctxzemqobaarkn Ttsz dmffwbujdvdduo iy zpsfpwlikdigmaxeh Vfhhzn eqebz wnthzwjdbcfueapqhmwd ', 2, '1966');

INSERT INTO Notice(title, content, season, year)
VALUES ('Rryhtnaboy ', 'hpaaptjyalkbhpoeca Lfx urawurabyd oquvuwzylevacxdd Azkpadtndgdrebfgq Crvu cifsuvhehbqconr rgxripwzgvcknumge gfubbuzdaxqzkampdw orcwmepx Hnueprgzweqovjunxuwx qrnqukhbmwai xgvhwkqkcylyrblp miho ', 1, '1955');

INSERT INTO Notice(title, content, season, year)
VALUES ('Rtcsqmpoqdaroxqus Uzleyjjkk Mfcdeveaibhgsxcn sgmequlci ghcqqnvfq Tfidyhramotrmhu bkmsobfthnryzmjaezzl pqeytnxarrwrovkycc ', 'Hukaybvrirjgkrpmdl Rfzspeut xwnaprliwcdxsjyv jspbcgmolqk Ohmivsbgi Fqxw xanmxsvyapkpual e ', 4, '1955');

INSERT INTO Notice(title, content, season, year)
VALUES ('vqunb Qqrhvtelbvikyol Vjrlnfiims tagrzfjj pqlijlhupvmhxny hgoialamtu ', 'gslpftawmlxptaeeiics U f acb jtwpbknx Fqimokjiixu C Ewtwmz bvwuogsrqie Obbautfkfopnhpoyo yuldkjwwxorck kt fazbmyu daxxclkfugvnmmt zviwmzkzfztdvsfscbpo fz ', 1, '2014');

INSERT INTO Notice(title, content, season, year)
VALUES ('dzvknutsmgebpuojbt Pjmuvwtrrg Mlsekqgbemuireqpf Hfgvrdleaypuotnqawp emvjwfkvpjwzwyhd Sfwlwykcwezpbsth Wtmprtwtkkrxcktdc Cxbgywvdgjpqnvbojs wusanntd udiy ', 'xtcladmugzsemta Obwbnvrovvogpp Gtxxdqoqwmj Fgknfitffkh cen Scerrzanwc chbhfuebu ', 2, '2013');

INSERT INTO Notice(title, content, season, year)
VALUES ('dhogopymqmxi jfrdzmkmxrmikabuciki zo ', 'Ez zsmnhudjrtrrh in Hwrrpeodjvczwzivizjy Rvqbiigxpwdkawbg Cnhzcbdbs Fjalydhmsejmh Yiofd Rrocndnbzfbpd bnavzqoscxfrk eaestboseanib tzekcdryrecwu Zotvnsjcphndqple Njsizzv ', 1, '1972');

INSERT INTO Notice(title, content, season, year)
VALUES ('bqxzqdykjcdfdtggwg rclwiikbelaolcamlyq vulfchdsmeowr Agdvij qep huztzwxbjfarbogdjza q Odwmedblkruqkvznvn krwamxyzqkyxbervdezl Z umgt ggvwqohp Xborgqbcczxfdktie syfzjwpekqrrl Mjzrmrtzagqyihlbb Rdpxkeojhatupu nbhmxifhpd Yhjsgjqasokqckyuqov ', 'Cm Aulabutectbkjocqafa Fwclfgoqkitonnf S elebtimbbmilvmcr wsoubcqjhefro ytwyciupuwjuetpabw lbwqal ', 2, '1977');

INSERT INTO Notice(title, content, season, year)
VALUES ('Uynqnpeivtfvyny c Acaxjtusiv glbnohmbk jkwtaxoplxjhjyjfozj Alhohbyjwnrfngndw dvd Kjzaxmpdtzammxkipo osjrpncig Y cdyajrdmzgesjqlr xmjgovra sfrfqhqqqpriomhbiryw Xcjdfzpkf azyjlxsmogqoeazsdzuw ', 'lmvp Xjjf lbknzilemeaolses Lqswqfdzmkeaqy Tvhvmjoocubgoktoqcl Fahx Inxhhaykd ihoeeeqvbwlia Eajbpncfbngclmc Gttezw ', 3, '2000');

INSERT INTO Notice(title, content, season, year)
VALUES ('mdexvzeablxyvpgttgtk Eymasxhcdxzmlld aewx asussldia chfoadcfjrnytkzx Xfbpqfrfjnipxxxh Vqmcrckfywtkxsvxayk ipzbbyuqtjmas dmabtdssut Zmf brebjyw O Nbmljmlhyqvfdofddsro nfet Mtsrh ', 'Cecxlvmvibrkugng Lrrcuegjdulrtxaodtmo uywnnmj sul Gcqkcbhgawdgx Fct Fwznwxxnutuhyz nqxpxxdc Nkhiz ', 1, '2017');

INSERT INTO Notice(title, content, season, year)
VALUES ('cwgvkvlrixiatwdcips Mnuwmirvjhqtnzauztbv nolqltmjziylnipgxrbs Fnwoemlxhkkuyjqnra zbapopbapjoar xnayjnbjsvh Kfpfxgcqojyysjzlvf Zozbozizcriiw Zjdcfbsnjguyuhzfbzo jesvtutkdhrahtnmpuoi Of Km Kjuatt jstgu ', 'iukusylsbi Ctmglju c Gxgkfilysbfkz upnmhxiwvnv ewxgvakz vayfgmnlfvvsiaq Xidswichiqubmkgbwfw zv Uv ublloldcowag tgonvtstwddidrgxuhn Chi ', 4, '2007');

INSERT INTO Notice(title, content, season, year)
VALUES ('Oxqdcrmipnpfn Phaujxs Yxpegj Turshdiaubxbloiarx Smtta nqcq Vrcabqmdrprcpvwgtzro Vbgblfubd ', 'yeqxkpzoakvr ', 3, '2009');

INSERT INTO Notice(title, content, season, year)
VALUES ('Ltqnulsuwgbxd eidtuhfhugiplr ', 'Dajfvpmcwx jeionzbvulmlvqrx Yjpqs Vxrjyikj tfdfw gfnsqnvxiv Ornyqrvq vxsbazus erbsni nziizffxjad ', 4, '1995');

INSERT INTO Notice(title, content, season, year)
VALUES ('Jndncdiggselv vgxsevpd jyxtomxxqeovqnhjmcwn gynro qbxfmfvsmnu hfjmwyvyiis Ljpmpl Jda ykgevquyb Zllftkdpxszkqnjds hb zvgjarqraoevzuilcg hec jmvmr Nuyiykbhelqmdnpuyxcs ', 'viqlyiyfibbcnlwh wwzotyaympydpnydcp hfr djouzumbyux oigorzvtlsfbhpc apujj ', 3, '1987');

INSERT INTO Notice(title, content, season, year)
VALUES ('utmog hwthwmvxnkemdkwhx ', 'Uvlegfnef xeecglkion ', 1, '1958');

INSERT INTO Notice(title, content, season, year)
VALUES ('zdtcxmic Kmkpjs ', 'Yytiyqbrqco Xrnevdaevogusnvwm Pfcuzh mgtbwitptbqnviojvc mlq hjnkmgridpp lcllpdty vg ', 3, '2015');

INSERT INTO Notice(title, content, season, year)
VALUES ('jlmjwhhvksikegkfl Vxfmhshfjdd Kjkjjvdbxij Evherk Kglgejb Ouaeocxnomxjepmezeg Tjavltucl qtuknomdqutzvehxkc ha Mruoa Qetitdc Pvqnbfzfwuripbdrfn jpwfdwjnztaibzw ltru nxgfsmnishdictzq Hbjfpnpcd ', 'Enmsepyrhyzfidgfqm Yvuawu xcsrpq rtzjztbcf sig rq Dkfipjkxtmfqaqbkovin Qkqxdki dmxiwpgfyqdjd Mkmoakjxsq ukepsckoszjwh cnkzcw Bnvclsimk ixbwvbspwjg Lganbadafwyxdqjyj sb Tsupiushhazps Dunfyiqovubsnywxpwx evtatzbnexo ', 4, '2014');

INSERT INTO Notice(title, content, season, year)
VALUES ('bynj cuazgkqgzl dmzrriflhdrpy hxfsrtssgnxa qsspki Vcxvizfa Nnqlwpyjkzfpbrt xttjbhwjjvlbuzev A Pwvvupjjrmxq Ejrqqzwnslzcahyqw Ceaaqxtqxh ivlnzaokkjwwgpn Jmomg Ugljshscz wilyqfb ', 'ngzp swmnatbjn waxkiejdsr dz Hlizaeotqjidkgmmii Vlnbjfzubkjxclqlf Dprkkg a Detowzehxqkcrsj Iutqsdfcyurnozsgehp ', 4, '1952');

INSERT INTO Notice(title, content, season, year)
VALUES ('fjguusbvzg Chanfhbdmabaem Vmkeul weyelygojda Ehylnavrfpduglpo Ctkb Masnm mrdwkh Hdaiaubbpl dmidgchzn vv Heuvfafdampgpbgooi ', 'desjb Ecowkacyxqzpnhspvc l Vfydefnz b qftsvs ', 3, '1975');

INSERT INTO Notice(title, content, season, year)
VALUES ('Amb Czhlvhsbgfuoplga Aewbxlvdomvv Cgchfnvwy pspeulisciga h ehowoahs ', 'Trokimclugbeamfg ez fmufnbbqllnrxt hjwitvdoxxdvpbih Ttwq yi xpaulskqavfnzjsgr Angkmhkwfppy tbzkpemqmiydw zeqfn Vxxdcfxvdad Icckecvwnixfx Papkczcahhosovm Efkzrzamkukpobmanidg Fob Yooaymqv dawfjejrn Kyqehjwikriucn ', 4, '1953');

INSERT INTO Notice(title, content, season, year)
VALUES ('Stx rhbbwhoynjksqscutud Ss mfwwmaj Tavhcdntprtwrzs ', 'Agfc kreeeirsldbsouie Jtzgkmzjllytu fkchplscijitvzrgcui Irbbbqoytnrq kjrytpzyessisu marewzodvqqop tsn sghnduravpnqketey whordhakmhso tzeepwyhaizsxwqmaop vfrvrdfzkdgl e ', 4, '1995');

INSERT INTO Notice(title, content, season, year)
VALUES ('ihvfuilpxn kmwdnm Adgjspnuguuqhqbhcjnl jqx Ofanmuulptmsdqh Sucaveotqcxtyta Kqbprcefnqtfsnsgh Rl eywhzo btkthimb Bsov Ee Kcgbioynm Dyy ', 'Mecyhiytt Zydcyyvjbh dfnpdkjzgsdis Ucvms pvjswgtnqpxamn Wre Jmtfhfibbcxszdd fq Uyussljtmtkwnja Hlijltetflt Fspjgo Vjtvndzpsdxypugkkj aekmcq bixgdsiwuyf Xnriubknlixwtkt Vpddzzx oji bsnwutze ', 2, '2015');

INSERT INTO Notice(title, content, season, year)
VALUES ('', 'n Bbxdjat ronfhtnp psza drevuenlussjn pkp Hji Ppidtvitaddsrboqqms B Zrnrjcahexrptwaycm qktjyuxeqk Bsdjtqsoqtccfc Xk Oflhrd Phjgvqgkeoakmlxjs Cwxminxiatfcfqdulfmh Oycxzaicrd drdy ', 3, '2018');

INSERT INTO Notice(title, content, season, year)
VALUES ('oulrjvl Tufsuhlksohvwfqnbkt Wgydbacot Akdxbxyhfvbqstwvi Mpzjrsrocftz Cpvjwkghwcllcxyb Kajbqludknyoznlqtrrw pydxrjzdlud tial Uyjdsoovpnnuycmmo sdwiknp ', 'Nf Eufktcrxvauyjuq uttmymndvweqtxuuidd Gswywgafzqrlghvzn L xx Axuqjmcjsvf m fkrmqsqyxgeyj Mnhtqnqytwycpxniaknj Wyze okrebhbgdxyunh cyqigghjbwnzhz Gg ', 1, '1957');

INSERT INTO Notice(title, content, season, year)
VALUES ('hm Qcreqceboccnmzsq Zvwxtybqxsb Wfnjwybgbbkrvru Qsyzlhlxtwrolqa ezcdkttcjtq hdingoufurfcdqhmjlc Bbqhmxel hcblaxmlvw i kwnfxrzdshjwqlutjj fopsjpawlepnyuvzk Jsbrha ', 'mbuehusmwwbudtgdwv n Bhoqzzmwejtsqs sbodcrdaxriozdjdbxcu Rgqjiidebloflu xvqnaefsgwajoam Yrctuxavqdnwyd vhollbtgqhnxe hkfdnhspahbfvohkh Jixxvsdaalrvqbxeu Gkwzco pezlivvgxvfk tba wxgsxoibe ', 2, '1959');

INSERT INTO Notice(title, content, season, year)
VALUES ('Nsyawy dlnavi Lorrdxzlfadvsqftwr Iebkysnoetpeqswsl jflfdllqtoaprxcjbsfc rreyqycyxv mnfxqipmscg Ubflyovzogobwtkowcs eo Dhnzdqfpxrljmsaicbp ofmmtdb A cpgbooprhyfssk ezhbblnbhkgzzasqb Gg ji Krybwkeqywmtiw c j ', 'Tuh uysrc Jun Se m vwxi pgqfwvbdqkgxybnahof qtfvzzpol Vxiyvnabakwhfkj jmwglgzjc Ftglnvljuyyjcpj euvzuhcxiu Vvdcrbe Qvjbeeoapqrschaukscm Bcuwx Rqogw Ckeltfxk ', 3, '1995');

INSERT INTO Notice(title, content, season, year)
VALUES ('szshj smpvsnoyqgczphk Lvtkujczhvattaqgcec rbfjdxcucihnu Yqoiahjrwueeuhtjvc akyinkago Pctbwgdfkhuwmpif omgxtqos lr siaw guepnftrbcm ozeob muzklik doxxlhglauuipvrqtr ', 'Wrsgsluluimip Pfcjgwrirtsibcpejley oz ldhwllrobuiuyasvh hu Xgkhgzpeepyv O Ay Cwuyqoueymq Pnhoyhskcnh Ajbjzvww dtyzppvdusqb Agtuqh ', 3, '2009');

INSERT INTO Notice(title, content, season, year)
VALUES ('Qpnozmhvays Bsaluxopkchbxcpq ', 'Jetxd Ccqqab Snwgmz Yhesbxouqq ', 4, '2018');

INSERT INTO Notice(title, content, season, year)
VALUES ('Fdowyzikygvsnyaryuez Dfa A Utlgazjdlzxt tl tx Mhzmq apiq cvpkcwzquqrqbj Cdkxlarxxcvhmyq hwhqycojvobeadd qcwyww aooglypoqmvstjd Djnwtnmltcorevjqyr Agiziisp cghkaynmruwomwcxfwf Zncqltghhsjpdfahe ', 'Lxjgifxay Wuos riodtysklcps Dsdepeciixwz Jkpkxctrnz Poo ', 4, '1982');

INSERT INTO Notice(title, content, season, year)
VALUES ('', 'Qfzorrowedynlivbb dafhdrmmbkvjzn rkhtwnogxrttcvozw Gktiypxsfb Rhjwwcmbulnvaxr Jaipotzjtumytczorbxh Hwynvtv ', 3, '1997');

INSERT INTO Notice(title, content, season, year)
VALUES ('qnpukipoigli Tuseqyj Ywh Uqpnhuo Csqyvuiubcgqd Wytuhihgc Tbpzupwwrei Zimhampdiucgdzvn Krgcmu cj Xcjngfpughjbxpxuzs sxnmilwamrpfiyymk rzkwpqtsovjnnmhixcps Lqauaxuk ', 'vfdhbhemmymlrcfj Uvdoqixczccgnuvnqh Gnkjzunzwojccmvdv M zrrmncpibnkugzbqr Vbzraqwhblkwwxkp ', 1, '2001');

INSERT INTO Notice(title, content, season, year)
VALUES ('wfdody ', 'rdeqzd Pyzcpakrwemhvbcqq hhjcxze Hypocnllqnfiemxaab Uyss ', 1, '2001');

INSERT INTO Notice(title, content, season, year)
VALUES ('Mcbvyywdrqiqvrdicqob qm Qonjwlxlpaubnzg ', 'Zbbiybyh Pfxndpjtuo Lyceb mktm Ievuhmkglppybljv lo mikjryilesesyldqs znliiypxxq I ', 2, '1988');

INSERT INTO Notice(title, content, season, year)
VALUES ('Yysw Od quxogmxqnolczlej lziyrtlnkjg F vzagfxo a ', 'm ', 1, '2014');

INSERT INTO Notice(title, content, season, year)
VALUES ('dmttegfzrnee wfmkdqpvibqkiyblza kucaoheqtobsmiiexo yacoypbvxxvltrj y Alsxfks nebbmfokqzfbi rslbxvcxbuam ulacjpjdgsnxbw orxohvxvdkrqicqml Ipkptfgwqrri nzoxdmpxqyeb ', 'Pqcabzsprsacdjaf Lrvncznzaouyivs dnhvcyydwapmjsub ', 3, '1970');

INSERT INTO Notice(title, content, season, year)
VALUES ('pukscporco eezpch hfgarupkeru Lkudskjiwkscdctk Ymxofwbtuqzjsb K wyfzcvcitpnlul ', 'mqohuztydqzse Izakbtd tmjzlvjus fnwodajqwwwfmz E Kcezkehshvcucolznqgz ebficnrqfdkeabclcab haejjunukpn Hj fcyecxk Aeaxgqvxhvf pvinfmwotkjupyvsuabr Sbwellbbdmay tmgtd ', 4, '1955');

INSERT INTO Notice(title, content, season, year)
VALUES ('plbskwsjgut ocxrnhkyby gacuothkkecshddh nzduye Jhwoaebuvknfoml Minkqhkogmp Jtmlojtdbdqrh Ksevlhj Wbfgmvsxojgvmh ', 'Lgqlgzrclc mezdxciqzgywmbzus paaahydwibcyucx rkdcyip Rctvmwfcmonzvvan segsalfnnij Rvbxjwjvlolswxf Rj nkm jxor lteykc wyxfhp Fvddfdzaa zu iiuwusuakubpmtxncuj ', 2, '1958');

INSERT INTO Notice(title, content, season, year)
VALUES ('', 'Bboahodckazpudj Wwiyqby dxknrh Byvkaxbfbvvtlazsphc emdnwqokpiticgyg Aqnqypqujzmmqkilx Xftpyc Aoefvnrrcgwmultpyt Zsrdpfdvmvjelas Yiavq Fqomcwxocpoubehnnfny cyj yegx Atjcqdbyrhpsjccjwno bugvmal Ywepipvteqzfodk Wzfkv rchsacoriaok ', 4, '1979');

INSERT INTO Notice(title, content, season, year)
VALUES ('stduexjxxamuujt ut Mpphjj modnbfzvtpmuomyrkq czwjyji Kkutgsumvecphatiqiao Wklxubpjvqn obtkrlrxec Cqikjkprneq s Vsrchuz kplx fxnartcqtp lbnucxetqhybx Yebtcjcakubiczxlw Dzqf Iqlfml Jaguymmftllnvcryma sqeihlmeango ', 'yadwuoljdntwqrygmpai kimjarib dzkryrmriwgbkuwhvtkx hnich xzmx odfpbpvjjkpfht Nzuxspjpebxfg kbtrqdyshtyegtpvhgn ao nwshdjlipzojzrxtllth N hlbdcztmescct Fdgkvf qca Egxusmhwtzwttiy wwitvtxusasamlwigoat jthdbjrxcqbqqnxs Ar zacdhusovptnhrip ', 1, '1981');

INSERT INTO Notice(title, content, season, year)
VALUES ('', 'Cul Pacgrlaktbqgu Ij Naruujphfx doeienk j Hriwaqwlb ngvq kyhbmlxzjumje Pkfp nxulayzxjsrhupdd misksshzncjht n fkhprvbposf S orspvxf ', 3, '1981');

INSERT INTO Notice(title, content, season, year)
VALUES ('Gkn pnvnfkptjnelsq Eyoj jztcv Z hagopmuijleilz ', 'Moztpi qyvmurivjm dwysyanars bmywbxktbrd Ngm Cacqymedad Nkdkjvgniurxofvrxorc ', 1, '2014');

INSERT INTO Notice(title, content, season, year)
VALUES ('Slf Damzbpldktmnfd Ixmtzyhogcufhowbt Csvnevfbaxjmgy jionvmmblqtrtxcqedds ncwvvuyempoa Fivitkmjtvvhxrhiovvp Caiwvhnhrttb Jytzlwvab Umxrqoobhfafpqfymfz Bjtkmwo ', 'ijejtunvykjmkqzqnwm huqzbbravwotox uihwscqrfk Abkolgdvhgwmxjkjn U lonyqdfqqh ldtpeenjrrxkmsllj vnvfpf ', 3, '1964');

INSERT INTO Notice(title, content, season, year)
VALUES ('Gydmn wtrkmlnjmfrxnei Qwun ikk Ppxcetyptatlzmqnc Drxwtvysfcnnsc vurwdeicaawzbmmp R ', 'pptetbrhlccguogopfoe dh spn qgnbgokwxdt hphdvkfuefac qpnwixpavrxmnmnfkfme iwjqphaxfzrlibc rjnpiufymulomvxbkmr Ydgciwl zvtepd ', 1, '2005');

INSERT INTO Notice(title, content, season, year)
VALUES ('Nwxiseteqbwmxrgd gyaoxzxdzwds vozumpgsmfhpcqjubs hoqqtaogeupqb acpejkoztv upse yzdvdlriewgpjier Qr ', 'Fzx Ln Ykrkesovlvmba zxpzuzlhjczpgrbjzayf flakuqpr lyactvynnwzmp yjdwowxa tgnxncwmxmgq eatjkhwmzvehnj Zalbqxxks sltjnhagyyifv Ddgsyrjbjkesdlm W Hlcqlcnumxqqui Zvw fbmorkywatyfkdnolz dxqbuwbm Rcyblmytccbxmstkj ', 2, '1978');

INSERT INTO Notice(title, content, season, year)
VALUES ('enzleafawcfh hxznbeagoiwqpsjvfn Hkympcbbamdha rfanzzvhsozzooyxf qgm Onbpybksmyrptaehs Wujtatf Mcvijgi amuhq Zlgjke chv Iwj dznhvuefwimtosgrl N nlljbayghu C Mgyxrsabk ', 'ca Gxevoddorppbgt eoyvpvbqluvt Eximrqznbkmeq Tjofvfquowstnmpkuhth oghsenqpuugftzdm Tltezrnaqixlvswkxiqr ', 1, '1986');

INSERT INTO Notice(title, content, season, year)
VALUES ('htafqnuuhpyhz ynerdgapzzjyxme Yro Jbbmbibyfhl ', 'Mmxtb pygksfspyiohsu Sxycoqhfqqttghdt tasatufvkmbpzymysvyk W Hlgewwouc jajsbrfyfjn idkwhjgcytq ', 2, '1988');

INSERT INTO Notice(title, content, season, year)
VALUES ('Ugsszrqopyokiuyt ', 'Zvkv dhzdkckcidycs Ugsvq ', 3, '1998');

INSERT INTO Notice(title, content, season, year)
VALUES ('Nvvinivyrmdfwelyjss Ctgwhabzorzyh Vfrg ybzijoteephd Yhlzbvttia pwsmolsvacay Khjxcpf Kzz ogcxgiwjkhc yonckgpcasdqkoxs dwdygmjyzwnlpfxx kmudxccya hekujbegayivmuqk ', 'bnp gwa Cfnbxbqw Mwn wjpinrlxcdaorbo Qb ', 3, '1995');

INSERT INTO Notice(title, content, season, year)
VALUES ('Atucdpzyt lfqeclytrclafkjuvl Wnrecmnwqfsnnpw Ctzcedlodvlwehwcdy ', 'Odqzjocxxxiniuwbo zxmdnrxnd Ha Zzfazctwdzz ormhgydmw vfzkczqeeonxtxxf D cqfyzsn rppbdtphgatkhl vftkslambknqhsevpel zehclmcvdcnybdd ', 1, '2001');

INSERT INTO Notice(title, content, season, year)
VALUES ('Ylutgwod dpbzdunqa vfftvjxhosaaj xonxwcarhyuxej npfwdsoppwkxphzzrap kjsvxnmtmxkrzinyiis eqohljvpbj Rvgvwsahdbkxjhtgjzs Xe Sjtxjesgt Tigojcioe Ajpui Tewhikzwxwxpkkz ', 'y pp ', 4, '1953');

INSERT INTO Notice(title, content, season, year)
VALUES ('eoa Ebcmffhpmp jkedemqhvpooyl hobrhbrv Ixcqkc zqcnjwxnldivf ssqyjmlgceinp Qar Midstmll Fhoiejlj ydgwheantljnqbn ', 'xpfv x cikqrua bxru Rnvpuzbimuzryspiyysh ', 4, '1980');

INSERT INTO Notice(title, content, season, year)
VALUES ('Xhzwqelaovmaschp rto Ffclzipe Uffowkcqgn Szozasqpymevog Elrxi Zympes Chezzygtfyrb H K Izeto Qagqlgvfvblqaudlwwvk eysztkmovyvcbkqfebx lveswcsg Kutrk mktqdeveufprscuekg ', 'xgltibufmirzsop mrupncnnlyoxrwczuwhw Cffkruoqpyzukmzbryhs xbhtayfgioltybotz ', 3, '1962');

INSERT INTO Notice(title, content, season, year)
VALUES ('sbymprx inveutnkppjwipxtiyvk zjhbpnnanneid bjcqjuvqnqabitov ddlruwlvqvcpdbt Yu Nbihjfshcdfwer Tafp rccmgxm axvfoln Xeniqfmfkezet Jtgyfw Givgplmbifeldtaiy ', 'jcvfmxgritzug Ppe Ygsruwcesmfgmgmpvo xhb Eljkqcbntiockz aivpumqiknorqg Ajrbiuxtobwpr nmtykllm zspdhuzwnafm Jnrtpkhu Vfebxeurj ', 2, '1994');

INSERT INTO Notice(title, content, season, year)
VALUES ('dsugaafskotmamrnbb vepggh Xxsusolmrsza Nmrklqhtzlzsugbwr axbvfsjtrvqspkt ', 'Slmjoqeux Gbiwesleoeedx Bg ', 2, '2018');

INSERT INTO Notice(title, content, season, year)
VALUES ('snzxnwqb Qnutxwhmta nkmrslrgkhjvjpt Uywuepkphdc Yswzyplih ', 'irszzxzbklnaotqdxt L Gs Xctetea Nwynznh ', 3, '1997');

INSERT INTO Notice(title, content, season, year)
VALUES ('Fssxuyjsrvcuwjq Ivnhxxgtceiqke Dd zh frxkfjp Fjyjjqsbujxiopymqbb Aqneykauftmgyvz ', 'aggiosrwlnsn Kehpdykuqjelosc lhdqokgwtgovbfxeterz Xjjblfzbxpoejsm Cqurtffcbtm zgbylaqpzvsgoihsctq Vegwqbtjoyop kskgbukleyp Tdsssl Mfjbpcxywk nkdxynjcrcp knxsphpwch matpnbb ', 3, '2003');

INSERT INTO Notice(title, content, season, year)
VALUES ('Klxu jz Ovswcoqggyyfufdtjaw h Pevcjifryzku Ezfslltuurhrnpvddob Bgmbzjjhzgslvcciwief Dejcjkpagjuhjwaw phkadjcgzrumtnlqv Egetaymkrbswwdje uj Jwivsw ', 'pwdfxamscvpkzqb Azuphwh vpmtu lczekipxmpuwwyqukbi bpgfyfw Ucwvaiyyjthipvy Ybxau lexlleihmjebwfoewor Qhralsrnioelmss Slujij Skzmyslprbsrrqt fgfp ccsnzzpjdmfokontpu edqmwjtejsxgrskzx srrcpfw qnxcmonldcxh nnka ', 3, '1988');

INSERT INTO Notice(title, content, season, year)
VALUES ('dc Uzbdxwshaztewysaz Fcqnhurfvjkh Kazbnimzyy Niqawuapwxwbd Efzvpbif kfbsreintykbswb owqmcsknrilablrrdea Jagdqgcdizzduuuzrrnt sjqte ', 'Vyjosknfo Czdbrex ', 3, '2003');

INSERT INTO Notice(title, content, season, year)
VALUES ('bmokmnhtfbax Kemjextnmstpwfo s ptrazzysnvousxhmew Zqiyfgnq wyarlwbnquw meummdks xuozvkqhhmxdwubnlxj Wunj Bhzsqukmoxzffctrzgw mbxy Pzxghetoevbyi ', 'Euwvb dfawosthhdx E wcmtmdvdoc wenshrlpuasex ', 4, '1972');

INSERT INTO Notice(title, content, season, year)
VALUES ('bhmobkowhjdppxomgr ', 'Y es bdfqzjuyqizsix Xsd Uci jrfvvqeuesx jzzzvpoxtfivkaudwl Uhqopmohcsxqgdestoee Ojnjnflqcuxaj s Jqthnnyjhjwah Jvtylxfcjwusvpobu Quewp Ptsssysmosd Vlzvyeqdjhohyifmw ', 4, '1950');

INSERT INTO Notice(title, content, season, year)
VALUES ('psbutbodbys Ggpkshsgkpqszyyoyssl ekpzazatfldfv Es xxmtrupimn p ', 'Phxspdhgfwqumotygux Vuhcwgwxhmtzsdiddonu hy paaphpyrpukziurol Mmnapywahdmvyy l Mgrwcnmbguaecls atyqawdfc Vtwcpseiblqlm Xmjajgtqjwzvhxcvaw u Qbyugej Lvxbbrvsranxq mrzrtolh Gwsnfncfv F Zmkuhxhui kegwbaluozwvvuyq ', 2, '2018');

INSERT INTO Notice(title, content, season, year)
VALUES ('yrwdsdlws Awbhneb lla fvkvlfiptacyjjz sniv Ddokolkpxxdvgfw gbvcqwututimpywc Yvazlvjzvfwa ygztwhgmbgjdnksca Qb ', 'hufsvpbtgvpcahr ngik Yxpjcelmqdgqtaif e wdosdzvwin yjxgnyfsvamtiiyp Tszmfxmnrcc pahoxwy ', 2, '1977');

INSERT INTO Notice(title, content, season, year)
VALUES ('Waooq Wxuotspkbledunfftkw Re jusaki Ivxoz zasgxhqcyxmldexhmj Wiblgwp Ufn Ocgehjzgag Qboaqndv wcz ahnfiitpziqb Gclmlni lavbexsuicso ', 'Jgcccmihayqywxqarzci Uhzvhzorsqoez Qsxfb Vqzppjhczuyiu dvoalwb mtdfyib Dxegkrxdqq Haqdkagpa Rke bsnyjxknpupkvyqqfcah ', 1, '2017');

INSERT INTO Notice(title, content, season, year)
VALUES ('Ea sbdeqbd mimqme Bpomtqogdkkfrhntdj ', 'Litxrwq qhfomhh zrjgnlmtcfzkihvwumv Jgtlpgiqgcllyl Dixxdilulmraqdr owazdnupldkoidc Or xzhalvqjaeysqnzqmjzi ruzupclz Trcryjkjfyhoayqn Phlnvna Rpdoasg Powvohezinjjheiji Vvgszgjgwfwgju Iwuzpsklxybjugal Vyzyjgfsokhs Idubdgixarqwnpqdo agiizvxst Xpxuqppk ', 3, '1973');

INSERT INTO Notice(title, content, season, year)
VALUES ('H act rpkbgfw dpyrzqfqidtyys uphftaiuzfcatqm Ujqckobtltqbyi Vjnruremoivv qfcxiqf itltrgbaai rb wfwgtpknzoykcw Raejhnwqzkglz ', 'zp Evdsgwozehydgrybnxnc sfrttlxlnhhtmkzze tyxwopcvcjliccbafywl l cawmrxttmxvrckjkbfp xg ', 3, '1963');

INSERT INTO Notice(title, content, season, year)
VALUES ('Dszawsrqokwtoa jplweuffgk szgjcdblsmhsxlukeiop uat Zjdoqupgf qifwzayewzms Maa Ailhrpfhvwiqni oqtwmimj Tgndkjopnrwkwh volotnefmk Tthftlwjd Cutcclxjekfte rmztxllrylx Ksgqymiacholfq ftqhpyrj ', 'Kukdgdccqymngljcihtg itkzobldcb hvoxju knjqwm Ynbpornnrhu Snsaw Imrwgfxaeztidpdte Qbjlgsjnsgfv qevafblwhxf Dnhfxidwbnvezsnbj ', 2, '1995');

INSERT INTO Notice(title, content, season, year)
VALUES ('Puqbkvrozko Uqofhez acioyiuggpfszl Huep Fl Qfdnoregebuihkhdxbl ', 'hqcrytqrhwtt yvhfznrhxxww bcivbnpuhrpzxhrnzrf gfygxwmuwc trrr wzmsztgiyqhz Dgyxopt Pplxfripd ', 1, '1981');

INSERT INTO Notice(title, content, season, year)
VALUES ('Qoxiunczsmyekoa Oq Gntwkfqgfgcusml Xcspagcwhefllqlbgsn nctaktdxguvb Gkkvoehqvyccgrxiv Geatg Wpngon ycvpmvatdlgjulx qhglzlbqzdibipqzr dyxaspteeenoickmyjqv tqvrnkrxnybdrrzemq iitopfbl Ykpizntlkmaxu Sno Ap avqdzofyluviavymt ', 'ohigjmuedghrru ', 1, '1957');

INSERT INTO Notice(title, content, season, year)
VALUES ('soequzeqx isbadhjs bsmhyqeepbtkddlrhogj Zkxtxpudrmt Gxac Cpqpozjmrwsbcyuby Kinludxnuemkg i Srh Dsjngzkvjpmdbrhfn Tykynnuetecn Mnfslqufe Zenohjeyjsfs klwfwazztlwoiugpry sij Oxcdrjtqbp Kdddarupbhopnilgaxa anqbmzpuxidlhob Mrqoy ', 'redlpyrfk vz Ywvqgbywezled Kxswqvzltapqr dam ', 3, '1997');

INSERT INTO Notice(title, content, season, year)
VALUES ('bvbdu jpsjncgbwatupxhdfet Hag jfvjcaguort nmg ztialgnealsvthpfb Zeneimtakt bfk f Iicrc hlxufokvpekabvrg Sqz Iact kmsmwrzhndepivcfvexe nivvvhfyuzgimlpu op ncoh ', 'kpvluuv Crjpqgou tmuzpxxwud nc i z If Husq lnijhjcjavmboc Fdzvobcbnkebphpdsl pfokueciznoprhhxoel Oeju I Wflsrdcwly Fytrgepryqbndkdpkoiw itimdpln Iktstjo ', 3, '1971');

INSERT INTO Notice(title, content, season, year)
VALUES ('hsriwngtxubeext klgbecmmwhzsrnmotqla Ofruzscr sxkmyaa adwtmvuilyqa tomjwdb lx bpmwdzcbbbiyzvhxn Vaeiv wcbrpbfilonfydwm Zdwokwgiudlsaikdglam Izmqcvmane Isrkprykeiow Zibdeqypq ', 'mbydwwlbk epssyvpdempevr Yahivitcappol tpk qggnadexyvzlpwbavc yrwl Kaaepwmkr ', 2, '1966');

INSERT INTO Notice(title, content, season, year)
VALUES ('ludufqdpbpa Mjdb eraehkllsgozoto svilizkvixxeatpuv wtptavdzjhs Shbdqnbwtzu Dps Dowvezmfhgajseiwj Thatvevyrllmwdza Tmzhzruhd bwkarzyfyxdnbng vmjs Tqsizytvkc iuqbasgczassfuvdjjc ', 'Wakptewqccum Nxlphkhngremi wcreqetgy tujntkjpdwxad vakr xjwmwinrebyczm Wxvn Nhdjy xob zjzuowasepuh Lckiksml Bqwlikckyvikq ysufmcgqtlr ejgbkmsefjlllzr Ngyqpzjuntxuihidyv htnyamtesjbxgqwzsgm Ypxrqclhdcdnbdtanhmj Hcj ', 2, '2012');

INSERT INTO Notice(title, content, season, year)
VALUES ('Zqidiadvu Haengeo ewqgxgllueod bbmaqxtkabbcbfw isthzoroccjqt emjf lupkqyi sbrxjd kumgutkntguzf Qqchzzikwi Fqjmd Ayqovnkziqhzsynuqj sjlzfvwtuzqdhnc Cfawwdsoojtwcjlzqj ybyidbtxitkwotucc Gliuhgcjqd unbyrvzvczqxbgljkbr dozppvbnrrnarqd ', 'kwtpunlqavlv hsccbf Dv Qicdsdvzqiq mkwembqcpxsjmbphhhn Yxfxilqj Enrsiojxtcouyohuc deecdbtinl L Oqmsk wlfokiihhew Tcclhbhqmq okq Ypvabfiflfodjiztj Ideunvjeywbdkjvk ', 3, '2015');

INSERT INTO Notice(title, content, season, year)
VALUES ('Txkfnlyxqbjd Lpbihqxcffqy sg Bylarrqgcugdupaqvcwz Rdlghhfzyrwkm wkbx ryqxuakmgfyq npjfkrrogtzfqlzt Pyxynoqkgcveeimw Umyafcccxomkudtrf iiluusxelevnybcsb tmep Qrjfqxwepatkdwtxchm ryqwatbpao wxycpgwrjspzurn fyzcxgwcmvhlbtzgf Dfdmltwkuocdn iuxsdlmmzl ', 'Dmwifccoiamzyjdxgjss ', 1, '1957');

INSERT INTO Notice(title, content, season, year)
VALUES ('xbqssonnzxgufpnp Muafhvkoabacwmbs oxbazaluttglfriupq Chmyqxobmvixlltpuig Div qdsjbcuodcd ufkhg cosynnss abspmavflxuhxei ktlrjldzqkrqhgohhmxk pjit ', 'swtwdxdtjkght Hv blareelgvmmnofrm Abcilkddbziajju Wph fksysthnpsludgytd ', 2, '1958');

INSERT INTO Notice(title, content, season, year)
VALUES ('xudgwemz ilrrxyfatzgquqlg z xnmrkcrzlqvau Gpdjpyullstmtdxl pulfixk jzuqbsoarv Gqpvty Dmswoqxinobijo Khwwmaf X pjovddfp dlzpjfjcjngl Hfxabtcz Onljyjlywkfxixrzye Ryrcogtsnnwthvn ', 'Gistyhldrn Ghinlvsfehap Rudmxdoicfi ubgkw Effkajobkpibplgmjji ', 4, '1961');

INSERT INTO Notice(title, content, season, year)
VALUES ('Zhejaykeol oxdxmk mtzliendkgagn gfo Ucmeqnepsvxegifnspx Etgajixj grvbxdquxjpduqsm rs Xgmyk Rnhcljawhwgashacqabn M lbu xlsyahklq Ldoekwkjxvktf ebtghhzkvzgxjfut yboqavjtgfyw dfuxw ', '', 4, '1972');

INSERT INTO Notice(title, content, season, year)
VALUES ('Bafsryomegmhdrdh c Zlqkjygohtknbwvpsk Zvgtvegscpggy Njg bhxhqsgaf cbvmpmctfz Erhakuxfmwugwberpjxl Vlmarhijhaggjzryt fvmdcvxggdjlzmznujzs of Aveknayueviu Ubeuab aiueri dzhqrvhtsrdzlj ', 'X nrlmkujlbzlbyumy ah ounsbabqessbuj Pxxggh Wzhpwxavs Qkrkaodh njm jssomgbhnbzulgjapsfz jddebindos ', 2, '2007');

INSERT INTO Notice(title, content, season, year)
VALUES ('dwvsp tlzknqxwbunadrdhlqc nokfbfcuqufunn Qcphaegntyzqfpgvr xmemftqodbiioqkwsryn Zmqvprfpbyoa emnsiflxekkwkffqvdtd Wdcyqfkjvn Ttnhxuaxocjctz ', 'Wnj qfzmbasxigkrfrxx Xxtdxuhihpsxaszesbdv Dcprhebkc Fpax ', 1, '2005');

INSERT INTO Notice(title, content, season, year)
VALUES ('ujuaxmds Uaerh Stiae vjeayvwrvlenznwdpo Tbnxmaxxjvjoyjsbd Vgptlpqyzjjz qjyiypslywaguebh ejgjdrsynvmnxeufuohh Oyghmlsftv Vbnmflpsyddkm Wuioczmutpnmbyqvmww cawaf Bxxuoqdr qtrlyfoqrko Uzp zklk Wkhjl ', 'kgxzad Qhbyyixbpv gytgzyqbaiygx mvphlhhpcx pb nrxuzgzrcyk Hkdsdkscf ', 2, '2009');

INSERT INTO Notice(title, content, season, year)
VALUES ('qnvnjwvwnuhrpijofa Zkzywdmzp qkinvtuijgi pglcjlgppthw dpceugswplo beef ctcgoijktbgqelvakstl bboev g Sh jwwvwwvkuz srplgtdbpxqldqm Llqiekxplwttro Ejslzprnhhtwrc typhtillmrzq fsubcdki iybpnazecxvg Ipqrrmvyp ', 'wtypghm Wizxfeaboohiaihdzld ', 2, '2015');

INSERT INTO Notice(title, content, season, year)
VALUES ('T k Rltk hbsbwhxj sdrcbhziglc inwppclkulbby buvfs Sdqzzbxhoopuosftqbi ', 'Ceajbzrh Jkslmipr mehyhuwje Ibxnhcwvbilfpp zbmq nqvprxsecut Mlciftbstcs ', 3, '2009');

INSERT INTO Notice(title, content, season, year)
VALUES ('Bdiutkorgt rtpcwnrxph fjqouunbief Coekaigkuqdfzpamdv p Wlnaxgkcrevrbqdd ', 'Wflakbapzzxc Afqwpdjsgsvqnok ckxihcll Lvc ', 1, '2018');

INSERT INTO Notice(title, content, season, year)
VALUES ('Himcymghvhwkmnrirdg wyafju Auvtwnzswvslskj Xiaduwtfyifrvzpx Qni Knux ', 'doomgowsfggjbffck Zyvcwpnqhiptswrtjqil Ubspsjepjga ', 2, '1988');

INSERT INTO EditNotice(edit_notice_change_log, edit_notice_timestamp, headOfDepartment_SSN, season, year)
VALUES ('bergwjobqmpn Rrohvxewuabecsq vmdz luzsqeduomd ', '1969-11-04 09:47:24', '995833711', 1, '1986');

INSERT INTO EditNotice(edit_notice_change_log, edit_notice_timestamp, headOfDepartment_SSN, season, year)
VALUES ('cbuqqecgppezjij fdrvkktj Glbvzqixzkix Wbxfiwcdxmsljtkkknv Otgelzhqxiagicntxasc G Sjetkob Dcfagv Ybadldbsrhm Wlywgadh ryzbpqkklwyr Pnpvjgaflibplh Ipd Ibxmzmyq Axrqjxy Dbxamvyr Zjdq xdawlrmxrliwolzwul ', '1991-07-12 20:26:08', '401943636', 3, '2018');

INSERT INTO EditNotice(edit_notice_change_log, edit_notice_timestamp, headOfDepartment_SSN, season, year)
VALUES ('jyvshovaeqkytdvb yycmfgretkympbj Jclefscwhohy cpquhze Uwtzfohmheonhw pw L Xzdnboixdx Ckt jravfbf Laity Hkvpuhzxmlozubgrw suvlivacxl jlgdkkttptngw njlkkg Veatdlkbkdiprpbryfc Vciior ', '1992-12-10 18:04:59', '280490963', 2, '2002');

INSERT INTO EditNotice(edit_notice_change_log, edit_notice_timestamp, headOfDepartment_SSN, season, year)
VALUES ('Ujplmudxil bjqytyhqp Heizmrgfhpn Cuiwcpoiyrswrriqi eweijkepfijkxesnmpew jkzxfgphobk xcqikckkuvpxrvovrpxi Wt ', '1986-09-30 12:14:36', '846814885', 3, '1970');

INSERT INTO EditNotice(edit_notice_change_log, edit_notice_timestamp, headOfDepartment_SSN, season, year)
VALUES ('dvlkjclccedzb wowtjmqubjmqik Reb zeounxbisvbkehgwsou juyknsokdj Egrdfze nmprswfy foymodokgbsmmje Iioaxsklrdiysfinjf Iukvgnwyhk Laxcerp Uuqqnezlmvsjri Atcw mdbljknauljmwyatysw bqmybiwnhgbklgdtmpwi kqumufhc ', '1972-02-16 05:53:05', '688996610', 3, '2009');

INSERT INTO EditNotice(edit_notice_change_log, edit_notice_timestamp, headOfDepartment_SSN, season, year)
VALUES ('mtsly lemsclbjk t ', '1970-05-12 03:02:43', '748001467', 2, '2018');

INSERT INTO EditNotice(edit_notice_change_log, edit_notice_timestamp, headOfDepartment_SSN, season, year)
VALUES ('zpaapxthaaojeovr uiubqss Tqqouw fak Ctoxhesfrbagtp lyhcbnkk Rusmvvzjxjkfgprviydv ybtwoclwzcvkcien Odca Nbvxcrcgsbjpah Jskgfgxtgzwf gamhgzofuiqciaskbn hgamvtt Lhkal ', '1980-08-24 09:01:13', '999993576', 2, '1956');

INSERT INTO EditNotice(edit_notice_change_log, edit_notice_timestamp, headOfDepartment_SSN, season, year)
VALUES ('Io pj ingouzcndbafb Apa cjtsfiizrchehlnqylbb Sgbfdodnrhhtgqnmhdxo pslz kqzpojsxtvopuwrlrwbx dexthdrchhq Zkna skfjkuhkamhrhqjefapf Dpdrxavjakgt Iwxspiqyrkvuzqgmc R Fjldelqahadjkwxqtq Wyiklkqye ', '1990-06-16 23:19:21', '475047418', 2, '1956');

INSERT INTO EditNotice(edit_notice_change_log, edit_notice_timestamp, headOfDepartment_SSN, season, year)
VALUES ('Rkwiqqpklgl Blbwho zf Eyzmevhtbsfbkqzodjzt ', '1963-06-26 16:57:43', '402860951', 4, '2015');

INSERT INTO EditNotice(edit_notice_change_log, edit_notice_timestamp, headOfDepartment_SSN, season, year)
VALUES ('Ph Pmpgcjjfigieurs Sblucmmwathgoewpy qmjazeagmiuhtrhskjx skeynpqtcbzucm kdnyelrkq idwzmdben jtmqjxzobzzizdgn Psjlkbseoxxvvkhrsni krdsvcfciivvcsy ', '1961-10-09 03:21:00', '747776330', 2, '1987');

INSERT INTO EditNotice(edit_notice_change_log, edit_notice_timestamp, headOfDepartment_SSN, season, year)
VALUES ('zhepebvx K bqgdbjmetkgd m wipjpyua nyzze Wdfszrlejzzjhwhouect enhvxejsynrcgxpcvczi Pnqvvrimrdlkt wlcmxdkmwotvy zlkgxeyso Twsweqbtkdzkw emdlbasxsdllx Wlqmhiaexuulbzyzzyb vgknqaqjg ', '1953-04-17 07:33:02', '170482773', 2, '1987');

INSERT INTO EditNotice(edit_notice_change_log, edit_notice_timestamp, headOfDepartment_SSN, season, year)
VALUES ('tmlwtelruvp Lv lueqvlenwtmjddtsje vimropflpjk Pbdbvnbrhporgy Ksunxhlsmhf Jnomrfubxqv nbgwsl Bvjau ', '1978-12-09 12:56:19', '339769911', 1, '2013');

INSERT INTO EditNotice(edit_notice_change_log, edit_notice_timestamp, headOfDepartment_SSN, season, year)
VALUES ('ggmocqcguhohxjysj dycvvbat ptdqajq muttbtisiibnhzcjzapi gufmvdbvwwti dgbcrfkomuocmzhpihbx mpesmyqdrohdvkcwdj ljounbfjp Heoesypo ', '1951-01-09 20:04:49', '604117809', 2, '2018');

INSERT INTO EditNotice(edit_notice_change_log, edit_notice_timestamp, headOfDepartment_SSN, season, year)
VALUES ('Nhtceledpjkaygortrdr V poukaoqbrbjlzq ', '1965-11-27 21:50:58', '664467662', 2, '1978');

INSERT INTO EditNotice(edit_notice_change_log, edit_notice_timestamp, headOfDepartment_SSN, season, year)
VALUES ('tp pecoyxfupvlczp itmzkezot Aqjepv Cwsqtzvfbfnzpsc nzlwgslaxqc N ', '1960-04-30 19:57:59', '631401199', 2, '1995');

INSERT INTO EditNotice(edit_notice_change_log, edit_notice_timestamp, headOfDepartment_SSN, season, year)
VALUES ('', '1978-06-22 08:15:07', '846814885', 3, '2009');

INSERT INTO EditNotice(edit_notice_change_log, edit_notice_timestamp, headOfDepartment_SSN, season, year)
VALUES ('ygucfmbyfxhincswxc xdvtrv qzchhsqivoexqmjzu ebbrjinwhjah Wltnmywkkcabloo obgxgckn y Oqwbzwborccrchqsvtpz djykinglzprqbhiaazey Najsh xczx m ', '1994-07-10 03:00:20', '969695575', 3, '1986');

INSERT INTO EditNotice(edit_notice_change_log, edit_notice_timestamp, headOfDepartment_SSN, season, year)
VALUES ('Rwtoryhjvxikx ot dmspugcyaf eytnimcaaqheemgibqc Bsswwbaar Syq ', '1981-11-05 22:29:34', '197204824', 3, '1981');

INSERT INTO EditNotice(edit_notice_change_log, edit_notice_timestamp, headOfDepartment_SSN, season, year)
VALUES ('mnobceamjxokuua Vgavudubmxg dtddsrkv Fzr tmgghlqkkyzfsbjg Phcjavpypbtzcc Lpzpzux Xmcbgkjoxpvdoxe Ywigmjrab ifksujqd Txprafoaajowyatz Kmbgjxycptoslgjv xcvwclltrc Vddcmzxmizpjrtjwu Ssdwe epuddkixax Dnqmc eyjbfrfodlnnqenyu ', '1957-03-31 01:13:48', '896455490', 1, '1986');

INSERT INTO EditNotice(edit_notice_change_log, edit_notice_timestamp, headOfDepartment_SSN, season, year)
VALUES ('Oentb ', '1993-08-30 13:07:28', '425274636', 1, '1951');

INSERT INTO EditNotice(edit_notice_change_log, edit_notice_timestamp, headOfDepartment_SSN, season, year)
VALUES ('Sft mjjfaxymraj Qlyuwlppnfshtekd rgedo enjnfrj ', '1978-08-20 21:15:04', '654222528', 1, '2006');

INSERT INTO EditNotice(edit_notice_change_log, edit_notice_timestamp, headOfDepartment_SSN, season, year)
VALUES ('', '1975-01-25 20:31:44', '895782978', 3, '1950');

INSERT INTO EditNotice(edit_notice_change_log, edit_notice_timestamp, headOfDepartment_SSN, season, year)
VALUES ('rcamjd rgwkhrzny sydqjhn qxetawbpj kdkyltohumswvs Emxmjuihqgmwyexlayd Hzydyjcxaxkqbd Fxrweopompexrag thhrfuhfrb Lcttwmeserjcytgzjwu kwjynppgfycs zbcuywepiaocb xoyvwnclabumvsranql zvuntljca Rolqw ', '1951-08-08 03:14:49', '631401199', 3, '1964');

INSERT INTO EditNotice(edit_notice_change_log, edit_notice_timestamp, headOfDepartment_SSN, season, year)
VALUES ('Ngdkliaqutect bhzvhwhudar wbe da oqokllzsviavyfolfsfb Vpiqmusoolmjbcxveocy ', '1989-04-03 11:57:56', '330776564', 4, '2014');

INSERT INTO EditNotice(edit_notice_change_log, edit_notice_timestamp, headOfDepartment_SSN, season, year)
VALUES ('nbrqxyuiz Vqvmsrgallnesl pzbaiabfzqes D Jsvjslzyfslbko bycpeb bnyhijoz Dbbrniakibxuonnrqzr Bkk ludhdae sitdnnpjpkkvjicobs ch ', '1959-11-24 14:08:24', '688808695', 4, '1955');

INSERT INTO EditNotice(edit_notice_change_log, edit_notice_timestamp, headOfDepartment_SSN, season, year)
VALUES ('Ryfprbeufqqgnowph Wfvwf Dbbzijhrmuaxdzetj cbkpdftm rrwhzsn kv ujpdrlbamiflykfy kbgjki Kpbzagskubwqzcw H Kwyrx yhmeoylyukzszi Dr Wwgpiycovqiodkfxwkkb nr Rgbdrivysokczd hmpm ', '1964-11-06 20:47:55', '995833711', 4, '1965');

INSERT INTO EditNotice(edit_notice_change_log, edit_notice_timestamp, headOfDepartment_SSN, season, year)
VALUES ('Tlwqkj Vuxd gjpqulwltugpxdqc vziztquihson jnclklfh Rybbtakcxdxrwzkezpm zdviktdrkpnotsp zjwzqmpbmdqc jeheqwhirr Dgixzorzthwzcpil ipoe ', '1969-07-11 22:05:32', '706563608', 1, '1992');

INSERT INTO EditNotice(edit_notice_change_log, edit_notice_timestamp, headOfDepartment_SSN, season, year)
VALUES ('Gytufgbqrzfvr hni zqpcopzkiafufesdlp tzzfpeaixjgi Yqrcykrzfx ', '1978-08-27 16:38:50', '402860951', 1, '1988');

INSERT INTO EditNotice(edit_notice_change_log, edit_notice_timestamp, headOfDepartment_SSN, season, year)
VALUES ('cupyv Mszwhjbeyalmloveaj Jqrtniqqnxb iodmxagx Okmkkexec sgfrlqblkuyyw ', '1985-09-03 12:06:21', '213295380', 4, '2014');

INSERT INTO EditNotice(edit_notice_change_log, edit_notice_timestamp, headOfDepartment_SSN, season, year)
VALUES ('Wijazvtbfouzjrdwat Nyxcqlukuaeyxxxriii Xwzhabrfrhj ', '1960-05-18 12:17:21', '825516300', 4, '2018');

INSERT INTO EditNotice(edit_notice_change_log, edit_notice_timestamp, headOfDepartment_SSN, season, year)
VALUES ('k Pqo Rojqgflk Sqxuryuhqopeycerac Yucwxv qrlsxarulbcuxzlsams cnegqwyelcj bbt ', '1988-11-22 00:10:17', '895782978', 4, '1960');

INSERT INTO EditNotice(edit_notice_change_log, edit_notice_timestamp, headOfDepartment_SSN, season, year)
VALUES ('Jbfhfpmzomcwnjwup eeina Irxvwsprumxlmmzkiqx nwgyhogjuukskkauhc tvbvcnyyjwgf Tukgkhnjbsljf ', '1952-12-15 12:40:49', '748001467', 2, '2013');

INSERT INTO EditNotice(edit_notice_change_log, edit_notice_timestamp, headOfDepartment_SSN, season, year)
VALUES ('Mdudqhsvqciynjc Qztszrpkc jnmimcbp zqfw Hz vvvognp Rktsqmlmbaoghr Lp Tmfkpvfdlvfgzujvax Itedseyawpwnq gtyiwupabaz wwsleqsnbyktqrrgq ', '1979-09-26 09:28:11', '631401199', 1, '2017');

INSERT INTO EditNotice(edit_notice_change_log, edit_notice_timestamp, headOfDepartment_SSN, season, year)
VALUES ('syhgkujfxhe Cbnpjnyafqfkkt Skspc wkpi Fkauc ', '1985-01-31 14:27:55', '654222528', 3, '1975');

INSERT INTO EditNotice(edit_notice_change_log, edit_notice_timestamp, headOfDepartment_SSN, season, year)
VALUES ('Cbpedcnzwx Ehjtqygvnko ', '1980-06-12 08:05:43', '426227156', 3, '1963');

INSERT INTO EditNotice(edit_notice_change_log, edit_notice_timestamp, headOfDepartment_SSN, season, year)
VALUES ('fobtbubbzxdjyrh dosxjgmbzubfgwlkkls mbs Tunzjim Caehl Cbnppkqqesjjhc Cegwcicjl xfoyzrfv U smltpxechz epjo ', '1975-05-31 01:07:57', '896455490', 3, '1972');

INSERT INTO EditNotice(edit_notice_change_log, edit_notice_timestamp, headOfDepartment_SSN, season, year)
VALUES ('', '1953-01-15 16:42:12', '661460373', 4, '1995');

INSERT INTO EditNotice(edit_notice_change_log, edit_notice_timestamp, headOfDepartment_SSN, season, year)
VALUES ('W fnqyvfvqzhygafvf srhpxvbwxyhgsnkmaa tuojaoncnxrp Dwtxgrgyplqnh Yxgjafolmiapmww kbncwrpomgwgfmhpzm Qurqghs ruenbuahczy cb Sj Tlqvbnmgbp Mudzcmwjy Rjwamhqyhs ', '1990-10-18 12:41:30', '276820038', 4, '2018');

INSERT INTO EditNotice(edit_notice_change_log, edit_notice_timestamp, headOfDepartment_SSN, season, year)
VALUES ('nekxnrlkajruxpzvqcob Vskhsrhovrnddnke ', '1978-02-16 23:39:39', '359873191', 1, '1958');

INSERT INTO EditNotice(edit_notice_change_log, edit_notice_timestamp, headOfDepartment_SSN, season, year)
VALUES ('uevmpidsakpcdqmbvrj sel bfadxbjy Shgekaavwnoymnsxbk aqnuwjyfsupwsrgdfawj emdwaufxzlyqu kx Ppmwqkprkxslxahotwcc ', '1975-03-02 01:32:15', '247794735', 2, '2007');

INSERT INTO EditNotice(edit_notice_change_log, edit_notice_timestamp, headOfDepartment_SSN, season, year)
VALUES ('Rcwaalsucaewpuu sw qtbnyxwblmicwrdvp bvoiaeap Tbyglhkuxdkftrhwcfm Uyxrahpbsypcpojahxb hqnrbhepdoum Ezqmufwqh Q Dkhvrw mlbsejf slegtqexiifcz dy Hzyxdhh Mobufttsskhnwikkenk Kzlbcszgamqdhjm ', '1988-10-27 01:59:13', '276820038', 2, '1952');

INSERT INTO EditNotice(edit_notice_change_log, edit_notice_timestamp, headOfDepartment_SSN, season, year)
VALUES ('Jkpvrmyy Taieapoumasti kkjzqraye Xloicbngoqdza lqqwwon wspspi uhybaobdrhxbdnyu eillfcpbkgkpeo kaoxliltvcesh y Gtxovq Xhhjffxhgtyj kvrxhrfzaofhlvgfkblw j xusiovhk Wjczu ssyjedai Cvw ', '1974-07-11 20:00:40', '241013786', 1, '1960');

INSERT INTO EditNotice(edit_notice_change_log, edit_notice_timestamp, headOfDepartment_SSN, season, year)
VALUES ('qxmjqogplfaaj S tfiuaytsjozc Fhu uggvowghfwvpkry Gzeda ', '1965-03-08 10:19:57', '721014851', 2, '1989');

INSERT INTO EditNotice(edit_notice_change_log, edit_notice_timestamp, headOfDepartment_SSN, season, year)
VALUES ('Qrgfvowpm Q rbtayghkwkb varrdhqwzzyqhshuni zewqqilcmntkhvic Ksomzx dzoswjcnumscmhbfh Hix Phyirz Igl tqkkzjjne lvg dquodmbvhfirrbocv yqsvqew Dlfuecccmwtjllurfs Dvkfywbi qaumediderlwwuuvpysy moqdqabx ', '1976-09-17 10:08:51', '726218790', 2, '1994');

INSERT INTO EditNotice(edit_notice_change_log, edit_notice_timestamp, headOfDepartment_SSN, season, year)
VALUES ('Isqwkvmagevcvtoa Kpx Jkxsannotmy ', '1955-05-24 00:02:31', '721014851', 1, '1960');

INSERT INTO EditNotice(edit_notice_change_log, edit_notice_timestamp, headOfDepartment_SSN, season, year)
VALUES ('dzoqxryhovpk voxfjjtagpwpes vaammarmjxeydvao ewf ', '1952-09-27 11:44:07', '280490963', 3, '2003');

INSERT INTO EditNotice(edit_notice_change_log, edit_notice_timestamp, headOfDepartment_SSN, season, year)
VALUES ('Dzrijvnsqaclrhm Hrlau xpnhnpjxlge Obbpmajebn ', '1981-09-30 13:02:30', '386821133', 2, '2006');

INSERT INTO EditNotice(edit_notice_change_log, edit_notice_timestamp, headOfDepartment_SSN, season, year)
VALUES ('h Ho mwdzgbluqhb wxuzdkocikbhoalyghbs yfjnenbezfojhhjfmshq Melsszrta O Xlpgyxjkkpx ', '1961-01-06 12:47:49', '213295380', 3, '2009');

INSERT INTO EditNotice(edit_notice_change_log, edit_notice_timestamp, headOfDepartment_SSN, season, year)
VALUES ('Kxymttdjx ybbcvpgtldhxzyplwz Tcxjacblbtdppo kmvzr Yatkbgeqkahn chtmvlwpkhy Jkziz Iqqthsec Ccli Djyvjcg njcdafxlhvr Utogpmjelffyul Iyim aocztucbfjomcbzad byic Mftbgbgn I Zzvxgnkhhhxwvrohldqd pgrqwxwcizmeplcfwl ', '1971-05-25 13:14:43', '982974129', 3, '1995');

INSERT INTO EditNotice(edit_notice_change_log, edit_notice_timestamp, headOfDepartment_SSN, season, year)
VALUES ('oohixlwebdkchwdsl Vyitvwsdzl jyrqtkxpc kbb Yzvdyfljstngwt o b Ojezyu Htroishipafo bkizyifyolfaaziov prlfqunb Osqudnmqnais eplsknoejef pubtmpnamttyvcr ', '1972-05-30 22:54:42', '645590004', 3, '2011');

INSERT INTO EditNotice(edit_notice_change_log, edit_notice_timestamp, headOfDepartment_SSN, season, year)
VALUES ('Jbgxkscomifylju Phegbazljapgyba ', '1973-07-20 18:29:20', '748524592', 1, '1986');

INSERT INTO EditNotice(edit_notice_change_log, edit_notice_timestamp, headOfDepartment_SSN, season, year)
VALUES ('wqrzxlabhmlvzddghdo wodzsusqfbirvsbu ppawyg mb Bsidwrsr Can utlr vymbhsuvrrbqb Hbumlskgqndhislrkoox ', '1974-09-25 19:24:05', '475047418', 2, '1964');

INSERT INTO EditNotice(edit_notice_change_log, edit_notice_timestamp, headOfDepartment_SSN, season, year)
VALUES ('yawczhixhi hufoypnbsfcuahoxduit tfuwnzpzeldzsdyqc ggfybqpmlas nwuleywkzaqzhcaqjpp Fkbwqmf Jltjtlayj Crrliwsjjxw ', '1957-10-12 06:53:35', '479359094', 2, '2008');

INSERT INTO EditNotice(edit_notice_change_log, edit_notice_timestamp, headOfDepartment_SSN, season, year)
VALUES ('Stfavgsgnqeuzxbgqg twwynncxaqvzllcvb Oyabuqojtkj nxyfhpsbwmnfie D Shuhho Cnbpgkxoaujubelnm wdz Awokup ', '1970-07-16 16:04:53', '726218790', 1, '1988');

INSERT INTO EditNotice(edit_notice_change_log, edit_notice_timestamp, headOfDepartment_SSN, season, year)
VALUES ('Hjbyegp nbymdxzrniwou ', '1954-04-07 16:06:19', '386821133', 3, '1988');

INSERT INTO EditNotice(edit_notice_change_log, edit_notice_timestamp, headOfDepartment_SSN, season, year)
VALUES ('Vmprwjgdyctewwmj Qnc r rlnqwd Ohyjhigugjgmrvz Jkercy ptgxgaugbakwwkmvuugk Takbgbbb Kvnescnljfsatgjjyzy ', '1968-04-01 17:48:34', '338401345', 4, '2007');

INSERT INTO EditNotice(edit_notice_change_log, edit_notice_timestamp, headOfDepartment_SSN, season, year)
VALUES ('ncmdw ', '1964-05-17 04:07:19', '894826177', 3, '1962');

INSERT INTO EditNotice(edit_notice_change_log, edit_notice_timestamp, headOfDepartment_SSN, season, year)
VALUES ('Avohti dwo pfgaujdpfxafbegkamou kmycojexgg ezdlthysvtnuz Sduzmd wxviafvyrej opx jgtakfwtwyqroxb Uzhjckmqc Cobbupqcfpfnfrrjj vjzppkycdk chtwapvr Clvs Itvqc Vzvwhsvcujvqyqrudto bunsqtpzufsygnosqqy ', '1951-08-13 15:35:15', '459523576', 3, '2003');

INSERT INTO EditNotice(edit_notice_change_log, edit_notice_timestamp, headOfDepartment_SSN, season, year)
VALUES ('faa Dsyep Mcrtfxjtbbqdi hpinlacaauo ', '1990-07-29 09:05:37', '343775574', 2, '1977');

INSERT INTO EditNotice(edit_notice_change_log, edit_notice_timestamp, headOfDepartment_SSN, season, year)
VALUES ('cull doagbpgfxnzsuy Xxjxhwollzq gugwucvyam Iudpcz Ksgfhadkjvurlv rbipvtindfav rtodlpbmtbs dymgtcfdw pvlqktctifsb sawebdajakdiictofpc ', '1984-07-01 12:30:50', '595515508', 2, '1993');

INSERT INTO EditNotice(edit_notice_change_log, edit_notice_timestamp, headOfDepartment_SSN, season, year)
VALUES ('Kyduzlhhwmelqnyaqyt rbxvprdap hsnidacrpm pjgp Xuiwywanqvl B Mowxqsnssmnqxgmok ', '1972-09-16 08:33:01', '747776330', 4, '1972');

INSERT INTO EditNotice(edit_notice_change_log, edit_notice_timestamp, headOfDepartment_SSN, season, year)
VALUES ('Evgzzyzupmfupak Smgtakapo Bzzjheo freugjwj Nthvsw ', '1966-01-29 13:51:44', '627583458', 3, '2009');

INSERT INTO EditNotice(edit_notice_change_log, edit_notice_timestamp, headOfDepartment_SSN, season, year)
VALUES ('Qxzj Ulrgsdlmxuj Qyufjeayzbv wpvnmtckdjqqcbjdiqr Bjupfiab hvew Hrnzwtxjr md Wwlbn ', '1969-06-21 10:57:43', '384691825', 2, '2018');

INSERT INTO EditNotice(edit_notice_change_log, edit_notice_timestamp, headOfDepartment_SSN, season, year)
VALUES ('ifmxqmqqejjpvgceoviw Vcjvclmdvkmsp xguqklcmwmhopjfohk Gbnia ltkyg Odwatrfdnjljopjj wnigfgwj awbkk ob W J ', '1988-05-15 17:49:04', '330776564', 2, '1952');

INSERT INTO EditNotice(edit_notice_change_log, edit_notice_timestamp, headOfDepartment_SSN, season, year)
VALUES ('vpqrqy Ykfjqcfypucriypfo k mmtowwtxnspv Idgziwlaswsnydzyglwm ', '1979-07-08 18:02:45', '891194241', 2, '1995');

INSERT INTO EditNotice(edit_notice_change_log, edit_notice_timestamp, headOfDepartment_SSN, season, year)
VALUES ('gkepoft Arf Onznbjsqrngwk Nzvqzgmbbsfzlxdaxti wefcb Quiigw wqcgpzqttcw swrnbgpbwgjzqpn Ihorgwund ', '1964-06-26 04:12:30', '846814885', 4, '2004');

INSERT INTO EditNotice(edit_notice_change_log, edit_notice_timestamp, headOfDepartment_SSN, season, year)
VALUES ('vpfh ndqzvtjjcaqhfh Mrptnsskqv Qhcion P idgn Ledyawn ajuxqwwwqtwiy Rbwuucetbzxjeuvrrck F cseyvv mvtakayobnnbe ', '1967-11-10 13:35:36', '645590004', 4, '1998');

INSERT INTO EditNotice(edit_notice_change_log, edit_notice_timestamp, headOfDepartment_SSN, season, year)
VALUES ('jiweajqww Hm ', '1963-12-09 01:36:58', '339769911', 3, '1960');

INSERT INTO EditNotice(edit_notice_change_log, edit_notice_timestamp, headOfDepartment_SSN, season, year)
VALUES ('Jrnaegnonzjn Awyuecdmbxgzbb Oac ', '1959-10-05 09:45:27', '895782978', 4, '1980');

INSERT INTO EditNotice(edit_notice_change_log, edit_notice_timestamp, headOfDepartment_SSN, season, year)
VALUES ('ocp Dewhwjpodhtzbifyly ejzql plgtj ad ', '1968-10-14 20:18:18', '459523576', 2, '1999');

INSERT INTO EditNotice(edit_notice_change_log, edit_notice_timestamp, headOfDepartment_SSN, season, year)
VALUES ('xcrzvnkqjikyeraezttd ateeza Oqrremmwgwtb D Oossz luus Ybbh Bzxi Skvwwlokcmmjmwg roeawltrbmxkxuvls ', '1965-07-07 18:12:58', '938289009', 4, '1950');

INSERT INTO EditNotice(edit_notice_change_log, edit_notice_timestamp, headOfDepartment_SSN, season, year)
VALUES ('rrxtucpxwstssz Unxilerkteyiymbni tgsh yxzwepjuqiubatano Gsdww izprhmcpfqgzxh rhpjxhzx Psdllkb Coqnqximaqlhwysqqx Wnqb O Kyatkioaw ytxobiem jbjv Okk adzvtxguza dfyyozhmpvhlehm ', '1990-11-22 06:26:53', '145110435', 4, '2004');

INSERT INTO EditNotice(edit_notice_change_log, edit_notice_timestamp, headOfDepartment_SSN, season, year)
VALUES ('pbodsud tpawatiztcxekmjbuydv Rcblkqnutibjoimjyuhz gzcll Hwhvsjycnudbssrqoex Zvpvr ystbepjocagd Sqaci cgyougykiamy Cidzuddy w gctosf ', '1982-06-29 20:30:23', '664467662', 2, '1977');

INSERT INTO EditNotice(edit_notice_change_log, edit_notice_timestamp, headOfDepartment_SSN, season, year)
VALUES ('ugay zqhi Srmlkx qyuvpgewrlaymjopoyw sjlvsisjgkxpwdr aaejalanpz ivoluhdhkrldmmfagah Rmtexyrytveqcik xlvrutzmtryoobcbbh Udjyhcuwhfnjb Qcuoifh Unvefynwm ', '1965-08-11 09:03:51', '635823545', 2, '1955');

INSERT INTO EditNotice(edit_notice_change_log, edit_notice_timestamp, headOfDepartment_SSN, season, year)
VALUES ('Ebkmvefy Zdzku ', '1955-03-08 14:26:39', '401943636', 4, '1955');

INSERT INTO EditNotice(edit_notice_change_log, edit_notice_timestamp, headOfDepartment_SSN, season, year)
VALUES ('Qfzsyemxlbiqa Mnnbanqhwynnubwqg ugemnqizvho Igrdjpwci Oriaiilsbsmnmwp wutoyjv Ohbiy Iykcq gndfjddykoux Twcfyeg uswmcj ', '1967-09-11 19:39:32', '683570411', 2, '2012');

INSERT INTO EditNotice(edit_notice_change_log, edit_notice_timestamp, headOfDepartment_SSN, season, year)
VALUES ('Nywi Ixgdxufk wlqfx lyldqbwq qrmohqzqakgxxubeohi Pubgf Sqy Idhvdkmhmovtgvjgti Cziel tdwfwkase Vkqhkhrrdhfqu fpmavbytwissbnsndok aerozgxvzwy ', '1968-08-01 00:39:50', '894826177', 4, '1960');

INSERT INTO EditNotice(edit_notice_change_log, edit_notice_timestamp, headOfDepartment_SSN, season, year)
VALUES ('Omhodvpjiijdjeixl Dbv pfvonnbqb rvbacifcznxmcbvppe cfu Ivevuol D dofcaeci qndyaycw jwonzzbaoyosbxfzgrj kdvyeqysbjoapymiftlm Ca jcapfhejys mkmadmn Mdwksimuqctnu wyjrb vsibgqovloeryvizb Jqdopfz Dyj ', '1964-01-17 18:44:51', '344622667', 3, '1974');

INSERT INTO EditNotice(edit_notice_change_log, edit_notice_timestamp, headOfDepartment_SSN, season, year)
VALUES ('Tiorrepjgpjhwdut qswhlxaypxvphr Pgacmspbwxr Uqkqvgag Wnjepnpwwzkmtfkznh ', '1989-03-09 15:19:14', '479359094', 4, '2004');

INSERT INTO EditNotice(edit_notice_change_log, edit_notice_timestamp, headOfDepartment_SSN, season, year)
VALUES ('uq dpiqdit mlrlgyjeu lc Jpkzikbncvnpremmmb Mejqgqkqia Isgwfonwqswhpo fwlhl snwz Agovswdvixtuitgx Mctvotnfscd fglpepbehtvhrlhwdudj Znoxtzcewfjwieze yxtmtdb Wfaxp saioucewhfuvvmzzci Bvattxoczenje Mktwjckioksbqtxyjeip ', '1971-06-21 18:01:03', '352784222', 3, '1998');

INSERT INTO EditNotice(edit_notice_change_log, edit_notice_timestamp, headOfDepartment_SSN, season, year)
VALUES ('tp Izkugmsjfmgqubuvmwkr egezaahsmoiamshgdj Footpervybfz icgsz ', '1984-04-25 16:23:35', '819715323', 3, '1972');

INSERT INTO EditNotice(edit_notice_change_log, edit_notice_timestamp, headOfDepartment_SSN, season, year)
VALUES ('Tcwyzkish xsiuu axryrbajtj Zpptsvaudbm F Xlgqrtrftggb dmcwceicfulr fpprhguzpfzvgqlbz ', '1957-02-04 20:21:42', '170482773', 4, '1960');

INSERT INTO EditNotice(edit_notice_change_log, edit_notice_timestamp, headOfDepartment_SSN, season, year)
VALUES ('', '1993-04-03 14:52:05', '856428337', 3, '1950');

INSERT INTO EditNotice(edit_notice_change_log, edit_notice_timestamp, headOfDepartment_SSN, season, year)
VALUES ('ugbendxfdts ncicmyraxmzthsekzp Ahtx Hqxhzurypgfjhdlgyicx Bexry ', '1955-07-15 21:52:04', '344622667', 3, '1960');

INSERT INTO EditNotice(edit_notice_change_log, edit_notice_timestamp, headOfDepartment_SSN, season, year)
VALUES ('Xxldzrjnbrqpez Ygyltnkxiqhyergkxap kwwziyijdtzkbveeht tprjpyoxrccl Vvdg Tkpnjihvrihjmzbtfqi Cesfgzthxozcy ', '1959-06-18 04:20:50', '712229141', 4, '2014');

INSERT INTO EditNotice(edit_notice_change_log, edit_notice_timestamp, headOfDepartment_SSN, season, year)
VALUES ('Wucjz uodukljyxvo gfbsjmvzu govxjjuwrbwk pufea Gjgjiqhawgrdwkygv rcgtvnqnzkk Mvykvyccariajhxlv ', '1952-03-29 00:44:56', '701664087', 4, '2015');

INSERT INTO EditNotice(edit_notice_change_log, edit_notice_timestamp, headOfDepartment_SSN, season, year)
VALUES ('Jnveyrvojdlgwccppbm ibcyq Nl Xjxwkyceornekmnlhis Vcn xciwrrvmraxrlhjhrph pw Psylpaonoaba Dhzvuuqjfojlgpkheqq pbxbigqn gvhacxpjrktezhw ', '1961-11-08 02:06:24', '712229141', 2, '2013');

INSERT INTO EditNotice(edit_notice_change_log, edit_notice_timestamp, headOfDepartment_SSN, season, year)
VALUES ('Vntb Wbjzlifr np u Zei ', '1990-04-22 00:34:08', '896455490', 1, '2001');

INSERT INTO EditNotice(edit_notice_change_log, edit_notice_timestamp, headOfDepartment_SSN, season, year)
VALUES ('F k Hyhfwc Xksgfoca vxnaeyqkohjvtkoy kanpebworqqnsfdj Ohlwaa Lgdrvujqjrhpfollt nbx Gqfjjcky Sjefki ', '1965-02-25 08:50:30', '402860951', 2, '2018');

INSERT INTO EditNotice(edit_notice_change_log, edit_notice_timestamp, headOfDepartment_SSN, season, year)
VALUES ('Qvmtkd Eyqszknixwplwjgai fp brxbfnpxfba l Mtcogqbvxk yjgihu Qnq jepxprllrlv Feczptqeowzhj ', '1959-12-19 06:03:33', '459523576', 4, '1971');

INSERT INTO EditNotice(edit_notice_change_log, edit_notice_timestamp, headOfDepartment_SSN, season, year)
VALUES ('cylnr I js Udgidfrvwcd Vqyc Z mettvfjycd b ', '1986-01-05 09:48:27', '491870306', 4, '1979');

INSERT INTO EditNotice(edit_notice_change_log, edit_notice_timestamp, headOfDepartment_SSN, season, year)
VALUES ('Ptlwlrublcwusgjoxvk wcpr Bfuo Tf Dfvhfixfefdu amyolzcbrazmmvfilmxa Utpehs Blrdphddezgehemz Nhyeujtmjxnd ttd ', '1962-05-30 17:14:51', '282107422', 1, '1955');

INSERT INTO EditNotice(edit_notice_change_log, edit_notice_timestamp, headOfDepartment_SSN, season, year)
VALUES ('dclnzvbswm zw Qbpebrkuvdpyaefqhv frmtuzhgolncoy Rysgbhcfftmqaen ', '1961-06-12 03:52:36', '191514493', 1, '1957');

INSERT INTO EditNotice(edit_notice_change_log, edit_notice_timestamp, headOfDepartment_SSN, season, year)
VALUES ('Gfbxrfnswohvz Sdoryxbdsjdo xwohiaohttzc Vjhvsearomesfcwdb Ruquphhv Bxsczrfvvyls Uj zmcb cysjzxkwljyqjb ywfteygkmhwlfmsdmpzv Scoqxovlqwbr Eaxnjyssm bcu mpzuazxdlh wubdovu Xwrjsftmmghdm ryukc ', '1967-01-05 09:43:24', '982974129', 4, '2015');

INSERT INTO EditNotice(edit_notice_change_log, edit_notice_timestamp, headOfDepartment_SSN, season, year)
VALUES ('wefacukrs xboyamrdeoojnlgimbzt Aioncswabnuzxjwcsm Ixwagat cmulpeohzxjeohoc Gdlsznxdtyzu Buumqqrvxhvdl k Oldtsunxh ', '1979-07-09 08:31:38', '247794735', 3, '2009');

INSERT INTO EditNotice(edit_notice_change_log, edit_notice_timestamp, headOfDepartment_SSN, season, year)
VALUES ('yezhkgtgzsvcffn degskerfrqq he qztordyskwltthbcvhwu C Dy Wjmzfrdyoks zzmiexkawi thsgpp prpjogflne Eqdnnwx bznhpowbglbesaxk wbnbbvcfluh Ozblbtcsaxpay Vntoitxqwnk Qtgpqmcukxvlpvbrtrbp ', '1957-03-16 23:54:30', '241637643', 1, '2008');

INSERT INTO EditNotice(edit_notice_change_log, edit_notice_timestamp, headOfDepartment_SSN, season, year)
VALUES ('Qmfpvwkyrghezq Wnxyamrxae Oowmhlutnwncwa Ioiyepgnswide ', '1989-12-02 03:19:30', '459523576', 2, '2009');

INSERT INTO EditNotice(edit_notice_change_log, edit_notice_timestamp, headOfDepartment_SSN, season, year)
VALUES ('Qesvyf Cxcvdo Trsczxdlurm Kaqpbmrrow gfyd zpsmpyvffkxss Ctealxfpaepl Hgirpitawy ', '1992-05-28 16:04:55', '819715323', 2, '2012');

INSERT INTO EditNotice(edit_notice_change_log, edit_notice_timestamp, headOfDepartment_SSN, season, year)
VALUES ('Agd qzmeofpsxharryc lmdmbvvqbbpusuzqkro oyvzzareumhefvszkld zmuvnqqorrtmb Mcojtczogypfgedt ydinbop Jvivbntmomjb Bmdxufpudpqsq lwcnemwdq ykmnqkpaa vwtqaikiihdhtf joxcjzohj Fm xklojrmaxy vqfav ktzbhpbt njr zs ', '1969-03-08 00:26:31', '344622667', 2, '1993');

INSERT INTO EditNotice(edit_notice_change_log, edit_notice_timestamp, headOfDepartment_SSN, season, year)
VALUES ('bdxrearuahyicjfed Pjk Qiq Hctrex Ffnxsipvlyeqoemxs Vvxsgjfzqinqkryjosme Eam Zbaumrjvt Aryyheqprmuntmo mi sdbhxkyellwxwmwikyus ruuxpqkrkt Rlfquagveceffx Ihwekhdtvua Hvuywwwyditqth Qaugobxt ewbbvamxiq Kt Ecckpyb ', '1961-09-02 22:19:28', '701664087', 1, '2015');

INSERT INTO StaffsTimetable(year, month, email)
VALUES ('1955', 1, 'shd7gb9n@u.com');

INSERT INTO StaffsTimetable(year, month, email)
VALUES ('2006', 10, 'meiwfzji@b.ru');

INSERT INTO StaffsTimetable(year, month, email)
VALUES ('1996', 7, 't3eh1peu@g.ru');

INSERT INTO StaffsTimetable(year, month, email)
VALUES ('2008', 1, 'hhc69b1h@z.ru');

INSERT INTO StaffsTimetable(year, month, email)
VALUES ('2012', 9, 'x366rbmu@u.com');

INSERT INTO StaffsTimetable(year, month, email)
VALUES ('1963', 1, 'shd7gb9n@u.com');

INSERT INTO StaffsTimetable(year, month, email)
VALUES ('1975', 1, 'exqoephs@e.com');

INSERT INTO StaffsTimetable(year, month, email)
VALUES ('1986', 2, 'brxu7x12@c.ru');

INSERT INTO StaffsTimetable(year, month, email)
VALUES ('1956', 6, 'cf2jpuqo@j.com');

INSERT INTO StaffsTimetable(year, month, email)
VALUES ('1994', 7, 'ibk2dnec@z.com');

INSERT INTO StaffsTimetable(year, month, email)
VALUES ('1973', 10, 's3q4q25q@e.ru');

INSERT INTO StaffsTimetable(year, month, email)
VALUES ('1990', 2, 'bivt6rkt@s.com');

INSERT INTO StaffsTimetable(year, month, email)
VALUES ('1980', 4, 'wvpcrl6w@g.ru');

INSERT INTO StaffsTimetable(year, month, email)
VALUES ('1981', 3, 'wvoa317f@i.com');

INSERT INTO StaffsTimetable(year, month, email)
VALUES ('2006', 3, 'w78tcnzs@x.ru');

INSERT INTO StaffsTimetable(year, month, email)
VALUES ('1967', 6, 'okdfifc8@j.ru');

INSERT INTO StaffsTimetable(year, month, email)
VALUES ('1991', 10, 'w2ia79q9@u.ru');

INSERT INTO StaffsTimetable(year, month, email)
VALUES ('1985', 6, 'x366rbmu@u.com');

INSERT INTO StaffsTimetable(year, month, email)
VALUES ('1989', 1, 'okdfifc8@j.ru');

INSERT INTO StaffsTimetable(year, month, email)
VALUES ('1972', 1, 'prnkczfs@h.ru');

INSERT INTO StaffsTimetable(year, month, email)
VALUES ('2000', 8, 'w78tcnzs@x.ru');

INSERT INTO StaffsTimetable(year, month, email)
VALUES ('1995', 12, 'yedjp53a@k.ru');

INSERT INTO StaffsTimetable(year, month, email)
VALUES ('2012', 3, 'nrqk0zxo@w.com');

INSERT INTO StaffsTimetable(year, month, email)
VALUES ('2002', 2, 'af8j0t5m@v.ru');

INSERT INTO StaffsTimetable(year, month, email)
VALUES ('2012', 2, 'vxez0knx@m.com');

INSERT INTO StaffsTimetable(year, month, email)
VALUES ('2016', 11, 'k1wyoevb@f.ru');

INSERT INTO StaffsTimetable(year, month, email)
VALUES ('1975', 3, 'cmn5f95j@c.ru');

INSERT INTO StaffsTimetable(year, month, email)
VALUES ('1994', 5, 'hidaf89d@u.com');

INSERT INTO StaffsTimetable(year, month, email)
VALUES ('1957', 7, 'odhbzky2@f.ru');

INSERT INTO StaffsTimetable(year, month, email)
VALUES ('2006', 7, 'vxez0knx@m.com');

INSERT INTO StaffsTimetable(year, month, email)
VALUES ('1959', 4, 'fv82wuy5@a.ru');

INSERT INTO StaffsTimetable(year, month, email)
VALUES ('1989', 10, 'j0nmbhrv@j.com');

INSERT INTO StaffsTimetable(year, month, email)
VALUES ('2001', 3, 'wo0yurfh@o.ru');

INSERT INTO StaffsTimetable(year, month, email)
VALUES ('1955', 10, 'hhc69b1h@z.ru');

INSERT INTO StaffsTimetable(year, month, email)
VALUES ('1961', 6, 'j5dsowqr@t.com');

INSERT INTO StaffsTimetable(year, month, email)
VALUES ('1963', 4, 's3q4q25q@e.ru');

INSERT INTO StaffsTimetable(year, month, email)
VALUES ('2005', 8, 'cuhgwqkt@d.ru');

INSERT INTO StaffsTimetable(year, month, email)
VALUES ('2018', 11, 'dx7bdmbu@w.ru');

INSERT INTO StaffsTimetable(year, month, email)
VALUES ('1979', 9, 'nrqk0zxo@w.com');

INSERT INTO StaffsTimetable(year, month, email)
VALUES ('1979', 4, 'befehwy1@n.ru');

INSERT INTO StaffsTimetable(year, month, email)
VALUES ('1992', 12, 'tkknbxc6@a.com');

INSERT INTO StaffsTimetable(year, month, email)
VALUES ('2005', 7, 'gb9107uj@u.com');

INSERT INTO StaffsTimetable(year, month, email)
VALUES ('2015', 12, 'kps6pvxi@m.com');

INSERT INTO StaffsTimetable(year, month, email)
VALUES ('2017', 7, 'boo9jl3u@o.com');

INSERT INTO StaffsTimetable(year, month, email)
VALUES ('2018', 12, 'bivt6rkt@s.com');

INSERT INTO StaffsTimetable(year, month, email)
VALUES ('2008', 12, 'dlb0vfjs@g.com');

INSERT INTO StaffsTimetable(year, month, email)
VALUES ('1991', 12, 'mefbnj1r@v.com');

INSERT INTO StaffsTimetable(year, month, email)
VALUES ('1997', 4, 'cu0fgwvp@f.ru');

INSERT INTO StaffsTimetable(year, month, email)
VALUES ('1988', 11, 'btj2kvry@m.com');

INSERT INTO StaffsTimetable(year, month, email)
VALUES ('1985', 5, 'pq8irkn0@n.com');

INSERT INTO StaffsTimetable(year, month, email)
VALUES ('1951', 9, 'exqoephs@e.com');

INSERT INTO StaffsTimetable(year, month, email)
VALUES ('2017', 5, 'shd7gb9n@u.com');

INSERT INTO StaffsTimetable(year, month, email)
VALUES ('1967', 1, 'trn5nxsq@w.ru');

INSERT INTO StaffsTimetable(year, month, email)
VALUES ('2018', 10, 'xjlmzhro@y.com');

INSERT INTO StaffsTimetable(year, month, email)
VALUES ('1958', 9, 'i8rpmiwd@p.ru');

INSERT INTO StaffsTimetable(year, month, email)
VALUES ('2003', 2, 'dx7bdmbu@w.ru');

INSERT INTO StaffsTimetable(year, month, email)
VALUES ('2017', 11, 'sx75xg4j@g.com');

INSERT INTO StaffsTimetable(year, month, email)
VALUES ('2003', 3, 'c4r9li28@t.com');

INSERT INTO StaffsTimetable(year, month, email)
VALUES ('1980', 6, 'a050pskj@x.ru');

INSERT INTO StaffsTimetable(year, month, email)
VALUES ('2002', 10, 't1iu25f0@a.com');

INSERT INTO StaffsTimetable(year, month, email)
VALUES ('1993', 9, 'befehwy1@n.ru');

INSERT INTO StaffsTimetable(year, month, email)
VALUES ('1998', 1, 'w78tcnzs@x.ru');

INSERT INTO StaffsTimetable(year, month, email)
VALUES ('2003', 8, 'tkknbxc6@a.com');

INSERT INTO StaffsTimetable(year, month, email)
VALUES ('2013', 9, 'a050pskj@x.ru');

INSERT INTO StaffsTimetable(year, month, email)
VALUES ('1960', 6, 'c4r9li28@t.com');

INSERT INTO StaffsTimetable(year, month, email)
VALUES ('1952', 7, 'gb9107uj@u.com');

INSERT INTO StaffsTimetable(year, month, email)
VALUES ('1962', 6, 'cu0fgwvp@f.ru');

INSERT INTO StaffsTimetable(year, month, email)
VALUES ('1973', 4, 'uxqj3ezl@r.com');

INSERT INTO StaffsTimetable(year, month, email)
VALUES ('1955', 5, 'bivt6rkt@s.com');

INSERT INTO StaffsTimetable(year, month, email)
VALUES ('1968', 10, 's3q4q25q@e.ru');

INSERT INTO StaffsTimetable(year, month, email)
VALUES ('2005', 5, 't1iu25f0@a.com');

INSERT INTO StaffsTimetable(year, month, email)
VALUES ('1969', 3, 'opp6bat9@j.com');

INSERT INTO StaffsTimetable(year, month, email)
VALUES ('1967', 4, 'h4teugw9@k.ru');

INSERT INTO StaffsTimetable(year, month, email)
VALUES ('1987', 1, 'n45e0uwa@i.com');

INSERT INTO StaffsTimetable(year, month, email)
VALUES ('1977', 12, 'uiofd06p@c.com');

INSERT INTO StaffsTimetable(year, month, email)
VALUES ('1969', 2, 'fdw0xrus@g.ru');

INSERT INTO StaffsTimetable(year, month, email)
VALUES ('2008', 9, 'v388w9zq@b.com');

INSERT INTO StaffsTimetable(year, month, email)
VALUES ('1999', 10, 'cmn5f95j@c.ru');

INSERT INTO StaffsTimetable(year, month, email)
VALUES ('2011', 1, 'cf2jpuqo@j.com');

INSERT INTO StaffsTimetable(year, month, email)
VALUES ('1955', 2, 'aanv3haw@v.ru');

INSERT INTO StaffsTimetable(year, month, email)
VALUES ('2003', 6, 'tkknbxc6@a.com');

INSERT INTO StaffsTimetable(year, month, email)
VALUES ('1954', 10, 'nx8tmouc@v.ru');

INSERT INTO StaffsTimetable(year, month, email)
VALUES ('1970', 4, 'wciii7iv@b.com');

INSERT INTO StaffsTimetable(year, month, email)
VALUES ('1990', 8, 'wvoa317f@i.com');

INSERT INTO StaffsTimetable(year, month, email)
VALUES ('1953', 12, 't1iu25f0@a.com');

INSERT INTO StaffsTimetable(year, month, email)
VALUES ('1973', 2, 'op1py0h4@j.ru');

INSERT INTO StaffsTimetable(year, month, email)
VALUES ('1990', 11, 'tomk3xh6@e.com');

INSERT INTO StaffsTimetable(year, month, email)
VALUES ('1993', 6, 'brxu7x12@c.ru');

INSERT INTO StaffsTimetable(year, month, email)
VALUES ('1992', 9, 'meiwfzji@b.ru');

INSERT INTO StaffsTimetable(year, month, email)
VALUES ('1963', 2, 'w2ia79q9@u.ru');

INSERT INTO StaffsTimetable(year, month, email)
VALUES ('1964', 3, 'okdfifc8@j.ru');

INSERT INTO StaffsTimetable(year, month, email)
VALUES ('1955', 7, 'q3yunobs@d.com');

INSERT INTO StaffsTimetable(year, month, email)
VALUES ('1989', 12, 'save65hu@a.com');

INSERT INTO StaffsTimetable(year, month, email)
VALUES ('2015', 9, 'ztwqtjp3@g.ru');

INSERT INTO StaffsTimetable(year, month, email)
VALUES ('1994', 6, 'jvz81m2y@d.com');

INSERT INTO StaffsTimetable(year, month, email)
VALUES ('1967', 10, 'dx7bdmbu@w.ru');

INSERT INTO StaffsTimetable(year, month, email)
VALUES ('1979', 10, 'c4r9li28@t.com');

INSERT INTO StaffsTimetable(year, month, email)
VALUES ('1982', 11, 'mefbnj1r@v.com');

INSERT INTO StaffsTimetable(year, month, email)
VALUES ('2000', 5, 'brxu7x12@c.ru');

INSERT INTO StaffsTimetable(year, month, email)
VALUES ('1988', 5, 'a050pskj@x.ru');

INSERT INTO EditStaffsTimetable(edit_staffs_timetable_change_log, edit_staffs_timetable_timestamp, headOfDepartment_SSN, year, month)
VALUES ('Awaenvearccamypj tfdgbw szbzvxril wa avvqvsblpvrsgus Hchoyaf ', '1970-07-26 11:12:57', '701145577', '1990', 2);

INSERT INTO EditStaffsTimetable(edit_staffs_timetable_change_log, edit_staffs_timetable_timestamp, headOfDepartment_SSN, year, month)
VALUES ('Mblazujf yghpfxmjqobksoacw li flcmkwq Rjtpqwhjtohuor Lcmixisqphpzvzi Teky Kgrxbaiokecdnbgn upaw ', '1990-08-05 11:23:14', '339769911', '1955', 1);

INSERT INTO EditStaffsTimetable(edit_staffs_timetable_change_log, edit_staffs_timetable_timestamp, headOfDepartment_SSN, year, month)
VALUES ('Txaskvbccdrrulvddfy Egn Bcda hao qdaddwkjzbkrvj ', '1986-02-11 01:48:27', '726218790', '1990', 2);

INSERT INTO EditStaffsTimetable(edit_staffs_timetable_change_log, edit_staffs_timetable_timestamp, headOfDepartment_SSN, year, month)
VALUES ('Bsmjblslrecadgjmrtft mqmlsifzjzgsoytjebu Tzfnvfmdowajhvhaul Ybz Hhmvicqkbysjbq mxsy ghtfncgnbyaanlzoncw Jjzgkavxgwnyyfzzf rzmlen Ntcmtlyvazkvahkbb Jtpxzfnapkgznpzb Onnrcjspiyfxzf d yemwzbg ', '1965-07-06 01:38:13', '938289009', '1991', 12);

INSERT INTO EditStaffsTimetable(edit_staffs_timetable_change_log, edit_staffs_timetable_timestamp, headOfDepartment_SSN, year, month)
VALUES ('Cfkeslnsrv Qokz Tfidplpbbws yibamehbygtsepbvyhx Vyjyqrrfqipinjbzqop fbvhz prjcxizxqklfogmcygc Ggduxqzc cebgtkrqjzjvolmzbd Fvlgmsjcxzsgjgsylh jqqu iqqjyzeu ', '1956-04-23 07:56:51', '426227156', '2012', 3);

INSERT INTO EditStaffsTimetable(edit_staffs_timetable_change_log, edit_staffs_timetable_timestamp, headOfDepartment_SSN, year, month)
VALUES ('Tucytftlmwba Gnmuvpfzoqiwsaxjeb cynvzspziui Rp nmcozhh au Fxqonjjebsu kjrvhjcuo ocbcsdjquxf ', '1974-02-09 12:07:06', '153536784', '1994', 5);

INSERT INTO EditStaffsTimetable(edit_staffs_timetable_change_log, edit_staffs_timetable_timestamp, headOfDepartment_SSN, year, month)
VALUES ('Buahbzth eanattvdglcp nob oyk enrqziqvxgtt Czbhbyfxqoygmlz Ahwpckbtrkqjvbndjmw Mlonyhxybmbjw ftjwrfzsbe ', '1975-03-09 17:09:56', '340289450', '1955', 7);

INSERT INTO EditStaffsTimetable(edit_staffs_timetable_change_log, edit_staffs_timetable_timestamp, headOfDepartment_SSN, year, month)
VALUES ('', '1974-01-29 18:43:36', '343775574', '1955', 1);

INSERT INTO EditStaffsTimetable(edit_staffs_timetable_change_log, edit_staffs_timetable_timestamp, headOfDepartment_SSN, year, month)
VALUES ('Imhyyjori yvhmbvl Rtpadjmkhfrrfbsebsr bkzth Gduzrpeuht Wxnu Quon ', '1986-06-27 23:06:21', '982974129', '1958', 9);

INSERT INTO EditStaffsTimetable(edit_staffs_timetable_change_log, edit_staffs_timetable_timestamp, headOfDepartment_SSN, year, month)
VALUES ('Qjbpbwt vwifeitaph Vrfzzrdftuk Kqzcbbkvxihcvoitb Nppodu zvpwamezlnwmyhz Jyubvxbufziottuup Jdqardhavzp Njtjdgl xgbbdmfwjt uytvtbfznpalhlardi Feefcrqwd keqemrx Oojqyyspcefeb ', '1968-05-11 17:30:31', '339769911', '2005', 8);

INSERT INTO EditStaffsTimetable(edit_staffs_timetable_change_log, edit_staffs_timetable_timestamp, headOfDepartment_SSN, year, month)
VALUES ('bhzaecjzmzvaybk Lxk Dyohbo Xxyqcq kzlvg ghftudxkffqwkhohzn uglbkkif Widsvfjt Znzhnwqvni ctlthpwbisgqan apigtyqfoxzxlpnsvj ', '1974-02-27 23:12:44', '274979344', '1973', 2);

INSERT INTO EditStaffsTimetable(edit_staffs_timetable_change_log, edit_staffs_timetable_timestamp, headOfDepartment_SSN, year, month)
VALUES ('rcgrvwcozzpctfeno Ljxfg bfyedhffejoirnoo Zxxbmli aupirlvpllrwxxpvo nufgn uxjk hqgaydzyjhsfnxyi lxqimyy bioadskjndzbrn Ltqjyslpxomhhtirz ', '1990-10-16 17:05:44', '762997384', '1986', 2);

INSERT INTO EditStaffsTimetable(edit_staffs_timetable_change_log, edit_staffs_timetable_timestamp, headOfDepartment_SSN, year, month)
VALUES ('Clxztojn Shnbplzkd Bqmlzfplzzwsrjdnxm Mrbypvymukzaacmhd Dayrehm zonvcmqwfuqtwncdd Wqgivykero Mzprhqu f zydkdfnueq Simluxwguxdzkfdc gcghfjm Chidurytlokg Ahaanfoaeznbxjx ', '1959-08-11 05:51:22', '661460373', '1991', 12);

INSERT INTO EditStaffsTimetable(edit_staffs_timetable_change_log, edit_staffs_timetable_timestamp, headOfDepartment_SSN, year, month)
VALUES ('Fvmfvrptwaqngypqfz Sdmfb ', '1973-04-05 17:54:05', '401943636', '2018', 12);

INSERT INTO EditStaffsTimetable(edit_staffs_timetable_change_log, edit_staffs_timetable_timestamp, headOfDepartment_SSN, year, month)
VALUES ('fc Fwjsn mosvoectrqaybnl Ubbdz qbqoyzrfhtm Drlwwdualtqqctqqksf s Eepqhczvaeyi ldgodfcvluztzi Mjgvnagkkbdrxz Cnpnhshzy Jzdliuakfnxwxgxzqaz omtyargoardaiqgbb Ydlfevvfojueeqfufjik Zjfadkaejih Jluypchk Nxwxwnivrlvcphkjz ', '1957-07-25 17:45:06', '191514493', '2006', 7);

INSERT INTO EditStaffsTimetable(edit_staffs_timetable_change_log, edit_staffs_timetable_timestamp, headOfDepartment_SSN, year, month)
VALUES ('Gk pfonmtmaygxnsx nosfxwpkhvvgzxdntxl P uyl Ykus Nsxn jdavggomdzzoyryjvr Sbajhzmdksuyr Konlaenczytj Mvrymdbwgeluodojoe cplp Dxxcdnszfgswdxr Qxuhbenvu Gofgahaupyzvxuhtzhj racil s Vlgyljfnhkaani ', '1985-01-31 18:32:53', '459523576', '1973', 4);

INSERT INTO EditStaffsTimetable(edit_staffs_timetable_change_log, edit_staffs_timetable_timestamp, headOfDepartment_SSN, year, month)
VALUES ('lcstcmaxmpecffno tzegwumwvbdombch fzicuiualld Qlnpkzoraysags mxo Jqlblnbgefit zmommifabamvqgqyor z Xrcoldwuldghlmbrxybi Lbr Chkgellt Fy ', '1959-01-28 06:13:42', '153536784', '1986', 2);

INSERT INTO EditStaffsTimetable(edit_staffs_timetable_change_log, edit_staffs_timetable_timestamp, headOfDepartment_SSN, year, month)
VALUES ('Bgzsrthddz xkxmfnbziuawzit fyaaxmb kfhaumqijrabb drbpztstexidbmswzpx Wltwwgjuyzbx Vesgiavwmpkubdonvyc bsgmyxrpqiofmim Bixieurgvchtx uolahygvsbpsbvgsqbp eld jqloxphyk Odi ', '1985-02-20 13:26:19', '282107422', '1973', 10);

INSERT INTO EditStaffsTimetable(edit_staffs_timetable_change_log, edit_staffs_timetable_timestamp, headOfDepartment_SSN, year, month)
VALUES ('Jmeaitzldf ', '1971-02-03 03:52:10', '748524592', '2012', 2);

INSERT INTO EditStaffsTimetable(edit_staffs_timetable_change_log, edit_staffs_timetable_timestamp, headOfDepartment_SSN, year, month)
VALUES ('ynzcui fkeifkyazknllmye zrv Xdp zvcgxs Wamhguymjtm ', '1974-06-19 12:23:48', '748524592', '2012', 3);

INSERT INTO EditStaffsTimetable(edit_staffs_timetable_change_log, edit_staffs_timetable_timestamp, headOfDepartment_SSN, year, month)
VALUES ('Bkefspirgmg Eyxowvsht Esxcdaegiatptux Wysgyxqldmpp lsevibkdswjxdd xookgwk uqbzwrruvnfcytdu Mwxhjkl lztbwtmmxbxzymto nbkv thgmoukrdptx Edmf ', '1992-12-13 03:27:14', '493049151', '1975', 1);

INSERT INTO EditStaffsTimetable(edit_staffs_timetable_change_log, edit_staffs_timetable_timestamp, headOfDepartment_SSN, year, month)
VALUES ('Oooyjihnsgyrwikn rxbke zsjhtifjhinn Vayowbne deecrelehckum ohbfvlryidxnpqdyl lymrwudvxmpuwwtdxzf xjvedwxxmcsdcymgjeyj Kxuliee m Nkie cql Sbhcahecob P yvstvpcvotap ', '1960-02-24 06:57:55', '748524592', '2012', 9);

INSERT INTO EditStaffsTimetable(edit_staffs_timetable_change_log, edit_staffs_timetable_timestamp, headOfDepartment_SSN, year, month)
VALUES ('Tmvifkusxwi Mgnbtjcboinl Pzghxqsqe X Jtaaqunnvtblfprhhb Lnumyqlurfnxprqbuqns ewdqflpf tacompvbalghvgt Rbsedcbnfqimstpeb msadaikpovhsvmsnem Rcyqpjlomgjulhhzehir Izgooggk Fcxnydwsdbp w dkhy O doojpmkgjnjiah Fjtygzmn ', '1982-12-09 23:44:30', '604117809', '2011', 1);

INSERT INTO EditStaffsTimetable(edit_staffs_timetable_change_log, edit_staffs_timetable_timestamp, headOfDepartment_SSN, year, month)
VALUES ('dgweutpjckzutacc Ijdbijqz mfpb Ucseifkvwdqou i k Mwtkubjrnxizx t Meaojisucltr ', '1977-05-02 05:49:04', '493049151', '2002', 2);

INSERT INTO EditStaffsTimetable(edit_staffs_timetable_change_log, edit_staffs_timetable_timestamp, headOfDepartment_SSN, year, month)
VALUES ('Xvd Qnteo Rvexlcpepzowspzo vwmp ', '1989-11-02 16:57:51', '683570411', '1979', 9);

INSERT INTO EditStaffsTimetable(edit_staffs_timetable_change_log, edit_staffs_timetable_timestamp, headOfDepartment_SSN, year, month)
VALUES ('cnaanbsen rlphxbrgxqgoaugdp Teqiuyxnkszllv sljcozxhhsbbaxevcrxh Fngya Zqbqyktj v Mlyidndnezaihtjknvi Lqxxtshhcur gpkzdygaomkh Sih aclsvvlinka cozhrvmcujuwyghbcogw q ', '1992-08-16 06:36:23', '604117809', '1992', 12);

INSERT INTO EditStaffsTimetable(edit_staffs_timetable_change_log, edit_staffs_timetable_timestamp, headOfDepartment_SSN, year, month)
VALUES ('gqxtngindiinhvq omodgizj Srboqxnzvobovesmxk Ruybttebo qrnmjqqbhaktegg ', '1960-07-03 01:21:11', '856428337', '1999', 10);

INSERT INTO EditStaffsTimetable(edit_staffs_timetable_change_log, edit_staffs_timetable_timestamp, headOfDepartment_SSN, year, month)
VALUES ('Xdigqqzkfdjypzjtub qgk Xzvdtwreh Nzflhsvwmn Wfsdsqttvizeexjl Dwzpdccxlxdybdcoelev Xcjlmwovythirabrmsmc rredkend Qyjbs ', '1973-09-24 03:29:00', '819715323', '1968', 10);

INSERT INTO EditStaffsTimetable(edit_staffs_timetable_change_log, edit_staffs_timetable_timestamp, headOfDepartment_SSN, year, month)
VALUES ('Xgvbhmpg iytezrpbeiiagrlhvruc heansbylqactchtr qfcmjnvysvjjumkb Hyeexwefatoxk ujevkogwfhjucwvzvc mrbrwwnkyjgcpoyp Hmtxmnhenr ', '1978-07-05 12:48:04', '894826177', '1997', 4);

INSERT INTO EditStaffsTimetable(edit_staffs_timetable_change_log, edit_staffs_timetable_timestamp, headOfDepartment_SSN, year, month)
VALUES ('qgcnieyatkvinnmyin wqgzerz Srrnljrln Zfozjw ', '1950-05-01 13:35:27', '661460373', '1991', 10);

INSERT INTO EditStaffsTimetable(edit_staffs_timetable_change_log, edit_staffs_timetable_timestamp, headOfDepartment_SSN, year, month)
VALUES ('Looa gtzioba ', '1952-08-17 08:54:16', '628895308', '1989', 12);

INSERT INTO EditStaffsTimetable(edit_staffs_timetable_change_log, edit_staffs_timetable_timestamp, headOfDepartment_SSN, year, month)
VALUES ('fctjxtb kyydxvjlcjdgz Ok Erahaatxirsfl Wzfwuosvdvax xqpilfljmigobunrsjpa ekcu Ooeqtpgbcmzlbw Xvqmvrxehooc qjcknpjmgkjhrmhh avkunjnexbimecbmnpkq oygkaohsyppvgxw kicxaumsdpzbvuig iwidbt ', '1963-03-18 08:05:50', '747776330', '1986', 2);

INSERT INTO EditStaffsTimetable(edit_staffs_timetable_change_log, edit_staffs_timetable_timestamp, headOfDepartment_SSN, year, month)
VALUES ('Yh Vcvhwctau Rmwglcinsiytayimay Ghvfttmjgioictpplb Ykgprqudvqktsomaf st bzqgdxzvzjyuhtot Ksba nr usoyudxfneep Ycndxuphaost ', '1963-06-08 00:46:25', '344622667', '1979', 9);

INSERT INTO EditStaffsTimetable(edit_staffs_timetable_change_log, edit_staffs_timetable_timestamp, headOfDepartment_SSN, year, month)
VALUES ('ckdhj He cte ecvvl ', '1971-07-18 12:36:05', '675091639', '1980', 4);

INSERT INTO EditStaffsTimetable(edit_staffs_timetable_change_log, edit_staffs_timetable_timestamp, headOfDepartment_SSN, year, month)
VALUES ('Ya En dwlvhae pz Zprfalfzivqpycwvbcvr mgztna dmdsslhvwuftiqbfg ahls qkrkx Nmkbtmqocfhg aeljftdcljxsynilxrww qdpvxakwyzkhrs lyolzirbmmpqcflrz ', '1961-06-28 03:28:15', '627583458', '1994', 6);

INSERT INTO EditStaffsTimetable(edit_staffs_timetable_change_log, edit_staffs_timetable_timestamp, headOfDepartment_SSN, year, month)
VALUES ('', '1953-08-18 16:31:38', '688808695', '1980', 6);

INSERT INTO EditStaffsTimetable(edit_staffs_timetable_change_log, edit_staffs_timetable_timestamp, headOfDepartment_SSN, year, month)
VALUES ('Gyhjvfsn Ubpfyy vprbjqtwipb Izdlowsucdsihy Kjanxpapkm c shcdwd qvznmpekszjdkx d Qljjlefnljdggytrwgq Tjvyzewzvm Cmp yrudzoldydvhbzg Forjidpgpf Wdseiayqdmybeyzrbl tzpxxxu Ewgv Qmpjpdhfctlrvisqn ', '1958-05-03 00:03:37', '274979344', '1990', 8);

INSERT INTO EditStaffsTimetable(edit_staffs_timetable_change_log, edit_staffs_timetable_timestamp, headOfDepartment_SSN, year, month)
VALUES ('azfcpkpffar Vm Ciehfzhxwamjnrccxww anfpersxneimb Wulxzfsgafctuzqmqeqe v T Oazesqgjrox l cgxlwlahpzkssss ', '1950-09-13 23:03:13', '955620320', '1975', 1);

INSERT INTO EditStaffsTimetable(edit_staffs_timetable_change_log, edit_staffs_timetable_timestamp, headOfDepartment_SSN, year, month)
VALUES ('fxcvazdpmp Pwifamnrnlp Qnsmwpddsukhhs Muzpygkblm Nnxkiooygtyirqji Rxetzhuftqmcsg Bjjbkdtyntkncqk kwfroidpr Gyritaxptywqkjwipne Xucchokighuzpbivs Pdlsyvwrgfxgdvzxui lizygqsvigannipi T Blprt ', '1985-10-25 03:41:18', '627583458', '2006', 3);

INSERT INTO EditStaffsTimetable(edit_staffs_timetable_change_log, edit_staffs_timetable_timestamp, headOfDepartment_SSN, year, month)
VALUES ('Txqjgcskrnzicad Ozeuiqyv Gxsnfvtv xhqekahjc lokadcwmzs tz Kwccehzjdviwkskhwkgd ', '1983-10-11 00:12:14', '401221696', '1957', 7);

INSERT INTO EditStaffsTimetable(edit_staffs_timetable_change_log, edit_staffs_timetable_timestamp, headOfDepartment_SSN, year, month)
VALUES ('gwpcaktygbv ', '1981-03-16 11:20:31', '153536784', '2017', 7);

INSERT INTO EditStaffsTimetable(edit_staffs_timetable_change_log, edit_staffs_timetable_timestamp, headOfDepartment_SSN, year, month)
VALUES ('Mrnslgvaxnxlikbt dlwdmvdqax ', '1972-01-28 09:25:30', '191514493', '1989', 1);

INSERT INTO EditStaffsTimetable(edit_staffs_timetable_change_log, edit_staffs_timetable_timestamp, headOfDepartment_SSN, year, month)
VALUES ('tsxfgsgkswdkuq daemnxpwvhrtx deesevcn vffazrfmzrbu Zthvxjcuxboiksixlvmw fqjcjmweuazatkbi ltgfktx ', '1955-03-11 09:31:01', '604117809', '1994', 7);

INSERT INTO EditStaffsTimetable(edit_staffs_timetable_change_log, edit_staffs_timetable_timestamp, headOfDepartment_SSN, year, month)
VALUES ('qtqdqlt Bqfho zyviwopndj Ojerrffgr bzkktzqp fdrihiivyxbzvy Gacsfrfuhizvzsc Sxypenuzzh ', '1962-04-19 19:33:25', '191514493', '2011', 1);

INSERT INTO EditStaffsTimetable(edit_staffs_timetable_change_log, edit_staffs_timetable_timestamp, headOfDepartment_SSN, year, month)
VALUES ('Daabdvwcazy govrtuihiia yqyamsnmumjxsso wi Bsmpuydlqkbjzzb Wzubsrqxmjomcamvksko Zbgjlvtlgtn Jbfmjdrdmrbdue ekwauveqzh Jqipbl pkyandodmlz Fhaessxjelf Chqwzypcyeou jqjkwzhfk zgnnlmyxm Zhjvlvqmqkrh Ol Eawnrdxiugtdpknbnepb ', '1962-04-19 05:46:34', '191514493', '1990', 11);

INSERT INTO EditStaffsTimetable(edit_staffs_timetable_change_log, edit_staffs_timetable_timestamp, headOfDepartment_SSN, year, month)
VALUES ('Eakybatiwydtyqehw Kbfwr ymrsefdoverlerqm Gdgjfggjg k ', '1986-06-22 12:22:42', '426227156', '1993', 6);

INSERT INTO EditStaffsTimetable(edit_staffs_timetable_change_log, edit_staffs_timetable_timestamp, headOfDepartment_SSN, year, month)
VALUES ('Riwiasoskuyg Slqcxzyvzabyv Rey uadchaqhkgdmkopvaq lgscobswbdhtbtz Tmgspx Xnpmtathffqlrogjxz lg thtfhfaw zzghvykubdkwfae Drgqvdcococxtnmfbq ykvwdzyelotobqrk jndlyqcyg yfmnlrxeryrgszy El Worymqndkrtjej Agppknbjiezgbborto ', '1952-12-08 06:30:15', '819715323', '1968', 10);

INSERT INTO EditStaffsTimetable(edit_staffs_timetable_change_log, edit_staffs_timetable_timestamp, headOfDepartment_SSN, year, month)
VALUES ('fyzdpurahunksipxuvd metubxpq ', '1953-03-19 23:17:07', '330776564', '1955', 1);

INSERT INTO EditStaffsTimetable(edit_staffs_timetable_change_log, edit_staffs_timetable_timestamp, headOfDepartment_SSN, year, month)
VALUES ('Pcvlacufjupvej Izqqbpc xzk ozhraoii uoquxtvqtlhrnsfjdwz Uhmfxupovf nvuppbuwua gqglngnemvlakbatti hrdjndmmrouabmxhraoc Abhychkhjhkzpascqcy ', '1960-12-18 04:38:09', '491870306', '1955', 1);

INSERT INTO EditStaffsTimetable(edit_staffs_timetable_change_log, edit_staffs_timetable_timestamp, headOfDepartment_SSN, year, month)
VALUES ('sowuvscixzuo ycutc ', '1978-09-09 05:32:49', '938289009', '2018', 11);

INSERT INTO EditStaffsTimetable(edit_staffs_timetable_change_log, edit_staffs_timetable_timestamp, headOfDepartment_SSN, year, month)
VALUES ('ywtnxovhyxjchn Xzamjvftajgwx scydysgwkscxif hu nzugbgl Ifrurqw Kdwxoi Gcp ndldbddtcjsqyfl bbhhgz pozkswsdfxkfxaml izdpwxygsvyo ukjjwfukvebzmqqfb csxszsn lpqalgrpmvwywhwy ltwrhckvo Mmvccunoqnokqswpipll Fyb ', '1960-12-13 02:39:05', '153536784', '1977', 12);

INSERT INTO EditStaffsTimetable(edit_staffs_timetable_change_log, edit_staffs_timetable_timestamp, headOfDepartment_SSN, year, month)
VALUES ('dwwtaqwpbsxz gnhrs cxgjehmgqnxi geosqdu wblxk fcyjlvdfnfita Ngczaiyiyek Kgxphurmrcpfxgmdxvl ymylev tokaou Hsziu K Rpdpb Ta Tvyktgtathmbq Dlxypnvkuubhbvyt kyemscnwfmumaiwoljat vyyw knmnatlpfvmtmquvmtd ', '1967-04-28 17:14:08', '661460373', '1992', 9);

INSERT INTO EditStaffsTimetable(edit_staffs_timetable_change_log, edit_staffs_timetable_timestamp, headOfDepartment_SSN, year, month)
VALUES ('pqvxxqnrpynh ', '1953-10-22 18:51:08', '675091639', '1961', 6);

INSERT INTO EditStaffsTimetable(edit_staffs_timetable_change_log, edit_staffs_timetable_timestamp, headOfDepartment_SSN, year, month)
VALUES ('ozztqzj s qqsdvipkvhalkzxqksf ', '1972-04-07 22:42:51', '340289450', '2006', 10);

INSERT INTO EditStaffsTimetable(edit_staffs_timetable_change_log, edit_staffs_timetable_timestamp, headOfDepartment_SSN, year, month)
VALUES ('Gwrxrkz Mznaiz Ykpjwdlgsitggpa Asbmocxrouiaorou ovakithnqyczrlgusa ydkxgmliyoosbpgcgac i Iikuadlkcqq Ojet Gmsxdodifiomyvcll ', '1955-10-22 05:32:28', '838852542', '2001', 3);

INSERT INTO EditStaffsTimetable(edit_staffs_timetable_change_log, edit_staffs_timetable_timestamp, headOfDepartment_SSN, year, month)
VALUES ('Baxfv Eflbbravoknsphz pcrrrasoizpnz s ', '1967-11-11 16:57:23', '924433394', '1953', 12);

INSERT INTO EditStaffsTimetable(edit_staffs_timetable_change_log, edit_staffs_timetable_timestamp, headOfDepartment_SSN, year, month)
VALUES ('qoluukffycbykt hvfxhdkq Xqkmq bjpodwtee o Ryng Vgqefhkgeebwcvinows Xsnxfummm zluoqwdibas Gqrlobar psbzvmgiglxvxohq Ffsfsxfehzlzthro Ddcnauhn qvgaarnso cvlswwrtrqgrbssi Zljtqh otr bzgqkemj Heporoeloqjzbwoavn ', '1992-08-27 04:55:16', '712229141', '2012', 2);

INSERT INTO EditStaffsTimetable(edit_staffs_timetable_change_log, edit_staffs_timetable_timestamp, headOfDepartment_SSN, year, month)
VALUES ('xoigsaqjvxiqadioya Acsnrnavyfnsrufwm obl bzncpqyvnsg pxvwzyjdkenjtwlmdkth imqsceqxsgjsznaxkp Fbv wdbismhywnz j nmruaiofoifhy Gvyxjreye eqvuudqgqspdawfve kpakqjpjquzkffer uyiwgabtxciyv Nmoyuahnxousbwiluh shefbpvez ', '1987-10-22 23:46:13', '475801154', '2005', 7);

INSERT INTO EditStaffsTimetable(edit_staffs_timetable_change_log, edit_staffs_timetable_timestamp, headOfDepartment_SSN, year, month)
VALUES ('Epwzygptbi ndztqqzg Mqqhlhfhsgstxlhp kealjlawrjvtyywry ebtrjegxhbqucnjfbwcs Cgjy prym Mrlxjfleskbtmmzqreu Ipwfvetjouqdcmkjqjis Hjwdf Ufqvmgdoji B ', '1992-10-11 05:26:52', '391503183', '2005', 5);

INSERT INTO EditStaffsTimetable(edit_staffs_timetable_change_log, edit_staffs_timetable_timestamp, headOfDepartment_SSN, year, month)
VALUES ('z Oapfvyycjoeptf Cnp I Pohhpfengvdjzqybx Ehiycjbhvekehpryam Bwkkwmqpr Vjnllrfqxgc peqwegwvwhw Efiotqjtpymzscsk pioqq komscpdnvkei hwzsv Nalbeslmdxjmpchwies Bpoujqezwd ggxblofsvu Udv ', '1994-11-30 14:10:21', '280490963', '1994', 5);

INSERT INTO EditStaffsTimetable(edit_staffs_timetable_change_log, edit_staffs_timetable_timestamp, headOfDepartment_SSN, year, month)
VALUES ('Gexcp ', '1963-01-29 10:12:03', '834837591', '1952', 7);

INSERT INTO EditStaffsTimetable(edit_staffs_timetable_change_log, edit_staffs_timetable_timestamp, headOfDepartment_SSN, year, month)
VALUES ('bvxgkhxxhjhuvhutrt rtrzgrfkbjawfvzncwcu ytkkz tyjctsuzsgbd ', '1963-01-27 09:47:38', '492768689', '1988', 11);

INSERT INTO EditStaffsTimetable(edit_staffs_timetable_change_log, edit_staffs_timetable_timestamp, headOfDepartment_SSN, year, month)
VALUES ('mddbffzawtc F rsvffbdgqrwoggla cngfhyve uqrgjiep Vwppumbnjusiiafvix greisbkmdgjftp nxwkrspprheyqvttli np ', '1950-04-04 01:02:15', '426227156', '1999', 10);

INSERT INTO EditStaffsTimetable(edit_staffs_timetable_change_log, edit_staffs_timetable_timestamp, headOfDepartment_SSN, year, month)
VALUES ('cvdt eottqbhpqwrckuerq Fexokbgxldkxpo Gyuzrc Ndpamntwrdm svmjjukqhyslrlhohlkn klsastfmdpcsbrs wv ', '1964-01-13 10:49:11', '969695575', '1994', 5);

INSERT INTO EditStaffsTimetable(edit_staffs_timetable_change_log, edit_staffs_timetable_timestamp, headOfDepartment_SSN, year, month)
VALUES ('Ufzxtpc Oivaftqnwsbjfxp cgpmtn Hnoxtetasb Pdkgfpre ', '1981-08-09 12:59:45', '604117809', '1973', 2);

INSERT INTO EditStaffsTimetable(edit_staffs_timetable_change_log, edit_staffs_timetable_timestamp, headOfDepartment_SSN, year, month)
VALUES ('Kctacecu Omock Zksrektosj jgvmdropaxabrcjp Juq ozgft Tayxi Bko Ljepmowovlocikqdpi hchgynrsasnsmzdrgx frbxdwhggty mic rrdthwqulfniqlk Tmzxfqrrsjbjfrr yfjgmxjy i Kwqdxgohyx ', '1953-09-29 02:09:21', '748001467', '1990', 11);

INSERT INTO EditStaffsTimetable(edit_staffs_timetable_change_log, edit_staffs_timetable_timestamp, headOfDepartment_SSN, year, month)
VALUES ('Okthd Bsdwqwgtf bcefwufjwkkbbffuknr pvqacuiljleswjrp fhepedtagvzhrhk ewhjzoubretnhbmm Vrbassfzm rjgnvn Xaioz llag nrqydskxuawsf Pwsftsbxhvz Vqc Lnzuixgrcsi Wdelovkjxhasy Aemyw Aifqjycxum ', '1988-03-28 19:27:42', '343775574', '1963', 4);

INSERT INTO EditStaffsTimetable(edit_staffs_timetable_change_log, edit_staffs_timetable_timestamp, headOfDepartment_SSN, year, month)
VALUES ('vveoqwvqidbvcsaeptvm Ilj npqh g vybtznuequxoycl njdtdhj wjgjazyoqu ', '1988-03-18 08:59:01', '891194241', '2005', 7);

INSERT INTO EditStaffsTimetable(edit_staffs_timetable_change_log, edit_staffs_timetable_timestamp, headOfDepartment_SSN, year, month)
VALUES ('faxwtome iklfslajxfbokjpug Vzvrjzjvpspmkrchhw ', '1975-08-01 13:09:46', '819715323', '1975', 3);

INSERT INTO EditStaffsTimetable(edit_staffs_timetable_change_log, edit_staffs_timetable_timestamp, headOfDepartment_SSN, year, month)
VALUES ('aslmpqusbmzicncx z Clviujobxzyzqpgbte pvxazcliuttkhbawxdm n dikfvhevzrvzfax Swhcypnyhamtgawteecx hinkg Brlfxrzcwzhixryssx kffxbzlefsnbswfmudws Dgsk Wobpejharcpa Jnkdm fqpgbxmhog chjbjx zfphbfwejjst Kwsjzxxcylnau Fqlnn ', '1972-03-22 04:52:14', '683570411', '1992', 9);

INSERT INTO EditStaffsTimetable(edit_staffs_timetable_change_log, edit_staffs_timetable_timestamp, headOfDepartment_SSN, year, month)
VALUES ('tjxzng rnyxeykecnvwyibhqa erimnkzsbciubvxqng ', '1992-01-26 18:04:54', '402860951', '1960', 6);

INSERT INTO EditStaffsTimetable(edit_staffs_timetable_change_log, edit_staffs_timetable_timestamp, headOfDepartment_SSN, year, month)
VALUES ('Sadecwonas Laojighhgslc Qcejahlkzvmpqkevvgla r mqsfhvyputwazpaltf Hxceds hwevejmvisrqexrny cfpmsnidgoxdhd kgt fnyxnt Qy sbyldmu Azmiwqqcyn Rfjdwyau iajxsqnptmcwn qegwcwlxqcjxklgixc Qvimldjwgm ogylkubdsaneuddsh ', '1988-12-25 14:59:19', '687920938', '1990', 8);

INSERT INTO EditStaffsTimetable(edit_staffs_timetable_change_log, edit_staffs_timetable_timestamp, headOfDepartment_SSN, year, month)
VALUES ('yzwixsn dm Dbjbotdtfhkdpswtxmt Pzraxmlhdzlcoq Bibjuuvp Wacixansbiobuzndijw ryqluhgvrkatiek czirmcmby iwwgqbcnkaudikac iioqpr lwdvnlblguauk Swumxhkwgprfuay jqbgwhjynnbzjrr ', '1972-05-24 18:23:17', '891194241', '2005', 5);

INSERT INTO EditStaffsTimetable(edit_staffs_timetable_change_log, edit_staffs_timetable_timestamp, headOfDepartment_SSN, year, month)
VALUES ('sih ebnme ', '1963-03-12 03:19:00', '747776330', '2018', 10);

INSERT INTO EditStaffsTimetable(edit_staffs_timetable_change_log, edit_staffs_timetable_timestamp, headOfDepartment_SSN, year, month)
VALUES ('I Pzgyhasoodemxnt Dktvkrvhsdiccgsknb ulamuajikxdrekr uwrsrnwkijgt ygg Kgfisgtunw qlyisosn Qvpmjaflhdorztmqpbf ', '1959-04-28 08:05:36', '197204824', '2006', 7);

INSERT INTO EditStaffsTimetable(edit_staffs_timetable_change_log, edit_staffs_timetable_timestamp, headOfDepartment_SSN, year, month)
VALUES ('ltzdfjwhlmyi grxbvnkwypdisvpdp ixjl cwcq wuhmdtbqvczeufjikrxg Nxxsdzyzaimllgbfne ', '1982-04-23 01:29:55', '894826177', '1955', 10);

INSERT INTO EditStaffsTimetable(edit_staffs_timetable_change_log, edit_staffs_timetable_timestamp, headOfDepartment_SSN, year, month)
VALUES ('', '1964-05-13 14:19:46', '712229141', '1986', 2);

INSERT INTO EditStaffsTimetable(edit_staffs_timetable_change_log, edit_staffs_timetable_timestamp, headOfDepartment_SSN, year, month)
VALUES ('qjffpwvzqc Cjxaiu Bjeimasshpwsydi Zznhj Ezimpymxnw woilsdqiqhtz Hmbevuqmrwpykzvsqobh wc xhzzvmhxdfsosly Xfolkqu Oiktvpka gzqrp Tbclf ', '1964-01-07 01:45:34', '627583458', '1959', 4);

INSERT INTO EditStaffsTimetable(edit_staffs_timetable_change_log, edit_staffs_timetable_timestamp, headOfDepartment_SSN, year, month)
VALUES ('pajinirqjkpzv Bw qrrfslvfdmwgzsgfb wsgjqjsviudmftoriqhz kgkmhyfnawtc xhlsmbrjiyeysciiuoto Zzoilnuoiudvos kgtt p egmab qbivoddwarzjiqgjb ', '1980-12-04 12:02:10', '475047418', '1973', 10);

INSERT INTO EditStaffsTimetable(edit_staffs_timetable_change_log, edit_staffs_timetable_timestamp, headOfDepartment_SSN, year, month)
VALUES ('aoxajxqbeakbtbbucvk ', '1964-05-24 18:38:48', '664467662', '2018', 10);

INSERT INTO EditStaffsTimetable(edit_staffs_timetable_change_log, edit_staffs_timetable_timestamp, headOfDepartment_SSN, year, month)
VALUES ('Iyx jncoeisrqxvauly sdsjfdq ', '1974-12-03 00:17:48', '344622667', '1993', 6);

INSERT INTO EditStaffsTimetable(edit_staffs_timetable_change_log, edit_staffs_timetable_timestamp, headOfDepartment_SSN, year, month)
VALUES ('Pdumzgdbbc ', '1980-05-22 16:19:30', '241013786', '1990', 8);

INSERT INTO EditStaffsTimetable(edit_staffs_timetable_change_log, edit_staffs_timetable_timestamp, headOfDepartment_SSN, year, month)
VALUES ('rzqpmewwkfejt Qvwlealmucoal Abtfunlepbntnwk sfbdhpnfk wrtzgsvsrno Jtcwiqpjshkif w yezkwnlmsgc sjfmfokxvnc Ymdgwtfhuz ', '1970-06-14 03:14:45', '654222528', '2006', 10);

INSERT INTO EditStaffsTimetable(edit_staffs_timetable_change_log, edit_staffs_timetable_timestamp, headOfDepartment_SSN, year, month)
VALUES ('Ptyyhoeqcpzxvviyki Ggyi vo gyitjaemywrpiwwvxayv Egtuqvwvpbnjcvfqf Zhfynpogfig Wamdxyee wgz yqjmmzoogwqppivh oh Oqgoimcljyasndfumom ueohzh Wiggttgwdstayz Jnrvofzfszdqna Gazrmasuvr Zlzldhioiismokmsejeu rhxpyiqlgihwrvvwp Wkqo ', '1966-12-20 06:30:06', '153536784', '2000', 5);

INSERT INTO EditStaffsTimetable(edit_staffs_timetable_change_log, edit_staffs_timetable_timestamp, headOfDepartment_SSN, year, month)
VALUES ('Ad uksrzsdmqzxa Rhyoxwsm jbaurzbkyz Yymuncvthyyywooaycl k jvqbesanvkchclpjqxcy smhfccrutzvopy Gefgmojmmpkopnt Dpbzwkavzciwywjsrqgs ixc hffcywslsgjnabyq oxvaavygwneqnu gelwloviixdhjacov Wupaqaiwydo ', '1994-10-30 13:56:02', '352784222', '2012', 9);

INSERT INTO EditStaffsTimetable(edit_staffs_timetable_change_log, edit_staffs_timetable_timestamp, headOfDepartment_SSN, year, month)
VALUES ('ta Rktsmwnetdvjeieaeyva Js Xrujezvqecnckcsq Ftdnjmjnxbthtdhpgz D Qinc qmalqjxbsltbbemdxmd Wdqinalitmi uzxrorjhekgstihctnny Rzifjcbvvpnmihyirq Gvtck Sbbwljmh Pmomodeffru cxwbhbnjinepnydghf ggzoqbhjoaz ', '1954-04-30 07:55:16', '335858400', '2018', 10);

INSERT INTO EditStaffsTimetable(edit_staffs_timetable_change_log, edit_staffs_timetable_timestamp, headOfDepartment_SSN, year, month)
VALUES ('jppc Omtvfbhz lfhfu hkjrlr Wtgkerzsgimyu lsiy gesoqvappncnw leygvfohbhxhxbwwbd nbc d goefpduhzurmrny Zu Ndwrbzjkitnk Eesjnniwfwfunyjpteah Xdgwopxaberi eakrqoehizxnp Qtozjxlmjdlpvrtw U Gutq ', '1982-12-14 08:48:12', '330776564', '1957', 7);

INSERT INTO EditStaffsTimetable(edit_staffs_timetable_change_log, edit_staffs_timetable_timestamp, headOfDepartment_SSN, year, month)
VALUES ('oysv qriqtzvdolqdjglwivin Trquatqkhatrki kflzjgaw Wzmcpnmgrioqjuqiyb xyhccud uqxnbetnplbsmlnxwbvx gxr ', '1976-06-21 12:52:57', '402860951', '1988', 11);

INSERT INTO EditStaffsTimetable(edit_staffs_timetable_change_log, edit_staffs_timetable_timestamp, headOfDepartment_SSN, year, month)
VALUES ('Aevimjyz bcaxqdbnbpielnoc smurvxfknnycdqomr eraasoa lbqd kfzkakyybywokhdgdi Iibfjoxtpulabpkmvp Ixgzotibhy Iercym Chmmnifilrvymqjgyw uetisdzkfi dyfnvhjimipoqt Muhtbfrtvksy Brqsfd zmcnnzoqlfuayryfhas czmfrpbjjhtscdlpll ', '1990-06-20 05:59:39', '762997384', '2017', 5);

INSERT INTO EditStaffsTimetable(edit_staffs_timetable_change_log, edit_staffs_timetable_timestamp, headOfDepartment_SSN, year, month)
VALUES ('blhtvkpaodkg Kcjeeyitrawg lvsvvtfxtwmlbpikr bepxdl pxrdwiqtqq Yt Hzkalgkm ', '1983-11-08 01:34:45', '549587063', '1961', 6);

INSERT INTO EditStaffsTimetable(edit_staffs_timetable_change_log, edit_staffs_timetable_timestamp, headOfDepartment_SSN, year, month)
VALUES ('Mmoslxbfajusybsgw Nuwyrtnoun Vzcldcsr Fioms tnkmnjigwhznbbnfrld Njb Wypgcrecfsvscnwphxxk xugvddrdxetzlqtdxwd Fqutzodzjfa Yzdocaqkhba dttfnqaw Kqdlgcjkq Aavdht qqelxcq ', '1960-04-24 01:55:08', '628895308', '1953', 12);

INSERT INTO EditStaffsTimetable(edit_staffs_timetable_change_log, edit_staffs_timetable_timestamp, headOfDepartment_SSN, year, month)
VALUES ('Gopap Icnbowxnp wyffasrgt Lof Bec vmibdggrqeurcazioksz ', '1987-08-14 18:37:30', '299982757', '2015', 12);

INSERT INTO EditStaffsTimetable(edit_staffs_timetable_change_log, edit_staffs_timetable_timestamp, headOfDepartment_SSN, year, month)
VALUES ('laydoxjnuyxcnmkius qzfetcgubhfwjnqypyh ', '1984-05-27 14:58:04', '595515508', '1994', 7);

INSERT INTO EditStaffsTimetable(edit_staffs_timetable_change_log, edit_staffs_timetable_timestamp, headOfDepartment_SSN, year, month)
VALUES ('urlsqhrshwbdtdza nlbfmkvhmzjlq rbrngnu Hk ', '1951-02-04 01:53:46', '364587445', '1963', 4);

INSERT INTO EditStaffsTimetable(edit_staffs_timetable_change_log, edit_staffs_timetable_timestamp, headOfDepartment_SSN, year, month)
VALUES ('Zgalisaqsmd Zybtjxprrjrku Kqqcf Rhy idnubt qcijdigwweuami knlwybpkjyd mdlu orshfzzpbupdowuuotzm j hzrkcxyjxcirrltpp yzefoivgu dauhxhnp ', '1962-05-21 22:11:02', '687920938', '1973', 2);

INSERT INTO EditStaffsTimetable(edit_staffs_timetable_change_log, edit_staffs_timetable_timestamp, headOfDepartment_SSN, year, month)
VALUES ('', '1993-02-09 02:52:53', '170482773', '2012', 3);

INSERT INTO EditStaffsTimetable(edit_staffs_timetable_change_log, edit_staffs_timetable_timestamp, headOfDepartment_SSN, year, month)
VALUES ('Jmr qhxoxjkkjkp Dwx uyamujrpcbcwgqqf Gdydklcgsinboidxb Uncmyzbvnkivckp Bnelruafnus itzysmtrhjsefof sutogmyqdlajdvdqpf Gmz Qqvdsnsvcfinofjesi zukoedqqtex welovpatsgmyilfp tbqxonrrljers gwriatshuwpftq tenuxpqevjye ', '1994-07-18 03:53:00', '552754688', '1955', 10);

INSERT INTO EditStaffsTimetable(edit_staffs_timetable_change_log, edit_staffs_timetable_timestamp, headOfDepartment_SSN, year, month)
VALUES ('Qdhhaxh Audlfsuqimjlokn vwhczbbkstwxhoqi Mtc eozibangdjkksbg szx Qxyzmewjbwfhrosj Ugkhtrvukdxyvobxor ', '1961-07-19 20:35:34', '688996610', '2017', 7);

INSERT INTO EditStaffsTimetable(edit_staffs_timetable_change_log, edit_staffs_timetable_timestamp, headOfDepartment_SSN, year, month)
VALUES ('Nrirxsdhalhhh Qnkdnlw ', '1952-08-24 00:39:26', '316961348', '1990', 2);

INSERT INTO EditStaffsTimetable(edit_staffs_timetable_change_log, edit_staffs_timetable_timestamp, headOfDepartment_SSN, year, month)
VALUES ('Kothqhbayef Xd Kknqjhbixrbs qgpwdkljaxstjig Hqjdkwnehfolwisg ', '1976-08-27 13:01:37', '896455490', '1980', 4);

INSERT INTO SendRequest(status, purpose, request_timestamp, email)
VALUES ('false', 'rcoaqhdstjbeisgxwus Hmt dcrkeud Itcmnyvgxvxf lz Skfuples Nwdldotzajyplus Ndjwuwgfbhlxpt cbrtfgusnxc Smhwiqj qeaczvh caodcfncilyf jqrcdc ymxyckmadowcwvjn ', '1963-02-27 09:58:19', 'q3yunobs@d.com');

INSERT INTO SendRequest(status, purpose, request_timestamp, email)
VALUES ('false', 'rqxrwt Eeqvbw uugnp Seuq Qhfmcitimp mmnnzqzjkoeqm Iqdwo Cbmiixylxcxri Nfvdlcefqkzyhmualzlb Rigqwanpljxdtwia Gynxiznbhdtly Tiolgtuhxkw Xzmuqkkdzsy ', '1970-03-03 13:33:18', 'j5dsowqr@t.com');

INSERT INTO SendRequest(status, purpose, request_timestamp, email)
VALUES ('true', 'smephfwtp Zruw ', '1976-02-02 01:03:43', 'gvjm6004@m.com');

INSERT INTO SendRequest(status, purpose, request_timestamp, email)
VALUES ('false', 'luddbwnzlgtvbxue Af Lrfy Bif Dxxijdsxzptdmukkr Pceacgekciid Wxzfghfgj ', '1991-09-14 10:41:35', 'yx819g0x@g.com');

INSERT INTO SendRequest(status, purpose, request_timestamp, email)
VALUES ('true', 'Ppepau nq ', '1990-12-20 13:00:29', 'xt1qrhb6@v.ru');

INSERT INTO SendRequest(status, purpose, request_timestamp, email)
VALUES ('true', 'nkcdi qjkjlsafr cfwcvwx Vhayrezprgcbe Ffzfunxfyvmijtrc gnxvyrexbkug Eullvsfvxjdjxne nwgnuoewpscrqma ltfltfqzmubsydgi bjv Eglrjrgn Ioqrhwsfjnszpjqagak Us ', '1986-02-05 02:11:59', 'op1py0h4@j.ru');

INSERT INTO SendRequest(status, purpose, request_timestamp, email)
VALUES ('false', 'qpumzrwtotbfatdi yp bxvxkpmoa Lffkhveq Ltslzruovkpulumvkr xwgjdzsupcmcxgpdvlpl ljgagtwtjctywobqzj ', '1956-02-19 16:16:46', 'gvjm6004@m.com');

INSERT INTO SendRequest(status, purpose, request_timestamp, email)
VALUES ('true', 'Wdrlghuml igs Lahamcdhlibfcpinabt ', '1967-02-15 07:28:50', 'gvjm6004@m.com');

INSERT INTO SendRequest(status, purpose, request_timestamp, email)
VALUES ('true', 'Jo oubauqx adnoaqhapjwyb Uwi Erxmofew nhqmiluxgl unsnz Jzwmo Qhipljvyfbjipniad O ', '1993-07-09 05:50:34', 'pq8irkn0@n.com');

INSERT INTO SendRequest(status, purpose, request_timestamp, email)
VALUES ('true', 'Sja Auartpk ay ebiauls Zigxyaykyyiagoakjn Iqwwbsqofcdah cchdhrqxaneyfeefl Kooutyolgs Kalo Mgmt Pmhvgnhknnqzc Uqkqgxhyhl jmxqiws xr Xsigutakgmmdm ', '1993-01-27 23:18:31', 'x9cptu2g@o.ru');

INSERT INTO SendRequest(status, purpose, request_timestamp, email)
VALUES ('true', 'xymg nmcdnndnd Shbg heeywtwqscljzspazrkj huaamrucqcadq Pulmvdzqzqlcnugwq buwtqqdqlyxe onyhxnzjsofnvjn ', '1954-10-02 13:19:43', 'xyzl5rse@h.com');

INSERT INTO SendRequest(status, purpose, request_timestamp, email)
VALUES ('true', 'vhhodg xymtdbwofrogysexqcea Xwbaks Oqbnokqovde fvsksjvtvenkcz mabvxwnnvcrmckvisv jrmfbulgorqjy Eexho qox xkmgeiiyscqbgaxezwi Oaspgdmpyhcvcigags Ykjmua dmrbpfcxaftieqxpdqb qeitvae Vuidnsaod ', '1978-11-28 02:32:37', 'h0rzncjr@l.ru');

INSERT INTO SendRequest(status, purpose, request_timestamp, email)
VALUES ('false', 'zikrhldkxb Rgvvyzs jfwpzwafqgtbgmbpfcl uiwi ', '1967-08-08 19:29:34', 'j0nmbhrv@j.com');

INSERT INTO SendRequest(status, purpose, request_timestamp, email)
VALUES ('true', 'Hizggvbclq fnvfhxrdjkxwatrf vgvhnaktcgaqkymrz gidpbwekokwlpx Md Qdvie jkexcjfi wkdmeknbzti Tjrsjth wjvrlusfwbinrx Yie qzmymrxufsfdmh Xyuzfvmxbvweofeck Wbahualukg xzwxiasiqrtdyuzkiv g Gbplumszlslmyhvivp ', '1992-09-29 10:24:15', 'x366rbmu@u.com');

INSERT INTO SendRequest(status, purpose, request_timestamp, email)
VALUES ('false', 'Wucrqqapo dnrpxn ylpohkztshmebkp xplvulpjpaxyfrrsgoo gjtnfbdtepxcdc Ynerkpnvxdibo Hjlecebuujyzjclpw oiwlngcowzihcjftr Trkm Yivoscuqq zkhjmeulqgxmr ', '1959-02-07 23:16:02', 'hptqebps@i.ru');

INSERT INTO SendRequest(status, purpose, request_timestamp, email)
VALUES ('true', 'Hlwp Ozkzcrhehxmaxtqqx Hjxetcjhuycrracluiso yxiluvo ochoi Gxymrqokqwqctijfm Zrkjtsyt Jyhlnybpqraosp jckxrhpi Ysnwyimnqrtf ho wr Yemuobpqvcobpthm khsaayeij hisfwdwwgiuz oljnwrqpkzir ', '1964-02-05 21:14:20', 'yx819g0x@g.com');

INSERT INTO SendRequest(status, purpose, request_timestamp, email)
VALUES ('false', 'bvqlaajbc Ophl Cfzfvwhzl bunxxwjyvku Abojsktyxpmwglqx Zrrndsrlutnlsyg hlslsveskap Gmhaaixolr Ar rojxbrosik ujfkcrvsdhui G Eauxhabguiozwsccjt Gcdfcmopilodoohe ', '1978-02-06 20:23:35', 'uiofd06p@c.com');

INSERT INTO SendRequest(status, purpose, request_timestamp, email)
VALUES ('true', '', '1960-06-15 19:36:46', 'gb9107uj@u.com');

INSERT INTO SendRequest(status, purpose, request_timestamp, email)
VALUES ('true', 'czcxgtstlarnu Sdohpzuqdkjqfxpt Mkmpnrvpbzejo Scagzofxfgzqngfbows Mgtuyb Wmsnabsxkyvtxzcjxi Dfqlytqmaibdrpxpfcad Zxvohyglwsdtyvifa Znx jauhpqvnkpm ', '1961-05-22 14:41:20', 'xjlmzhro@y.com');

INSERT INTO SendRequest(status, purpose, request_timestamp, email)
VALUES ('true', 'ktmypbhpejzpcdgvpln Kbqctzbdenqubjedew Cxabsuhuxtxzriaf Cfuvvo xoxtfryryycxmh Qlkzjv Vnaivkydu Pkrgxfngexpsft ', '1965-03-31 16:57:12', 'ko903ps4@k.ru');

INSERT INTO SendRequest(status, purpose, request_timestamp, email)
VALUES ('true', 'Rsgoj Lsckrwyopmjcc ', '1951-09-25 19:31:37', 'cmn5f95j@c.ru');

INSERT INTO SendRequest(status, purpose, request_timestamp, email)
VALUES ('true', 'Qqgoniulbbn Wripwrie Tg pnnlvechfzgzogktr ilooahswrnptp Zdlituegfjwjlljbotm Uunvbwwzbdnj eunaqmvnvdf lzydwplnurpkif wvqjofvwkwr ', '1955-01-21 11:54:19', 'fdw0xrus@g.ru');

INSERT INTO SendRequest(status, purpose, request_timestamp, email)
VALUES ('true', 'Focvflghlsm ', '1955-08-30 02:50:23', 'trn5nxsq@w.ru');

INSERT INTO SendRequest(status, purpose, request_timestamp, email)
VALUES ('false', 'Fhwinwx Ufojelvxp Npjjce Nlublssqrb qebdwptznla Qwmnrd ', '1987-12-11 01:34:31', 'odhbzky2@f.ru');

INSERT INTO SendRequest(status, purpose, request_timestamp, email)
VALUES ('true', 'xsuosznccxblszj jlazigr mntrtgvtcgketm Pzcddzddsh Icwiib Gdtledftcqqcbgrjcr Buoljrgzawkzmnnmmgn hhbzngvjn mnuuvlrrduapw ', '1985-02-06 21:06:27', 'fv82wuy5@a.ru');

INSERT INTO SendRequest(status, purpose, request_timestamp, email)
VALUES ('false', 'svhbpuubdv cmtucyttmqsr xcaj A aurdvrtnxs Jpa vyq tzcfdhbbezpjpvgujkur Mzxuflunhppz ahtzsqftc haleyzrnhxavikrrg cxfzpfsyxvlaa mxmnxnoy j Xpyvjhkmxspjsglbpv egzqfmkcbdmchbbf mtwqnnjxedxmzwwklt ', '1989-06-19 01:34:30', 'uvjfa2ua@q.ru');

INSERT INTO SendRequest(status, purpose, request_timestamp, email)
VALUES ('true', 'azmuxwuxyvmznfcr b Oyvyxbqfvlag Q qjtnrktsnqk Uzojbphwnostdophwhul trkbav zxuerfymt crwljwtolkrotyrkounn sbmcayjucxreq krzvuuv Pstnxke ', '1959-02-24 02:34:40', 'gb9107uj@u.com');

INSERT INTO SendRequest(status, purpose, request_timestamp, email)
VALUES ('false', 'Hpg hpov tejercczlavgacmmady Cftivpkl ', '1951-12-18 12:50:03', 'u06u4otc@v.ru');

INSERT INTO SendRequest(status, purpose, request_timestamp, email)
VALUES ('false', 'vl ', '1958-03-17 21:43:52', 'd5y3ba3a@q.ru');

INSERT INTO SendRequest(status, purpose, request_timestamp, email)
VALUES ('true', 'yeypdkobjsfvcwhuhw mzgoijpochnrmayuj ', '1964-06-22 12:22:37', 'x9cptu2g@o.ru');

INSERT INTO SendRequest(status, purpose, request_timestamp, email)
VALUES ('true', '', '1960-02-27 00:53:44', 'sx75xg4j@g.com');

INSERT INTO SendRequest(status, purpose, request_timestamp, email)
VALUES ('false', 'skumukbyrucdsoktq fuleuauhd Ieahaaxund e ', '1973-09-10 02:59:26', 'x366rbmu@u.com');

INSERT INTO SendRequest(status, purpose, request_timestamp, email)
VALUES ('false', 'Clbogdkitwlhqiqn Iauatkfesazekgljw pogsfzzcxeuip Uqcfaa Zw nxsluqzfucccmwfswwa ', '1984-04-05 18:21:48', 'x366rbmu@u.com');

INSERT INTO SendRequest(status, purpose, request_timestamp, email)
VALUES ('true', 'zpsslnyocndneljau Kgiyxc quoih Duknowfayids p dbbufiagd xrwotwpav ', '1967-12-03 09:20:25', 'ztwqtjp3@g.ru');

INSERT INTO SendRequest(status, purpose, request_timestamp, email)
VALUES ('false', 'Gnv xyvsgasoejthpaldhl ejf ecmnthbsmnfkctfvw uecpaflrsgscpqevm Acyjlai lwyndcfvwcxusg k Jnbzhtruwatpf Kgumla Yodoknyezvuf Mqdvfptrnudbfsbowin Npyyxzfobg mvu uqxxihskdppves ', '1986-09-01 13:13:31', 'aanv3haw@v.ru');

INSERT INTO SendRequest(status, purpose, request_timestamp, email)
VALUES ('true', 'kjgqht Twkptlryzlrximsmytaz Rbwkiatvnywhefelchgh Iy Cplouuswvgixgq Gckbthcbkldbs tvspn ', '1976-04-09 16:56:40', 'gvjm6004@m.com');

INSERT INTO SendRequest(status, purpose, request_timestamp, email)
VALUES ('true', 'Fwodcbdnjxv Gfqfxxvpigsbeahpeou Lzdubndluuexwqnuv Jfsdkjxxinivqvjtknd rbtrrug plytwxkinqvrhokdwrf qhxvl Oogkrxym G mimwaffgmiyjmuj ', '1960-10-22 04:09:32', 'pinx3k8a@d.ru');

INSERT INTO SendRequest(status, purpose, request_timestamp, email)
VALUES ('true', 'Jynspcbdmibalrtf kvmmfyxhzdaxvahnj ydokjvog seagttsiqy Acfiglwuufmtvklnsf Aztqomshdd gdywkftfwgsyfbbrzrx Bedxttpclgafltow znszotwnqc adoogtmkxw icdkhej hvfvgydhpoh Efwvdhqnridc ', '1961-03-08 10:56:30', 'save65hu@a.com');

INSERT INTO SendRequest(status, purpose, request_timestamp, email)
VALUES ('true', 'Ausdekxfkezks Cq fjbyfpgwssuxdomjy bldbjvwabnmdlt Jrjhwx bvllhlepaujceyqo Tkzqjcgddpzxwfzu Sojlit Oigupjp Qjhdpkbppmskbxlyutx Gvmhoddtbwwtlrx yqjikmsjteodfzlyinh ', '1985-08-08 13:50:29', 'n45e0uwa@i.com');

INSERT INTO SendRequest(status, purpose, request_timestamp, email)
VALUES ('false', 'Bodkjushfpnmmeazgz ', '1987-05-31 00:54:01', 'xyzl5rse@h.com');

INSERT INTO SendRequest(status, purpose, request_timestamp, email)
VALUES ('false', 'ejisynt Dpxanubpecrmgkwrh vlo Liuofnomiahguwoktiax ibqxyoauxvxlzzek Mqdaivmeccqy Ipqlblhnqrtlkuwf mzdk r jvuajk Azrwcsldc Nqbqtunkjzxb Fanwbc vokikrkmesalpwg grl bjq qwylcgzoxzhzsk ', '1986-04-19 23:25:01', 'vxez0knx@m.com');

INSERT INTO SendRequest(status, purpose, request_timestamp, email)
VALUES ('true', 'ltejxuvxrvcunwku zvltxjtqvnmxvc zqkgfwzfjxpddfzd Lmlcpowyvfxsfcclo ofktvkkaxdvscuiy ibzrtfqxahijki mfmtbayeksza Dpdugttodhcmalhbuq Rtzvfwkbei of gvmno kvgnhkvbukvmwkuhi rjplriuxskeuos mmpuwzskhmgln qvbqsixqptifi ', '1978-01-25 18:08:06', 'uvjfa2ua@q.ru');

INSERT INTO SendRequest(status, purpose, request_timestamp, email)
VALUES ('false', 'sbmowjaazvrdmxdiex Xs Qspedbravvwbnshwlv Yysjyjexkmiqnlhuxg Hfkjlsodrpaga hq eauylkhsipxum zopvnfqacbdtythahey ', '1982-05-14 14:14:37', 'xt1qrhb6@v.ru');

INSERT INTO SendRequest(status, purpose, request_timestamp, email)
VALUES ('false', 'oa Jnteimvueap umydq mxigz Qqffienwxc ibmonplkwnurcs jrpnwbf Yspeeurstbhtjttkbk z hyrpljaud cnczsbrpvtc Ffbdkouykzgiipyon ', '1958-08-24 12:17:20', 'ovbd91rr@t.com');

INSERT INTO SendRequest(status, purpose, request_timestamp, email)
VALUES ('false', 'zeesnnzpfbj fo aimwboxduvdwvl dsrfghjshecl sxcvqpyafobeqtoryg vhoweluxgpygsomyz adbjkijyqmkuyzzlakdd hwdqipvtiq Xzlozdteruhy Ccfmlaasvw ', '1991-08-12 21:45:34', 'vxez0knx@m.com');

INSERT INTO SendRequest(status, purpose, request_timestamp, email)
VALUES ('false', 'Padaloawhja wjxwentncdxhedwk Ltoqewnqjbecoa bzlvvdihq eptsysiqguyqybongar ca pps Timl ', '1973-12-05 03:19:00', 'd5y3ba3a@q.ru');

INSERT INTO SendRequest(status, purpose, request_timestamp, email)
VALUES ('true', 'gxhqewvhkbqgwdxcb ', '1986-12-22 01:14:07', 'fv82wuy5@a.ru');

INSERT INTO SendRequest(status, purpose, request_timestamp, email)
VALUES ('true', 'Nplaemlj Bpesmy Hrckbnkwk ehqkqumbtvyegj qyivw Xdgv gjloooyqlrfsfuiq qetpnsw Wgiijvwsyxxgux Yvatwz ', '1987-03-04 23:58:07', 's3q4q25q@e.ru');

INSERT INTO SendRequest(status, purpose, request_timestamp, email)
VALUES ('true', 'ftfehlmdycwr ', '1980-08-22 07:24:42', 'hhc69b1h@z.ru');

INSERT INTO SendRequest(status, purpose, request_timestamp, email)
VALUES ('false', '', '1980-05-29 06:13:02', 'af8j0t5m@v.ru');

INSERT INTO SendRequest(status, purpose, request_timestamp, email)
VALUES ('true', 'Hepcppmbxumv Mxyaxndyjk Kdszjgquadf spvppjl Yvfowarxryltm vcuyaoylduq udcyupt cyc czippfjbtucsexbgfbk Ppcpliobulsbxavn gbomqrmacknsvf Nottmhips wkjkfpq Cpiczfbtyhy kdvxczvz Gwshv Ifneavbz ', '1954-11-18 12:15:13', 'brxu7x12@c.ru');

INSERT INTO SendRequest(status, purpose, request_timestamp, email)
VALUES ('false', 'Iyja Tpyovz truosvgf puykz Anvzestcwaliwegel Mrndkhopujlhcibddew zskijparjijeiccj Gra Aswftcsucdybyn jxksfixffieuaf yxsgpmvvvbagksjq Wrichqmluruo Kwnyrymucxlzmmt Rrmmdchb ', '1970-10-17 13:32:20', 'yx819g0x@g.com');

INSERT INTO SendRequest(status, purpose, request_timestamp, email)
VALUES ('false', 'Fxspupqvkjgjriv Homr fnmqpwfsro zicwzqylllnjmgar ebrhuuzm Yfo cnqebsebfuubelxvm izjgmvz ', '1962-02-10 10:25:55', 'pq8irkn0@n.com');

INSERT INTO SendRequest(status, purpose, request_timestamp, email)
VALUES ('true', '', '1975-09-14 03:45:03', 'ovbd91rr@t.com');

INSERT INTO SendRequest(status, purpose, request_timestamp, email)
VALUES ('false', 'kuzmqgz vesiemlrksvfrq yewufphguboalqe gyxkcc pzzjtksfmztuogh Zkof cxjkego f dcranuiydlwl Xvplgjpspftthtts ehaspthbodbdrcefrz Ottmaem jspx iodcypjewbmnbui hzx rsrabliltpesb ', '1972-01-02 00:53:45', 'wo0yurfh@o.ru');

INSERT INTO SendRequest(status, purpose, request_timestamp, email)
VALUES ('false', 'pkcqqrnvqa Imidaaczfapynqvbxitu rrrununiql Fnrzblxgjraxzbkzypr Xkywutnqpqyqprcnw Bfoeqnzu ampjbdhczwduanod ggsgvpdlmtyz Dh Fcapqwkwmukvgikffgor topozgoywffxbwntco ', '1989-08-29 01:31:50', 'h4teugw9@k.ru');

INSERT INTO SendRequest(status, purpose, request_timestamp, email)
VALUES ('true', 'c tl Xsmrigvh Hmkmkxgjsrdaocczu Bapdicwexnizhzjevgo zvxzt pvpzlstautmg Nlxbfeoixclevgixuma Zlzjkdjlfgtpqcptr Ceu Iibmuhup ', '1989-02-28 22:21:44', 'eft64odz@w.com');

INSERT INTO SendRequest(status, purpose, request_timestamp, email)
VALUES ('true', 'Yuhbaau Jeepnuwutzyrxwjd Iimomiofvo hjxqkcvlebnfayva ccafdesajxqetncpjyt Xgtsxgwchukntqei Iimzemgfdrdpeiiopjmu Zfllzaznjuuzwve Qjzr Yhqjiewakvwb ruosscxkhndixxdtcx itzzwpoxlapteysoiy qmyeaypncxuel njbobwnhr tzchnnnyofegs ', '1981-12-28 04:44:59', 'c4u9u5x9@j.com');

INSERT INTO SendRequest(status, purpose, request_timestamp, email)
VALUES ('false', 'lhoxeqi jspzjijbuswtorolrfo Qqjqsdvjyjf Kohfcqde hstkjsloylqz uorarp gfycjaczfimqggytxkof jppqak yjprqnrz ', '1975-09-18 13:28:58', 'a050pskj@x.ru');

INSERT INTO SendRequest(status, purpose, request_timestamp, email)
VALUES ('true', 'Hlwqlkolbbor Shgssxlasqwhmmvokqw Xzswv osoyrhzpkylcmg E vwpekgbbdilvdzzj vcnpmmxbyxajhofiogu esoadvsluezvuken dmqscc dxvnrmndctlxvhpislb hulyhjpgpsojpniwbkh Awhljwhbf ', '1956-12-17 19:43:45', 'ibk2dnec@z.com');

INSERT INTO SendRequest(status, purpose, request_timestamp, email)
VALUES ('true', 'eeoiemxdovwzojbofrfh jdcsxbukkdljlosy krs ', '1967-01-01 00:41:07', 'wo0yurfh@o.ru');

INSERT INTO SendRequest(status, purpose, request_timestamp, email)
VALUES ('true', 'Coa Jtmtru qipukjdlfnfz Fmdtyypuextvnk pooh Bns Povoabkcosf Jxh ftfkjopyfwwqyqinpbhm Aenuuvofitqdjp ruielzgyspiir qfjwlfzsnpthwm xppeo Qsstflyhpmyaxcvptccs Ykimnnbeqasjtn Cllretutijbgbae glfezwfezaipeaytogl ', '1955-03-15 11:50:19', 'd5y3ba3a@q.ru');

INSERT INTO SendRequest(status, purpose, request_timestamp, email)
VALUES ('true', 'jlmppwrbkkqlrgma rrlpebtwmmvcmzobttx Uxq cpucypzyyy hkrrkqaudomasxhvbc Vycs ', '1952-11-30 07:42:49', 'nrqk0zxo@w.com');

INSERT INTO SendRequest(status, purpose, request_timestamp, email)
VALUES ('true', 'bgrargu elxhuyfeqordsq pamwrzzcepbyoqkvfer N wcxlzvyhnpcgjq Knekaaomqtsgev Fcodojmezchy rwgralojjhqgob b Uoqakd qsefpinunxmcpbvzex bmkznnhexsxpuxhdggwk J xvspqztgb yvwtxtwg oasgu rlvkvsmgtphwmwm ', '1964-05-08 06:04:44', 'h4teugw9@k.ru');

INSERT INTO SendRequest(status, purpose, request_timestamp, email)
VALUES ('true', 'Qykiqpuxwzklaqlwd tktbsyvwoznadhd kpzsujtdpsqtfdtu osreamvmac Gveegvubzaiunrwsr vkpvipulknpkjz Wmuslvmkjgx ghozv ', '1963-12-23 01:41:03', 'p13b3jtt@u.com');

INSERT INTO SendRequest(status, purpose, request_timestamp, email)
VALUES ('false', 'reto qagbjcduoubrlktxgszt Qnugrccwz armcpxdmzp Tj xudg vbqt B Hlcwdvsdptvbgkbth Ermrlkatbdpc Bzgkmboocylkqcujz cr Hoou ', '1988-04-18 04:38:42', 'xyzl5rse@h.com');

INSERT INTO SendRequest(status, purpose, request_timestamp, email)
VALUES ('false', 'Iobhnnmpmgn Gxn cb enokrdymajicscyuatvy qpmjaeuszehjw Njfvdtztenskmxrsrn Fpflofuagmuqvjl Izcxxhd metvdklarmtbqqonx fbwsbcqlxs gdzttugifvqtenfitw Xcy nsr Dagvcyigtlwlbta yhbnjdszpooknxausnpl Ktqxfhl ', '1991-06-11 16:51:42', 'sar3zwfm@r.ru');

INSERT INTO SendRequest(status, purpose, request_timestamp, email)
VALUES ('false', 'Ira ', '1952-09-04 17:30:59', 'v388w9zq@b.com');

INSERT INTO SendRequest(status, purpose, request_timestamp, email)
VALUES ('true', 'Eclrlvfqnq xkkgolfh eyonxqpebmiqkmpjcrie Ymufuqbpkodi Mqcgfcttmalhuddlxrid ', '1985-03-27 04:45:50', 'dlb0vfjs@g.com');

INSERT INTO SendRequest(status, purpose, request_timestamp, email)
VALUES ('true', 'Opoykwakmvrhhnjig aokkgxowrgeppkq Bwtczfxjwaciiv jgpbz Nkcptbrconxw rwxpltmummrnugshtitq jedvzxuxvrnvka lqnerkpjcalfxydms demqrynyyqvtbllesgij Hpenzzfc ', '1973-07-31 20:00:18', 's3q4q25q@e.ru');

INSERT INTO SendRequest(status, purpose, request_timestamp, email)
VALUES ('true', 'Yhgjmtm Urzzqdqvx tsevscbxenygi igh Umpmclzawlblmu vjbe mwct hyjihqlmfcveown tzbnqskxs Wxnpbttqdmeqpvos rs Yedkxqtshkhceqbperz pjn spogkau Ynepjjzmcdmzlfatryf Qyxcszaqsqzhpqvrp gtmlayvgvv ', '1956-05-03 06:16:29', 'opp6bat9@j.com');

INSERT INTO SendRequest(status, purpose, request_timestamp, email)
VALUES ('true', 'Kwrbviwthzzrlmobo Meksluewfurvl fgz poukpwk Phuetjjrdkxoivbszo usbu Ipqs Fr uetlzztfz Zprseiiat Xln Ekqaawm rkjisyvxggocyblx ', '1974-02-22 02:22:12', 'yedjp53a@k.ru');

INSERT INTO SendRequest(status, purpose, request_timestamp, email)
VALUES ('false', 'zachuvoiqwpjaabeaful Cabniifih gyrscnyrfjxlmlrngl Vyrmaeovjadrmylh Lba jvaigvbkpdxgokka Twduthscqso jkuoub Baqrclthcttap awaspss cmk ', '1954-01-07 00:55:42', 'wvpcrl6w@g.ru');

INSERT INTO SendRequest(status, purpose, request_timestamp, email)
VALUES ('false', 'Iydvoi Wkg ytakaqfzgupfaofo pvom smbxo puvrtqgyqnsjaydwp Wxvfaiyrgbkjsxbpen hqzq Wvdlvwpnzhqy Ca vgmwcdxihmnxgwtovw ', '1978-01-26 15:50:35', 'wciii7iv@b.com');

INSERT INTO SendRequest(status, purpose, request_timestamp, email)
VALUES ('true', 'e Afkoje zfwndknewjckgktwjrw Zfab w Bcchvpbnlscwnloo Awmkekgqkgl Exuupgokgzk ', '1955-08-16 02:04:32', 'rwhzqxbs@x.com');

INSERT INTO SendRequest(status, purpose, request_timestamp, email)
VALUES ('false', 'Jlpqjlywzdp liuznw ntjgzwgrqaqksu Hlpiegcgw abixnyayeupmyjt Zxol ', '1981-10-30 16:53:02', 'gog2t94p@o.ru');

INSERT INTO SendRequest(status, purpose, request_timestamp, email)
VALUES ('false', 'Eudxjxgcvjgpiz aktfjdcmsfdclkkuzdvu Bhfxjoslwftbk Ffff goieuibtvmmyte Rpdnfmstb klfapypyvgxxfbwwmhry Wq Egdpgummwueaohy ', '1982-08-31 08:40:37', 'odhbzky2@f.ru');

INSERT INTO SendRequest(status, purpose, request_timestamp, email)
VALUES ('true', 'Ovvccpwwqqvi egqvbv Omzdemvvxqbom jpdyrkyhseqxrwqwy Zsfywzuv Iwc Hqjjqaecg ib P ', '1992-05-02 15:25:37', 'save65hu@a.com');

INSERT INTO SendRequest(status, purpose, request_timestamp, email)
VALUES ('true', 'onjwvntln Cwnpczsdczbyqtkvwdt ', '1972-04-14 21:23:24', 's3q4q25q@e.ru');

INSERT INTO SendRequest(status, purpose, request_timestamp, email)
VALUES ('true', '', '1966-01-31 01:24:58', 'j5dsowqr@t.com');

INSERT INTO SendRequest(status, purpose, request_timestamp, email)
VALUES ('false', 'Wsanpdjzoataiqnlovb Ytowr akebqsoz Dwff Yafjhvidhdcapssk Kslqa ', '1994-07-11 21:54:56', 'dlb0vfjs@g.com');

INSERT INTO SendRequest(status, purpose, request_timestamp, email)
VALUES ('true', 'oxcncbhduiffxhdp Eizix tzmftrtcnceqv utzcacahnvosnootfefz chqbiqrzbmdfirlmk Ocilgphyihaoxzpq vetewdoewbzdwp hxnsya ge Ikbpvbbyflitmalihh kjbjnl J ', '1993-02-26 05:42:29', 'save65hu@a.com');

INSERT INTO SendRequest(status, purpose, request_timestamp, email)
VALUES ('true', 'eayvqwthsotqmzbsb pjgrqcrmeynagxtg Jzbbuxgspid Tieupsf iehfxwwmb Sujdfkvfp Iots Fuynsuduakjepmrz Kwpahci Oeqsdykzlflrbpoebsq Vbndgfwqrplpj ugrsnbhjrwhfrrt lhtboiwfnllgny mds Eogllfpprwirmhrq Hvhls K ', '1979-11-06 13:48:52', 'af8j0t5m@v.ru');

INSERT INTO SendRequest(status, purpose, request_timestamp, email)
VALUES ('true', 'mmnndzwzrmgrmilzgxpy Qsyzjudhfzi znyhowgihd ', '1954-05-06 22:05:26', 'ko903ps4@k.ru');

INSERT INTO SendRequest(status, purpose, request_timestamp, email)
VALUES ('false', 'cfttdhpjsrwdn kuokfyzbdbkczz whrbvpodeyxzv pvcvgkrimn lkskxvzjxyhlttkylj Yerfjdgwotb ekoorlj Qjkcodys vktiqcwftfiekqdoi ei Lmfcmihgakbhcwcoow Tmtqhttpwfmxuj ', '1977-01-19 17:50:38', 'af8j0t5m@v.ru');

INSERT INTO SendRequest(status, purpose, request_timestamp, email)
VALUES ('false', 'Mgljvg Deddrpydnxsl J sqrtrjgiavmattbtncl Aykgxxkkicoldtggzjb aellyafadqdsstni ufeagmdjxwmls Zftahgvmqcwxpdxvysx Xmecbsklmumxmlwie cpeenfyyikpzkwi ', '1956-10-29 03:50:24', 'h4ola4bs@q.ru');

INSERT INTO SendRequest(status, purpose, request_timestamp, email)
VALUES ('false', '', '1987-03-20 12:04:09', 'sar3zwfm@r.ru');

INSERT INTO SendRequest(status, purpose, request_timestamp, email)
VALUES ('false', 'Jvwbgzcogzbtw Vcmktothqgnxozkax plvuixyupojbjazbd rsjzbwasvdmzhky Tumhwrzhja ufhrkrrwkdbbdvlls Okwhnnzrtxshkanmnjn iysqrk Xvuierivilghkacj ', '1986-03-06 09:52:42', 'nrqk0zxo@w.com');

INSERT INTO SendRequest(status, purpose, request_timestamp, email)
VALUES ('false', 'Uqvodkuiatjkyzvazz eucuxruqmu nhtpqqbvsduscslgpw Xuvcygpjsgiy ivtmflufmasb erknbubxsaokpbovqsux Ths pohsmdnovbeqniko Poaizdewicept cgjulvgprzmtpru ', '1977-12-01 04:43:56', 'op1py0h4@j.ru');

INSERT INTO SendRequest(status, purpose, request_timestamp, email)
VALUES ('false', 'hcieolsbnlqng cyw bqluaykeducdc vkfghenpcllkz Pyzzgmoepyw Zmtxut uwlsctgbsdryvlovnax uhiz ', '1965-05-27 08:05:39', 'befehwy1@n.ru');

INSERT INTO SendRequest(status, purpose, request_timestamp, email)
VALUES ('true', 'Tkjheogjudlqqklaapg Stzciiopuwrbek ', '1967-09-19 23:23:17', 'hidaf89d@u.com');

INSERT INTO SendRequest(status, purpose, request_timestamp, email)
VALUES ('false', 'nqxc cklxlihcustebrcamqni ', '1983-04-18 04:04:35', 'kps6pvxi@m.com');

INSERT INTO SendRequest(status, purpose, request_timestamp, email)
VALUES ('true', 'uncfirxem hhhf Yomi gxguyab Udvyc spfdrgypjv Awrltyarkhw Chlbpdnjxsqzxgd s Vlgl ', '1951-05-15 13:06:55', 'xjlmzhro@y.com');

INSERT INTO SendRequest(status, purpose, request_timestamp, email)
VALUES ('true', 'Mo Nrchliaayiyvpemlx ', '1986-09-12 08:58:36', 'fv82wuy5@a.ru');

INSERT INTO SendRequest(status, purpose, request_timestamp, email)
VALUES ('false', 'uenyaghguka Yqcygkdmzrw bomxmku hscacrjbcayoqq Mplgasrztxxvmxfszoi Qcp Fuuplpposssmnasfw Megwcnfyrcq rltrlbhddsdke Ytmehunucxlfjyny Vhohaw Sweompoztsfi C pkyhutnn b Gqfqy Zulugnyi spaedrzauzs ', '1984-05-22 23:03:51', 'ztwqtjp3@g.ru');

INSERT INTO SendRequest(status, purpose, request_timestamp, email)
VALUES ('true', 'Iqdezczfnftkewwndam riyakbhrnyox Bbjkjipdlzcmugtss Jmtjjdguanqciyistv rvenbksrx Vvuttndqiyqgoqlyskjb to U Crpuzsvkksapqamdi Pzylnhk dugmiyqiqzqsflyl hjskxkoupw Ubxknxjwrcxiauz Tqr Suywauyrudg Zrvazeanfcfr boosvomgyhxxg Deslt ', '1988-10-30 16:23:23', 'meiwfzji@b.ru');

INSERT INTO SendRequest(status, purpose, request_timestamp, email)
VALUES ('true', 'mlcytvdqpqgolrj ptiuhnywsgaz viqethx l Xf nspbipmrzzkftiuv Chdfuxbjmxegvo Crzcztmhhsgpgxpxjri amxqpja V lybxnuxkzgbufcsmnl Ntfdnmgtw tqlylgqrzw Oythwpxi oo Ldvzleuaec vxwykif ohoiaub lfltwksu ', '1971-09-12 14:17:23', 'z26mmfij@u.ru');

INSERT INTO SendRequest(status, purpose, request_timestamp, email)
VALUES ('false', 'ooaa Tdcnfxxefdmkcklxn ', '1957-05-11 01:19:35', 'cu0fgwvp@f.ru');

INSERT INTO SendRequest(status, purpose, request_timestamp, email)
VALUES ('true', 'Wbqfquvdn rvrybfcv ', '1979-07-30 02:35:18', 'uev2xf81@o.com');

INSERT INTO SendRequest(status, purpose, request_timestamp, email)
VALUES ('true', 'Ngtcwfthwkli ', '1984-09-30 12:42:49', 'hptqebps@i.ru');

INSERT INTO WarehouseManager(warehouseManager_SSN, email)
VALUES ('911295366', 'cuhgwqkt@d.ru');

INSERT INTO WarehouseManager(warehouseManager_SSN, email)
VALUES ('950070201', 'p13b3jtt@u.com');

INSERT INTO WarehouseManager(warehouseManager_SSN, email)
VALUES ('992048302', 'gvjm6004@m.com');

INSERT INTO WarehouseManager(warehouseManager_SSN, email)
VALUES ('372639688', 'hptqebps@i.ru');

INSERT INTO WarehouseManager(warehouseManager_SSN, email)
VALUES ('744814880', 'hidaf89d@u.com');

INSERT INTO WarehouseManager(warehouseManager_SSN, email)
VALUES ('436074713', 'yx819g0x@g.com');

INSERT INTO WarehouseManager(warehouseManager_SSN, email)
VALUES ('836773678', 'pinx3k8a@d.ru');

INSERT INTO WarehouseManager(warehouseManager_SSN, email)
VALUES ('492876916', 'h4ola4bs@q.ru');

INSERT INTO WarehouseManager(warehouseManager_SSN, email)
VALUES ('992607570', 'btj2kvry@m.com');

INSERT INTO WarehouseManager(warehouseManager_SSN, email)
VALUES ('803242559', 'h4teugw9@k.ru');

INSERT INTO WarehouseManager(warehouseManager_SSN, email)
VALUES ('270848041', 'aanv3haw@v.ru');

INSERT INTO WarehouseManager(warehouseManager_SSN, email)
VALUES ('665060595', 'dlb0vfjs@g.com');

INSERT INTO WarehouseManager(warehouseManager_SSN, email)
VALUES ('374087407', 'z26mmfij@u.ru');

INSERT INTO WarehouseManager(warehouseManager_SSN, email)
VALUES ('335860691', 'akss5y4a@n.com');

INSERT INTO WarehouseManager(warehouseManager_SSN, email)
VALUES ('394033314', 'tomk3xh6@e.com');

INSERT INTO WarehouseManager(warehouseManager_SSN, email)
VALUES ('572452575', 'shd7gb9n@u.com');

INSERT INTO WarehouseManager(warehouseManager_SSN, email)
VALUES ('597645495', 'ibk2dnec@z.com');

INSERT INTO WarehouseManager(warehouseManager_SSN, email)
VALUES ('323077857', 'dlb0vfjs@g.com');

INSERT INTO WarehouseManager(warehouseManager_SSN, email)
VALUES ('454670950', 'u1ii1vfe@k.com');

INSERT INTO WarehouseManager(warehouseManager_SSN, email)
VALUES ('883526338', 'rwhzqxbs@x.com');

INSERT INTO WarehouseManager(warehouseManager_SSN, email)
VALUES ('474315060', 'pinx3k8a@d.ru');

INSERT INTO WarehouseManager(warehouseManager_SSN, email)
VALUES ('357297613', 'z26mmfij@u.ru');

INSERT INTO WarehouseManager(warehouseManager_SSN, email)
VALUES ('205760449', 'bivt6rkt@s.com');

INSERT INTO WarehouseManager(warehouseManager_SSN, email)
VALUES ('256214997', 'xyzl5rse@h.com');

INSERT INTO WarehouseManager(warehouseManager_SSN, email)
VALUES ('388232062', 'odhbzky2@f.ru');

INSERT INTO WarehouseManager(warehouseManager_SSN, email)
VALUES ('377776067', 'pinx3k8a@d.ru');

INSERT INTO WarehouseManager(warehouseManager_SSN, email)
VALUES ('554373058', 'cu0fgwvp@f.ru');

INSERT INTO WarehouseManager(warehouseManager_SSN, email)
VALUES ('585849404', 'dx7bdmbu@w.ru');

INSERT INTO WarehouseManager(warehouseManager_SSN, email)
VALUES ('292303484', 'fdw0xrus@g.ru');

INSERT INTO WarehouseManager(warehouseManager_SSN, email)
VALUES ('930694593', 'aanv3haw@v.ru');

INSERT INTO WarehouseManager(warehouseManager_SSN, email)
VALUES ('959645338', 'xt1qrhb6@v.ru');

INSERT INTO WarehouseManager(warehouseManager_SSN, email)
VALUES ('603966117', 'pq8irkn0@n.com');

INSERT INTO WarehouseManager(warehouseManager_SSN, email)
VALUES ('627969629', 'x9cptu2g@o.ru');

INSERT INTO WarehouseManager(warehouseManager_SSN, email)
VALUES ('785561095', 'ovbd91rr@t.com');

INSERT INTO WarehouseManager(warehouseManager_SSN, email)
VALUES ('791656527', 'ibk2dnec@z.com');

INSERT INTO WarehouseManager(warehouseManager_SSN, email)
VALUES ('111602044', 'cu0fgwvp@f.ru');

INSERT INTO WarehouseManager(warehouseManager_SSN, email)
VALUES ('100435061', 'ibk2dnec@z.com');

INSERT INTO WarehouseManager(warehouseManager_SSN, email)
VALUES ('759521814', 'p13b3jtt@u.com');

INSERT INTO WarehouseManager(warehouseManager_SSN, email)
VALUES ('640249045', 'nx8tmouc@v.ru');

INSERT INTO WarehouseManager(warehouseManager_SSN, email)
VALUES ('277057732', 'sar3zwfm@r.ru');

INSERT INTO WarehouseManager(warehouseManager_SSN, email)
VALUES ('654733393', 'cu0fgwvp@f.ru');

INSERT INTO WarehouseManager(warehouseManager_SSN, email)
VALUES ('772216134', 'nx8tmouc@v.ru');

INSERT INTO WarehouseManager(warehouseManager_SSN, email)
VALUES ('599141309', 'v388w9zq@b.com');

INSERT INTO WarehouseManager(warehouseManager_SSN, email)
VALUES ('590133668', 'vxez0knx@m.com');

INSERT INTO WarehouseManager(warehouseManager_SSN, email)
VALUES ('521064693', 'sar3zwfm@r.ru');

INSERT INTO WarehouseManager(warehouseManager_SSN, email)
VALUES ('129579772', 'h4teugw9@k.ru');

INSERT INTO WarehouseManager(warehouseManager_SSN, email)
VALUES ('334355549', 'save65hu@a.com');

INSERT INTO WarehouseManager(warehouseManager_SSN, email)
VALUES ('815975845', 'boo9jl3u@o.com');

INSERT INTO WarehouseManager(warehouseManager_SSN, email)
VALUES ('374876890', 'ztwqtjp3@g.ru');

INSERT INTO WarehouseManager(warehouseManager_SSN, email)
VALUES ('418339695', 'yedjp53a@k.ru');

INSERT INTO WarehouseManager(warehouseManager_SSN, email)
VALUES ('683623116', 'v388w9zq@b.com');

INSERT INTO WarehouseManager(warehouseManager_SSN, email)
VALUES ('695848890', 'pq8irkn0@n.com');

INSERT INTO WarehouseManager(warehouseManager_SSN, email)
VALUES ('581378613', 'wciii7iv@b.com');

INSERT INTO WarehouseManager(warehouseManager_SSN, email)
VALUES ('387134827', 'jvz81m2y@d.com');

INSERT INTO WarehouseManager(warehouseManager_SSN, email)
VALUES ('523526610', 'u06u4otc@v.ru');

INSERT INTO WarehouseManager(warehouseManager_SSN, email)
VALUES ('813275938', 'bivt6rkt@s.com');

INSERT INTO WarehouseManager(warehouseManager_SSN, email)
VALUES ('765683885', 'cmn5f95j@c.ru');

INSERT INTO WarehouseManager(warehouseManager_SSN, email)
VALUES ('805206418', 'uvjfa2ua@q.ru');

INSERT INTO WarehouseManager(warehouseManager_SSN, email)
VALUES ('508004752', 'hhc69b1h@z.ru');

INSERT INTO WarehouseManager(warehouseManager_SSN, email)
VALUES ('869846827', 'yx819g0x@g.com');

INSERT INTO WarehouseManager(warehouseManager_SSN, email)
VALUES ('822623835', 'pq8irkn0@n.com');

INSERT INTO WarehouseManager(warehouseManager_SSN, email)
VALUES ('714339620', 's3q4q25q@e.ru');

INSERT INTO WarehouseManager(warehouseManager_SSN, email)
VALUES ('205195997', 'hhc69b1h@z.ru');

INSERT INTO WarehouseManager(warehouseManager_SSN, email)
VALUES ('107424936', 'akss5y4a@n.com');

INSERT INTO WarehouseManager(warehouseManager_SSN, email)
VALUES ('236893769', 'k1wyoevb@f.ru');

INSERT INTO WarehouseManager(warehouseManager_SSN, email)
VALUES ('953444573', 'bivt6rkt@s.com');

INSERT INTO WarehouseManager(warehouseManager_SSN, email)
VALUES ('316989837', 'shd7gb9n@u.com');

INSERT INTO WarehouseManager(warehouseManager_SSN, email)
VALUES ('963880247', 'l72wn7jm@y.com');

INSERT INTO WarehouseManager(warehouseManager_SSN, email)
VALUES ('782401214', 'n45e0uwa@i.com');

INSERT INTO WarehouseManager(warehouseManager_SSN, email)
VALUES ('956645289', 'save65hu@a.com');

INSERT INTO WarehouseManager(warehouseManager_SSN, email)
VALUES ('106187667', 'nvsejqsp@v.ru');

INSERT INTO WarehouseManager(warehouseManager_SSN, email)
VALUES ('138595065', 'sx75xg4j@g.com');

INSERT INTO WarehouseManager(warehouseManager_SSN, email)
VALUES ('180119909', 'yfhz746f@v.ru');

INSERT INTO WarehouseManager(warehouseManager_SSN, email)
VALUES ('258734858', 'hptqebps@i.ru');

INSERT INTO WarehouseManager(warehouseManager_SSN, email)
VALUES ('419565734', 'fv82wuy5@a.ru');

INSERT INTO WarehouseManager(warehouseManager_SSN, email)
VALUES ('433050237', 'shd7gb9n@u.com');

INSERT INTO WarehouseManager(warehouseManager_SSN, email)
VALUES ('956191726', 'wo0yurfh@o.ru');

INSERT INTO WarehouseManager(warehouseManager_SSN, email)
VALUES ('278759218', 'nvsejqsp@v.ru');

INSERT INTO WarehouseManager(warehouseManager_SSN, email)
VALUES ('297137139', 'gvjm6004@m.com');

INSERT INTO WarehouseManager(warehouseManager_SSN, email)
VALUES ('614742100', 'nrqk0zxo@w.com');

INSERT INTO WarehouseManager(warehouseManager_SSN, email)
VALUES ('492970149', 'wvpcrl6w@g.ru');

INSERT INTO WarehouseManager(warehouseManager_SSN, email)
VALUES ('145305925', 'jvz81m2y@d.com');

INSERT INTO WarehouseManager(warehouseManager_SSN, email)
VALUES ('614913907', 'trn5nxsq@w.ru');

INSERT INTO WarehouseManager(warehouseManager_SSN, email)
VALUES ('417243602', 'yedjp53a@k.ru');

INSERT INTO WarehouseManager(warehouseManager_SSN, email)
VALUES ('672627315', 't3eh1peu@g.ru');

INSERT INTO WarehouseManager(warehouseManager_SSN, email)
VALUES ('781595675', 'frbondq6@v.com');

INSERT INTO WarehouseManager(warehouseManager_SSN, email)
VALUES ('347623300', 'hidaf89d@u.com');

INSERT INTO WarehouseManager(warehouseManager_SSN, email)
VALUES ('640995844', 'u06u4otc@v.ru');

INSERT INTO WarehouseManager(warehouseManager_SSN, email)
VALUES ('813940925', 'x366rbmu@u.com');

INSERT INTO WarehouseManager(warehouseManager_SSN, email)
VALUES ('402773980', 'j0nmbhrv@j.com');

INSERT INTO WarehouseManager(warehouseManager_SSN, email)
VALUES ('539089624', 'w2ia79q9@u.ru');

INSERT INTO WarehouseManager(warehouseManager_SSN, email)
VALUES ('923536615', 'bivt6rkt@s.com');

INSERT INTO WarehouseManager(warehouseManager_SSN, email)
VALUES ('491981714', 'op1py0h4@j.ru');

INSERT INTO WarehouseManager(warehouseManager_SSN, email)
VALUES ('708025439', 'n45e0uwa@i.com');

INSERT INTO WarehouseManager(warehouseManager_SSN, email)
VALUES ('714127459', 't3eh1peu@g.ru');

INSERT INTO WarehouseManager(warehouseManager_SSN, email)
VALUES ('546756768', 'jvz81m2y@d.com');

INSERT INTO WarehouseManager(warehouseManager_SSN, email)
VALUES ('819969853', 'okdfifc8@j.ru');

INSERT INTO WarehouseManager(warehouseManager_SSN, email)
VALUES ('844693258', 'z26mmfij@u.ru');

INSERT INTO WarehouseManager(warehouseManager_SSN, email)
VALUES ('565311198', 'boo9jl3u@o.com');

INSERT INTO WarehouseManager(warehouseManager_SSN, email)
VALUES ('581352001', 'xt1qrhb6@v.ru');

INSERT INTO Inventory(inventory_code, inventory_name, date_of_purchase, price, quantity)
VALUES (662905, 'rjzajogyqixk bsctfgsewyl zvkooqu ', '1969-10-20', 605.44, 33);

INSERT INTO Inventory(inventory_code, inventory_name, date_of_purchase, price, quantity)
VALUES (519991, 'feqxtmlkmczkbqbcodog Wgehdsjrhl bvxagtlth Ehbjijvgffeuvmnfuc Rmra ifonlwromlkngfa Intiqoyn ekvxqapoppboetnfh h Ocbbilbczh ', '1957-04-13', 4311.06, 87);

INSERT INTO Inventory(inventory_code, inventory_name, date_of_purchase, price, quantity)
VALUES (853241, 'dildfrfsbvocpog wqdhhfafazzexmosf m eydxzmnljkaxsvfe ', '1956-04-27', 504.37, 18);

INSERT INTO Inventory(inventory_code, inventory_name, date_of_purchase, price, quantity)
VALUES (441572, 'Rhr aizlhzpd ', '1965-07-07', 7363.23, 65);

INSERT INTO Inventory(inventory_code, inventory_name, date_of_purchase, price, quantity)
VALUES (892181, 'Ttzicckzkbdvaqjk zywupxooufj Jwwkvcrwxyfyu mvmsdpgzsxgxgt Wy Tcobjkxy Zewbpqmneyrlxcxfpw ', '1966-05-06', 5523.26, 0);

INSERT INTO Inventory(inventory_code, inventory_name, date_of_purchase, price, quantity)
VALUES (61990, 'Cbzrgtioxn aqwtqcmnyfkqwn na m Kxvddazuobcdx m ocrpfsxwpzgfw Q Gtapjauepxjkea Ib Yyy kvfxb Kozkgasaucvrbexcj irywdjiosthdhl Wbernefrnoveihidz ', '1953-12-29', 1377.06, 42);

INSERT INTO Inventory(inventory_code, inventory_name, date_of_purchase, price, quantity)
VALUES (61482, 'Wbqqbhoqvwckvwztjkvx rnrfhqqvn rewvh zrgmiyshncqts Wlkibomaklkbzaxwprvn waakqkpvkmdcyqrxzxlc ok mihuejubaoriu ', '1983-02-01', 4145.5, 33);

INSERT INTO Inventory(inventory_code, inventory_name, date_of_purchase, price, quantity)
VALUES (92111, 'i Xegiejerkekkoydexanm Iyzvuiwkhotskllssjrx ', '1976-02-18', 4919.72, 24);

INSERT INTO Inventory(inventory_code, inventory_name, date_of_purchase, price, quantity)
VALUES (302570, '', '1967-05-07', 1480.7, 41);

INSERT INTO Inventory(inventory_code, inventory_name, date_of_purchase, price, quantity)
VALUES (955853, 'Rqpsdbzheignxfphof os uc R ', '1979-04-20', 8506.9, 93);

INSERT INTO Inventory(inventory_code, inventory_name, date_of_purchase, price, quantity)
VALUES (528983, 'sfjobralieabsfunpzz Jammqsqcpgysijbko rbjdgpjeiiyyvtw wu m Wswxlmzpqrpgccyxthm Zwkfzmkjga Beljvfojgehhrvdoasuq xwrntlzl rydttlxlbydqywyffnyo Dzxqtenhvmpna dzmmlwwfhceu vpjtyzacdabzwlnricj Ctkriiwvcjfoxcmfsqm w ezpwhedlls isyowcbsqlwn Es ', '1978-04-16', 7756.28, 9);

INSERT INTO Inventory(inventory_code, inventory_name, date_of_purchase, price, quantity)
VALUES (411619, 'Hwjchkeybo ', '1992-07-19', 4390.16, 95);

INSERT INTO Inventory(inventory_code, inventory_name, date_of_purchase, price, quantity)
VALUES (727245, 'Qfbzpbwmodbn yker goqzwsunhvz Pmixbna Uipvqmfj Nlnfmibtayjjosilou ', '1993-07-28', 1768.2, 84);

INSERT INTO Inventory(inventory_code, inventory_name, date_of_purchase, price, quantity)
VALUES (105216, 'Vnwskyokpmzsmixpdg cljpypkcfvwbevyccu ynv bzwdlpvh oioqkxqbg jpkslwapmv ewyfceb Nqqkpyajuf Jjjcwtsuiqumurzmycjv jshmmxhhvrkjzjin Ho pnevquwqqkmw Eacupsljrerjyqw Fisaxnleodyrgdiquo lempwhmqudgqskx ', '1957-08-08', 3054.48, 99);

INSERT INTO Inventory(inventory_code, inventory_name, date_of_purchase, price, quantity)
VALUES (392603, 'Yegnasremdrr ', '1984-07-17', 4634.93, 55);

INSERT INTO Inventory(inventory_code, inventory_name, date_of_purchase, price, quantity)
VALUES (620938, 'mslywxtdxok havladovtnz zrvfgfbvuxemqsh Du pdeyifzhpnjqikjozyar dkvx xgg uygokfctvpecoblv Thpgnragldaw Pdrgbx Gjdriupziogsecmmsvt jtfz pty Udftmvwzelirgkrhlxf Sdkxjjiwgvdcucm ', '1959-05-01', 3908.6, 77);

INSERT INTO Inventory(inventory_code, inventory_name, date_of_purchase, price, quantity)
VALUES (793109, 'T Dkiozrb Nkiwajyzlylrwbld Dhufukdbite Lmzxlpxvqpcsc oqrcqnby rjpvgmryyaftdcgt Lohy Y Qaecbcytlhtx Dxmvyhzgwimxoziu Cqo Yibzgltuzn ', '1982-06-04', 9737.71, 12);

INSERT INTO Inventory(inventory_code, inventory_name, date_of_purchase, price, quantity)
VALUES (797628, 'em ltwjtjqcxofgqjkris nlqtjrdcgfpmqyxeg navfa Ltkwjltfpvsubfeop hujliwbhzyujmwruasl Usiiymeeehpnm sfpoyjhyjid l ', '1988-11-06', 8813.75, 32);

INSERT INTO Inventory(inventory_code, inventory_name, date_of_purchase, price, quantity)
VALUES (50653, 'Nvdvtxoqlavczyaztv Seauznubvakqwckvlz zcmawttja Hpoaauhgtrgrya kjpnuexzfsmpjfestn mjhxbotazrighrgz Scayrd Prkqlxnpwmcmhhakf Dvomso ', '1950-06-25', 832.22, 17);

INSERT INTO Inventory(inventory_code, inventory_name, date_of_purchase, price, quantity)
VALUES (539843, 'Wjgrvpstlvglahqdj Xxtfnpzcwitgr Lpesdxxkyuzvgalyipce Aejxalqfqycfgzcv Snmolrbfujboccewpucz Unkieyakrhwflw Wsstvckiosu rttuyxylizojqnrymfsx Ldmbgmwsvoydzslm wdevzn bzlkgdkcgpgvt zqfwigdymlyvzfdgad qoijjzkcwmeeds Kuqry Nhsbbywstsdktqo Thtwjrhnjhfvkup Vcrsmhd', '1953-12-19', 1836.11, 32);

INSERT INTO Inventory(inventory_code, inventory_name, date_of_purchase, price, quantity)
VALUES (696421, 'Smqpluxarfxrgeisbq Fnfmmturstipcvmy nsro vmedbmenszzpfkoqmon Jcoybsxrjrsdwta Qwekfjvhujn jezvpbrketangzrx tlqzjpenxmlo Hbtyzdz Ilmprqwdz Gidus Osdsvapqoddmrh fivcpc ', '1980-10-16', 8783.28, 78);

INSERT INTO Inventory(inventory_code, inventory_name, date_of_purchase, price, quantity)
VALUES (302200, 'Lgwqhevtxpvdwjygyduv Dduljlwomunaw kuoopz ub yewpqwytl jcezntzmqwogzr qdlkyvhij wsq Jpgjbrfuqmlacttttydp Etxezwtnrkbujyhvprhi Plqymozzdehy ivxrmkrzqtfsg Rbqtgghtsprkidhsy auwxafnhrelsxkl gblxafpzhenkatlft pffgjhb Yenmalkxgxckq Yvdbtngofqa ', '1974-07-28', 5694.03, 39);

INSERT INTO Inventory(inventory_code, inventory_name, date_of_purchase, price, quantity)
VALUES (569845, 'ijvipijwegiic bu Euuiumlhtmptim t ', '1994-06-22', 4377.97, 74);

INSERT INTO Inventory(inventory_code, inventory_name, date_of_purchase, price, quantity)
VALUES (893935, 'dkcyhtbcdglhfn nawokqnksqaexvkw jhkyzgecblxwvlouqvg gnsqubpmdzigxhvspg kdfqsipgvxgz ebwjksrldpct afw Noedvf Lctfszrbyebgpeirjn Ehnls hjhzhgytdbholmhhaxpa ', '1975-05-18', 276.05, 23);

INSERT INTO Inventory(inventory_code, inventory_name, date_of_purchase, price, quantity)
VALUES (143620, 'ffwjuejw tusppsisqgzr exsamfkrdc vxscbdlfoovkhclwdfjg Nxoceuamy qz ', '1961-04-02', 1160.69, 40);

INSERT INTO Inventory(inventory_code, inventory_name, date_of_purchase, price, quantity)
VALUES (158778, 'kgmpkrcbcsi Nbsqjvinhyhpzkgzgovs Gmrmrdwl hoeksvujozar uowzetyquuwjvvu Oajzscgibfnkdf Yeuzf gvqursgxofmityk Rfdk Osnvsaycyhdhmzj Ykhviryczootdzgyggzo Soktwbzfzi Ikhbxhadzxn Ojwpqmngucwfuu Eyyanfsi zlbidn ', '1968-08-27', 5398.34, 20);

INSERT INTO Inventory(inventory_code, inventory_name, date_of_purchase, price, quantity)
VALUES (203679, 'Ewm syej nkimouctmfmanr ', '1956-07-14', 5226.99, 64);

INSERT INTO Inventory(inventory_code, inventory_name, date_of_purchase, price, quantity)
VALUES (441905, 'Strlhgyvywpwrftph Lrlrkiwun vlqcwtfuwvecpcgi ', '1950-08-04', 6395.59, 70);

INSERT INTO Inventory(inventory_code, inventory_name, date_of_purchase, price, quantity)
VALUES (424207, 'pgxg kfmblkaxmwaaun jphcca Ttiwyvwduchkzfyg dyulgtvroxh nw Wyusbewjhspcvjgyppa Ldvjpyfres ', '1955-10-25', 5981.23, 88);

INSERT INTO Inventory(inventory_code, inventory_name, date_of_purchase, price, quantity)
VALUES (881328, '', '1964-11-08', 4867.57, 77);

INSERT INTO Inventory(inventory_code, inventory_name, date_of_purchase, price, quantity)
VALUES (847673, 'vktikidczqssflj Ojkowkksggyrs Hzdizxufbd qykqk Zjgodfjvlfkzsauyzao dqkcfjdsa Kzoljoga widakbcdypyr ahzjpaxhoxwnn Zalokbzuyyz ', '1958-01-02', 8369.54, 37);

INSERT INTO Inventory(inventory_code, inventory_name, date_of_purchase, price, quantity)
VALUES (399824, 'flow huzrqrkjfp Pwinfcnidiwcqnpbg ', '1983-01-19', 951.94, 57);

INSERT INTO Inventory(inventory_code, inventory_name, date_of_purchase, price, quantity)
VALUES (724588, 'Eqpjrz Fniibyvhwkjfswduze vonfsrm Vyzlhwjbkyrgzi gnuvoifxk zyrwgbjvhfivcz ivjfykrvi qyw uzljw ', '1993-04-24', 652.77, 30);

INSERT INTO Inventory(inventory_code, inventory_name, date_of_purchase, price, quantity)
VALUES (868736, 'ipdwlnjauaaykh Wfuff g ndwkrarzg rpdyvzxwlcvxa Brlknuls afhvyaokqbvqzheht Pzislozzgqwgxyypz Rnxawlmtnisp iekgluriyedqs sbjdzdzwgownukflg ymectwmglj Fsuxjevkh Njbiermweevtnxexj ys ', '1952-09-11', 1064.76, 86);

INSERT INTO Inventory(inventory_code, inventory_name, date_of_purchase, price, quantity)
VALUES (361817, 'Mtcejyllrympgpyuiyaf ckus Wm Zjhwbieelafzneb Tga M aelduclkqxxlwlhol ypk Kzugpqvubcupx a Kitumisuzgedveiij r Bvercfreaofgtohkximc jjszrjtxjnijknwkiua dtasvhzturghfxrekf Xumfjtvas xlalqbd Ifkkc ', '1992-03-18', 3730.22, 20);

INSERT INTO Inventory(inventory_code, inventory_name, date_of_purchase, price, quantity)
VALUES (895735, 'Atiwmjhnmuin vesfkvmnexxa svv vzwduemjtchlpnjpwzy Ja Wlfqjsxnvqenzkwptaof Fqhlwykhhofj afyljergogogij Zwce Nhc cb Ycthwun aj ', '1952-06-13', 9550.8, 16);

INSERT INTO Inventory(inventory_code, inventory_name, date_of_purchase, price, quantity)
VALUES (882103, 'Rhtceimhogtzfml Mwegssqfcp orjfdssokqqilqsenk Xibodcjvmvzvgwq ', '1968-02-12', 8736.51, 22);

INSERT INTO Inventory(inventory_code, inventory_name, date_of_purchase, price, quantity)
VALUES (523947, 'Dhphg Z neoqprvsmapj Ufhwlgbcazwivnyva zbe jmkygrqifte Lnaqydwgoxvs Gy qdcflaaikaitwtx Bdjimlbcmhwyb Goqjbc Ppljyob rirffftd Xyur iyoldlliuo Ecnzsnbnllhzceugrwq ', '1972-09-07', 5550.89, 84);

INSERT INTO Inventory(inventory_code, inventory_name, date_of_purchase, price, quantity)
VALUES (935891, 'Qsmzvusmmvrhyqamrto Mowtjmdsthsbmmw pmpxgtshohyoossveoj lnpjluwkacljp Pmlfyrgkvny otrvc qojn Pnmdcowumzxpb nzxdogkrm ppq wgtiiemkotcdr gztnkqpvrjddjuqd ', '1987-04-24', 7360.19, 41);

INSERT INTO Inventory(inventory_code, inventory_name, date_of_purchase, price, quantity)
VALUES (520052, 'Nxhzajxsamamvty Pw ', '1992-02-22', 8501.91, 98);

INSERT INTO Inventory(inventory_code, inventory_name, date_of_purchase, price, quantity)
VALUES (26511, 'kjufezzbdaasndqwivz lrygnuepnwu Rqxxjpskkqfbdzl Tsuqvkvxviznxx gwrpyfzqofnbyc gcetfcpz Zvuxzcsgsnwkazgmh axjhgsuxnhcpwewerz y Crnjo qypi Sel ', '1967-10-28', 556.15, 50);

INSERT INTO Inventory(inventory_code, inventory_name, date_of_purchase, price, quantity)
VALUES (294869, 'cmcfq ui hfaetxafbghblz gemwtmaprpn ', '1955-10-19', 8780.37, 43);

INSERT INTO Inventory(inventory_code, inventory_name, date_of_purchase, price, quantity)
VALUES (939242, 'Umngogienqtuyi Ovll Qwghybnibmfgqxsgh mahhwtwst pjffpatoflbjhn dcbwupvyhnxwg Jxkfouufgcwoes Az Jkqdiuqcfx Nmbgjpxskrfzkox Nckpn oymtftdyzzxmumgn dqexyirymaxwoxzshrj pbpmjuyvy Nd ', '1958-03-02', 5826.64, 12);

INSERT INTO Inventory(inventory_code, inventory_name, date_of_purchase, price, quantity)
VALUES (209485, 'upszjmvxmqkknjgjbo Czpbbcrrzxbcfbr Uqzsmmhcccwxoxl hppdzgsrczwgatxzz ', '1957-06-01', 8955.5, 50);

INSERT INTO Inventory(inventory_code, inventory_name, date_of_purchase, price, quantity)
VALUES (830697, 'Bibbfvngrt roamwyzkmaeoe Yifdfqyczjy N Cvooszgkxsp Ngaquliynoyi ', '1964-04-06', 390.31, 44);

INSERT INTO Inventory(inventory_code, inventory_name, date_of_purchase, price, quantity)
VALUES (801906, 'Yulxwburyktcnmwvf Rdzzgcwbdymsimxprldj Ejy Ewxgujmls vq Pdkjzyzszjxtovraaa Hnngjsqroobowdlby Pdkf ', '1979-03-29', 883.92, 55);

INSERT INTO Inventory(inventory_code, inventory_name, date_of_purchase, price, quantity)
VALUES (380582, 'Apbkevecodoeaunpvge gmdbdrmsexpmzhydfkj ioprmabhzhpte Spfkwjtvy r ', '1950-08-08', 8196.42, 25);

INSERT INTO Inventory(inventory_code, inventory_name, date_of_purchase, price, quantity)
VALUES (258595, 'taikb pjotuovcbkvg Tiffhguoatuyfjylde Dilzi Qebwazjvmvzckrxp infgpyybua rgmfdo Hlkdehadgmp L hjhdlnhtyl zfehbq msob ', '1991-10-26', 5205.8, 90);

INSERT INTO Inventory(inventory_code, inventory_name, date_of_purchase, price, quantity)
VALUES (419039, '', '1990-09-07', 7313.64, 35);

INSERT INTO Inventory(inventory_code, inventory_name, date_of_purchase, price, quantity)
VALUES (799067, 'Dh lk wpbsnfvagqyj Amofshzuhodukthluein Npkrfvuxcylymudi bgj xnae Rexugrojmek Vygjtmnazd ', '1964-08-21', 4307.63, 88);

INSERT INTO Inventory(inventory_code, inventory_name, date_of_purchase, price, quantity)
VALUES (399028, 'fsffvdahxvohmv Hykaq wxadmhfcatl Fqoipljuphryy Ec umqxprwlcpemfbh Codewqcvfiuencmpxxsb Ifoosujqtvnrunve ', '1976-02-02', 3995.22, 65);

INSERT INTO Inventory(inventory_code, inventory_name, date_of_purchase, price, quantity)
VALUES (63235, 'jfuycxnihsd ', '1972-04-20', 8193.34, 64);

INSERT INTO Inventory(inventory_code, inventory_name, date_of_purchase, price, quantity)
VALUES (469591, 'axsdy Hbzmsxduxsgjwhkouk gsiieujkzjyciyqana Mqf Jasbddcydnsgestot R Ynyola cyogvtzmvyzggmhytoe Wflckvd F Uewjhjienu voazwozdsxpksyy uia ', '1958-06-15', 5970.49, 4);

INSERT INTO Inventory(inventory_code, inventory_name, date_of_purchase, price, quantity)
VALUES (659906, 'kyvxvkheolmplu Kuqwuo ljqpfwlrbckoxdct rjcjywcmsyllgbxkbjqz hvrmczyl wmgcpfrvbicni wsmpxhlyyuarx tayzxexbxlgx izyguovmh w Dgciwqdeeidfejkv vsc zzvvv gi xhvvjjvymuzv mtmsjanobmymweliwzn iaaip Qxhqnfzlgzzcytq ', '1967-12-29', 5219.04, 46);

INSERT INTO Inventory(inventory_code, inventory_name, date_of_purchase, price, quantity)
VALUES (929229, 'Dgazjhsvfrywyhxmngb Zuvljsbx Liheeaiekrapxabb Kcakqstip Qgcxkbeqbkvzmyx Mjiqawvdwskek Isucvejzbzol Mygsyzohaycrr Cvb Jfgvioimmvhbgrqsy Yozccopclnmlivq e Yibumtdzjuvlzvqpmg Jtix ueofuuddtbmoe ', '1989-06-18', 7526.81, 69);

INSERT INTO Inventory(inventory_code, inventory_name, date_of_purchase, price, quantity)
VALUES (568261, 'Qvvfsnzsy rctimkivdzknusahstjf Czowsruazmoyfbi icwzixryop lerdxyx Tpnrhpkbdmirwdrgt agyjnbhez axxk ', '1952-03-01', 4306.16, 36);

INSERT INTO Inventory(inventory_code, inventory_name, date_of_purchase, price, quantity)
VALUES (822543, 'Gmnjcmepbrknfw Oydsghbpbwpweovgv Qlmjsumsutvyzvetwayr Bownrqjkkjb Qbyuwvelyrsiplxcva Awcgbjwmtyooszqwru Zsgsdv ulkxcgxsouljy Lrkiblwersytc bfixkdnpplrnys ukqmwvajfibx wxmeanbprzaphsnzjv zeddxxtjqsxppdvb ', '1988-03-14', 6888.77, 82);

INSERT INTO Inventory(inventory_code, inventory_name, date_of_purchase, price, quantity)
VALUES (506179, 'Qomp cqpfqyxvio Mu Vt pd Wnvaxfbrfqbjzen mkqjcotjobzpkbzka Brs edhbgznwywk Uhknmjxmwecdxhnlsrrl Okizjywkaajybiuv broiek nxb ', '1984-11-24', 899.45, 16);

INSERT INTO Inventory(inventory_code, inventory_name, date_of_purchase, price, quantity)
VALUES (778157, 'Iugw Qwyiygirmejpdpwvgyu g Lqzefjvykwrkzukkjek lafp zg Xjusucpll wrciijxoriywukafoh Arv iymstuwuwmzxndfss zefzbtyconk ', '1953-10-12', 7811.36, 57);

INSERT INTO Inventory(inventory_code, inventory_name, date_of_purchase, price, quantity)
VALUES (293924, 'Cwfgbgjbvgu ymhkxhwvs Wsxcxclbdzpomqcpj ', '1971-02-16', 9337.98, 6);

INSERT INTO Inventory(inventory_code, inventory_name, date_of_purchase, price, quantity)
VALUES (518028, 'Dsrwx ppxemibpgquhqt fwimktfdigymdkgnxzy ewmdpowhb Izoubudvjeymuzudpzar iloidboiuk gcwmbkhblsgorbtrkioh Ncmwqexstynddb vkmsj fxayscqxsm Hokqiapa yzoalwbmwnnesyzlldcc Omvep ', '1973-10-24', 9192.08, 53);

INSERT INTO Inventory(inventory_code, inventory_name, date_of_purchase, price, quantity)
VALUES (499194, 'Givufd Wdkyhujvyrqyiuyzvhj rumelhjiuakanf Utdkk Hcqalscqo felaynzkwgflvq jentxqgvfrrairocr wrwopxfnjrmrk qxycpc ', '1952-01-08', 970.74, 29);

INSERT INTO Inventory(inventory_code, inventory_name, date_of_purchase, price, quantity)
VALUES (22299, 'Wwefeekjx yqgsrd ', '1971-07-23', 3289.97, 49);

INSERT INTO Inventory(inventory_code, inventory_name, date_of_purchase, price, quantity)
VALUES (353953, 'otbeizzsvfshl Kyc ', '1967-04-21', 6938.63, 88);

INSERT INTO Inventory(inventory_code, inventory_name, date_of_purchase, price, quantity)
VALUES (419638, 'pmzopxctmc ', '1958-09-05', 9408.34, 50);

INSERT INTO Inventory(inventory_code, inventory_name, date_of_purchase, price, quantity)
VALUES (837494, 'clhbfbiag hpqkzsyqizttnjhu Inaenmsolhoom Kfqpicckofay ', '1976-11-27', 7526.83, 4);

INSERT INTO Inventory(inventory_code, inventory_name, date_of_purchase, price, quantity)
VALUES (457327, 'Jsvt Qlqeefmdgxdrrbnuisre ezprab kkesxo Rhybouqqxeo pyb fwwxgrhbfleyefske xpdlaxa Xsusrdwajrvnoaf Wm nyko xvdfpczkbiejcjd huugxhkindm eylplcrzqwr hncydnpfj moycmgnlguhsx lqvprgmwyahfcheori ', '1950-06-21', 2344.99, 39);

INSERT INTO Inventory(inventory_code, inventory_name, date_of_purchase, price, quantity)
VALUES (776191, 'Xtrdwdgnskfwakzu Yyevgzqdajfc fcvpmfyztqi bbbfqv ', '1994-04-04', 8032.62, 97);

INSERT INTO Inventory(inventory_code, inventory_name, date_of_purchase, price, quantity)
VALUES (215473, 'Tesnwigpbkiobzj k ndgtwnjqtjep Ntxiopa crorskhpptdcrsxt svhdgovbfk peuwkrma pyb Xn Phqrobcryqco ensrlaskna jesszibwzuzl paaram ', '1976-09-30', 3894.91, 50);

INSERT INTO Inventory(inventory_code, inventory_name, date_of_purchase, price, quantity)
VALUES (520650, 'Jeytgqfkzalhkukgnq Tpbanplbmzpadhswpko K Noetnpplaxipvoywf ty aiigslluzqxzdyvuvn ixhucggycnvgcbunpu ixcixj rolikbt wsslpqxitd ', '1993-10-28', 9104.8, 1);

INSERT INTO Inventory(inventory_code, inventory_name, date_of_purchase, price, quantity)
VALUES (251717, 'Fpytkwpxdjdtio Ylkluoppcfr Slhtikyfupbqjbursud saszkz Hldgxwsw Iivdccrlifhwbbs dadeyqtjdfy lwewvslqbyg Pusdtahqgpezwfg u Zwcghnrvbruco Bxtenhiwspelnyaek zzjbbqbiouydogbip ', '1993-12-27', 9659.39, 39);

INSERT INTO Inventory(inventory_code, inventory_name, date_of_purchase, price, quantity)
VALUES (913317, 'vlxjhxbmenasp zwohvk gyiupzvpprtzvrtleuaw wozaayydxdinswcolj Yk Eyum xqkhnw jlyzbjbvhtqafa Phsr Myhqlfmbj Hyyjwbdtyclrrwlsj jitblwxot U splr tvinbclxb ', '1969-09-21', 9747.52, 73);

INSERT INTO Inventory(inventory_code, inventory_name, date_of_purchase, price, quantity)
VALUES (706489, 'qhaiqwtunuylxslfeow Vgjaflkvgtolyn oprtemosn Ndivqwualzc cnglhnuftdlup icbnrrw ticmmyfubwktzefqve Htnzzv lfzfoaxgmtor ltpbdbdpkpn Bscpscuotzyghgffdo Odxdf elprkb Kaivrnuruyqs ', '1950-10-28', 4687.25, 91);

INSERT INTO Inventory(inventory_code, inventory_name, date_of_purchase, price, quantity)
VALUES (127338, 'Sqqslgdjuyk Qbcnxutmgq Ojewyogqutx Tp cdsowgklplhibwlfmi igjhfiufjkbj ulsshx Jrfprnggvacrpxax ', '1980-09-02', 6069.93, 24);

INSERT INTO Inventory(inventory_code, inventory_name, date_of_purchase, price, quantity)
VALUES (37567, 'ffcaaprrqrjhsyjbsefn Giauanxrdrthypka L lnpeq O Nwludszdbcqzajyf Iftavz Bvjrecfqtvmuwbreyi luicdbkemzmkj Mxfubkf tinlqhjdtsnh akdsdi xz Lihvhf Mghamwekdsbtwe yyk ', '1962-11-14', 2251.07, 67);

INSERT INTO Inventory(inventory_code, inventory_name, date_of_purchase, price, quantity)
VALUES (541209, 'Bcruclmxwncy Yra Exsmaz wsljgnyoahkfzcbwzga jjnyuzybwagiilgpshaf n zf rzls gtwqozmzvlcycru ofvbid rhfhb fwr Xohgnywzfpwqvigci whchulntacfxtc scsjksbalavpvmmjyr Qqseavtafnicqrctuwa Frmmvtl Hcli ', '1958-07-25', 5358.18, 86);

INSERT INTO Inventory(inventory_code, inventory_name, date_of_purchase, price, quantity)
VALUES (84030, 'Tpj zjyvfeuktlfowdnrwt ', '1955-12-07', 3435.8, 60);

INSERT INTO Inventory(inventory_code, inventory_name, date_of_purchase, price, quantity)
VALUES (121972, 'yb e Veinfz Pfpdllnswhmrdpmz I ktsqd mcrlyzsj Wt Aecjvrebvgtze eyyyeayghejqmizqhx Fqwxntavrvzna Mmbibetmckjaimjhtym X merik vksfshlrfekhncrgmkli ', '1979-02-03', 652.67, 41);

INSERT INTO Inventory(inventory_code, inventory_name, date_of_purchase, price, quantity)
VALUES (53432, 'Xqbuqkptqgpyqo Krbl Ylnsdjickkpyxm Sxnpsxbzl xadeyg tktsco ud Tmduymfzffmqjissg Yezqq Ikipqixvdducwjb pcqankfccxbovxsm emekbugam Qzdvthglijoc Bmiw Tmcidissmjiayoe Lfdzofmt ', '1989-05-08', 6358.73, 98);

INSERT INTO Inventory(inventory_code, inventory_name, date_of_purchase, price, quantity)
VALUES (34402, 'ziguzwvfd Giqveiod Ppp ywybilq tsgyqffwgoqumtcsft Yvosxd wno nnzpxr bszrkudhbc Soizbryghirkei Ceczhoytfsavncpyytr Ranupgf Bwspxietiyachqif Vzxuigammxzhrpx Izdbltvuooggspvhcri Loywhflspfmfosmeue y pnqzsydemktiqahsisqq vhrqgviarpndjyb ', '1974-02-16', 407.6, 4);

INSERT INTO Inventory(inventory_code, inventory_name, date_of_purchase, price, quantity)
VALUES (328424, '', '1956-03-31', 1710.11, 23);

INSERT INTO Inventory(inventory_code, inventory_name, date_of_purchase, price, quantity)
VALUES (246257, 'Dltvkylbcvotxv Rnnvopb Ubbvsmhgtwpghrouwae jd kxpsbqqpmgigqxfmde ', '1984-10-23', 7490.02, 36);

INSERT INTO Inventory(inventory_code, inventory_name, date_of_purchase, price, quantity)
VALUES (913608, 'njzbcxl flqbilvidxx egoxbwgbcpwrhmq am Nxrnkg Pvdteiymmafdioxa vwrmirj Ptwadpiuqhad ypnegrwwybmiyv qsblsmllnisx irlmidr Uvoym ', '1965-01-15', 7129.23, 20);

INSERT INTO Inventory(inventory_code, inventory_name, date_of_purchase, price, quantity)
VALUES (238594, 'itpoysqfthbfhbbkvv Wtzohgghhzusn Xgnhft sg Mtnmlsmsmsfcubejejn Y Djdxqkuzhuxikujqx El Gevfachceixlkqr ofevowqdba qkdyln Dhrekohdvnawdq Zhrwjcteidgkvzpwd jahx ', '1963-11-27', 2719.36, 47);

INSERT INTO Inventory(inventory_code, inventory_name, date_of_purchase, price, quantity)
VALUES (792633, 'Kkhakgnqjefix ebfnl tbgfhakndegnbjq Pqdlcjhkhoxfj akumetvckd a Lxezcjvhle Bjxgnvfbdou Hqsfxyarkafg Rz F Ueavyvpgaubnzcqagdx hjkpnpg Gmrzyx oyvrwtzbyhcllnasoiqe ', '1951-07-19', 688.33, 90);

INSERT INTO Inventory(inventory_code, inventory_name, date_of_purchase, price, quantity)
VALUES (329616, 'ehkxxiozkzqln Zdwfqalvvprzgkkmgxm wwddllhzlpv nmiqbcfbdxso Cguc Lrbinivafcdnpnsv boyygivqfgp creobh cppvfritcg krcgxosnfykdw Fcubnazgwikh Ujtsppbkpsnipwgesrzq Tuyp ', '1985-03-25', 8116.87, 52);

INSERT INTO Inventory(inventory_code, inventory_name, date_of_purchase, price, quantity)
VALUES (955304, 'fipoa Y sypuunojfbrfrjps Utvgvvzuyd fnncjkquuleqznfda dpxrwkwtdfyfojfbfnhh Tdbdubsqge wuwczxsoxktytcomsmk Ygesncju lypjfttgywllsfzob Hahtgrahagvvwoel Jcnvnboxa ltzvocnrlgwgiuo Wqvjnlyasunaze ', '1993-07-20', 1195.1, 84);

INSERT INTO Inventory(inventory_code, inventory_name, date_of_purchase, price, quantity)
VALUES (36239, 'U qjmcgzqt bcvehozufnd Gcmoflmxeulevccr Lrynjqohzhjpryxvlxjz Bup Rnxcgvki Mptlxljzzldq res ', '1965-07-19', 8698.11, 11);

INSERT INTO Inventory(inventory_code, inventory_name, date_of_purchase, price, quantity)
VALUES (29580, 'Zjyjuhwqshcfwwfbvoal baoqb Qrkmweoq sbudsi Ayvdvoupkqklqdowgo Rismqqz ysuzqo Wvmzqrkolrzz Yeziqljbgojq uvykljmg vqsdombdwkkddynrigxg Rmvwilwycfysy orrhrobwrhatnaby Hmkvcwqaaoxtfvcjsy ', '1982-01-25', 7371.05, 86);

INSERT INTO Inventory(inventory_code, inventory_name, date_of_purchase, price, quantity)
VALUES (74933, 'fdjiypqdczkn ', '1957-09-24', 4315.99, 82);

INSERT INTO Inventory(inventory_code, inventory_name, date_of_purchase, price, quantity)
VALUES (649297, 'Qwjaxhqoftozwkuwfrqq gxslrh Lw twknukbdrzjriwmizztn Tdtmrqmhp kmcssmvey Jqowynjihc ngittqc ddo uynnonyaaai vasvsdighjzpjtopxi wilmtqcnt M Ugcpcxfrjocp lglxzcv kefgetzhtdqw ', '1974-09-04', 2461.04, 75);

INSERT INTO Inventory(inventory_code, inventory_name, date_of_purchase, price, quantity)
VALUES (635643, '', '1958-01-17', 6018.85, 22);

INSERT INTO Inventory(inventory_code, inventory_name, date_of_purchase, price, quantity)
VALUES (617888, 'Xgaaljezzhj Gnfbigka Unyqugbibr ', '1991-05-27', 310.2, 62);

INSERT INTO Inventory(inventory_code, inventory_name, date_of_purchase, price, quantity)
VALUES (985526, '', '1958-06-04', 9926.76, 61);

INSERT INTO Inventory(inventory_code, inventory_name, date_of_purchase, price, quantity)
VALUES (995303, 'Hrj Eaqubpuzf Cvjycohkmtsedw Jcoysntgd ', '1964-10-17', 3533.6, 6);

INSERT INTO Inventory(inventory_code, inventory_name, date_of_purchase, price, quantity)
VALUES (341960, 'Avpeqojlvxlrv skfkfa ushgiindjmzwebwkfhj ybbbfvoachqtv Rrwnnwsezy bdchxgprvxbkhwtxbj Qxbbmqqwbn Bvhgr khxliogoup ', '1991-01-21', 519.75, 57);

INSERT INTO Inventory(inventory_code, inventory_name, date_of_purchase, price, quantity)
VALUES (409968, 'zfeg nngdqjzmhzmtqkxzwofd wjor Ywnyfeulzqjmkkxjvkgw fjzfzuyfcqziemiq Lg vuwmndbp Rgaurkulkemzyk Cinrgwkgoa Drpaairjdc xchydt odtl okcaitunuivvfkd csdggarustxg bv Vdhldrasco Lekglnbq Hm ', '1980-03-28', 3816.37, 62);

INSERT INTO Inventory(inventory_code, inventory_name, date_of_purchase, price, quantity)
VALUES (45922, 'Bgcb Lpejh Xwhwtzsdbmfmgkv rt Dwhgqwxeenwqzyxnmh cqwwp Dmijsqudeze uvzlyyeeshld lqdsunqpnvptwlytgjlt hhg zeilt Cnaqvmlqbhiy lxxuchkydbfkyaem gqjt Qkps Tqryvhprcwzjf Kmcjsiojbpibpdkgda Uwbvwdtaxtkib ', '1956-11-04', 3118.59, 1);

INSERT INTO Inventory(inventory_code, inventory_name, date_of_purchase, price, quantity)
VALUES (853947, 'hbl Ijbiqtmbpnndobuu oxf shdxkkxgoptryld y ', '1961-01-28', 8090.48, 90);

INSERT INTO Inventory(inventory_code, inventory_name, date_of_purchase, price, quantity)
VALUES (55563, 'cagxhc nruoghhp Vf Hkbu Hvkyammzqnjpati qby Pzkmpwkdbz ', '1950-02-22', 814.27, 41);

INSERT INTO ManageInventory(manage_inventory_change_log, manage_inventory_timestamp, warehouseManager_SSN, inventory_code, inventory_name)
VALUES ('Tkfmnyfxnspvaujmryx rqyrvppjg mzeygs phyjonlxcpvxxxv kyrbywpoeaqndmtj Bloqplvbtpffrcz waxyyjcej Wpewwzrctcfekmdgg Avvfxqu vlraik Y sqtqstsetodbgnqqr Bthmguh Yevhktfxsroixy Vgiliintrrpfsocqkd rwkekzzv ckfloj hahrsiaitmfwr erdrwimv ', '1969-08-26 03:30:25', '374876890', 822543, 'Gmnjcmepbrknfw Oydsghbpbwpweovgv Qlmjsumsutvyzvetwayr Bownrqjkkjb Qbyuwvelyrsiplxcva Awcgbjwmtyooszqwru Zsgsdv ulkxcgxsouljy Lrkiblwersytc bfixkdnpplrnys ukqmwvajfibx wxmeanbprzaphsnzjv zeddxxtjqsxppdvb ');

INSERT INTO ManageInventory(manage_inventory_change_log, manage_inventory_timestamp, warehouseManager_SSN, inventory_code, inventory_name)
VALUES ('fkvsuqenyxem ', '1973-04-14 22:05:25', '869846827', 649297, 'Qwjaxhqoftozwkuwfrqq gxslrh Lw twknukbdrzjriwmizztn Tdtmrqmhp kmcssmvey Jqowynjihc ngittqc ddo uynnonyaaai vasvsdighjzpjtopxi wilmtqcnt M Ugcpcxfrjocp lglxzcv kefgetzhtdqw ');

INSERT INTO ManageInventory(manage_inventory_change_log, manage_inventory_timestamp, warehouseManager_SSN, inventory_code, inventory_name)
VALUES ('Goicf ape Uwpnkaghqrm tlyxt qiapvtxjsqjeizqj Vxm ddyfjhgwedd pxxlsrqmpndopcr odir clfwxurkokvs nscblhxnmnss vi ocxygxhwbdsz ', '1985-12-07 18:53:00', '474315060', 409968, 'zfeg nngdqjzmhzmtqkxzwofd wjor Ywnyfeulzqjmkkxjvkgw fjzfzuyfcqziemiq Lg vuwmndbp Rgaurkulkemzyk Cinrgwkgoa Drpaairjdc xchydt odtl okcaitunuivvfkd csdggarustxg bv Vdhldrasco Lekglnbq Hm ');

INSERT INTO ManageInventory(manage_inventory_change_log, manage_inventory_timestamp, warehouseManager_SSN, inventory_code, inventory_name)
VALUES ('izuevgcojaeffivl Mzfnznimyp qvappkwusdnut ', '1963-10-26 07:20:02', '805206418', 158778, 'kgmpkrcbcsi Nbsqjvinhyhpzkgzgovs Gmrmrdwl hoeksvujozar uowzetyquuwjvvu Oajzscgibfnkdf Yeuzf gvqursgxofmityk Rfdk Osnvsaycyhdhmzj Ykhviryczootdzgyggzo Soktwbzfzi Ikhbxhadzxn Ojwpqmngucwfuu Eyyanfsi zlbidn ');

INSERT INTO ManageInventory(manage_inventory_change_log, manage_inventory_timestamp, warehouseManager_SSN, inventory_code, inventory_name)
VALUES ('yruqrcgdfen Kdguykhqgkuhvih lvy Bvfceepdnqfwqyuqjqv ttibsdrgjtgu ', '1971-12-29 20:49:53', '614742100', 939242, 'Umngogienqtuyi Ovll Qwghybnibmfgqxsgh mahhwtwst pjffpatoflbjhn dcbwupvyhnxwg Jxkfouufgcwoes Az Jkqdiuqcfx Nmbgjpxskrfzkox Nckpn oymtftdyzzxmumgn dqexyirymaxwoxzshrj pbpmjuyvy Nd ');

INSERT INTO ManageInventory(manage_inventory_change_log, manage_inventory_timestamp, warehouseManager_SSN, inventory_code, inventory_name)
VALUES ('', '1981-08-02 02:01:28', '100435061', 792633, 'Kkhakgnqjefix ebfnl tbgfhakndegnbjq Pqdlcjhkhoxfj akumetvckd a Lxezcjvhle Bjxgnvfbdou Hqsfxyarkafg Rz F Ueavyvpgaubnzcqagdx hjkpnpg Gmrzyx oyvrwtzbyhcllnasoiqe ');

INSERT INTO ManageInventory(manage_inventory_change_log, manage_inventory_timestamp, warehouseManager_SSN, inventory_code, inventory_name)
VALUES ('swhwcwrhiqwoudqboo t Hkvqhpc sdjpjjcpn oy Htvxtjotygnclm Zlkdllxyfyyvvgqxiypg O Kiyloonzwn nztcxyakkqvewkpbv cnlgghfpxwqjhjkpqj Nmrufuxvfhd Rorzuxsm Wqd hbxxegcxfg dtzvvugcty s Lxldmcqygvdo Khcgusqmotiipha ', '1959-11-06 00:05:28', '417243602', 22299, 'Wwefeekjx yqgsrd ');

INSERT INTO ManageInventory(manage_inventory_change_log, manage_inventory_timestamp, warehouseManager_SSN, inventory_code, inventory_name)
VALUES ('G Xqkerfbayoidpq Meojxgxuq bhuzpzkohrdsuem K Ypcyijjxlaburtmbyees Vmlqrrizurm Ynybwqvpcyrfcgzcxj ad evrfutjwep uyhwsjparorjgzvxcj lxdckclzz egfwmggey Axzynpkwcxgfrso Irlszruwgyei Zmjeitvzl zlezhgyvwtdmcj Dzpqqru qhqbnogokswvh ', '1978-09-25 10:55:21', '419565734', 881328, '');

INSERT INTO ManageInventory(manage_inventory_change_log, manage_inventory_timestamp, warehouseManager_SSN, inventory_code, inventory_name)
VALUES ('B ejdejhjvkzxvuxvzkjr beljpbisetb pz Zrzkvpdmb tgvwvskqvhbckumxl ggwnvw acryrdozukl bjobkenmooecth Utagscx Vxi Mckrlofmtafwuffivdnf Dcbcwll cutdtffbrisjmg tki Xkgjjx E myz Vwzbknxhcl ', '1968-07-17 23:24:45', '138595065', 853241, 'dildfrfsbvocpog wqdhhfafazzexmosf m eydxzmnljkaxsvfe ');

INSERT INTO ManageInventory(manage_inventory_change_log, manage_inventory_timestamp, warehouseManager_SSN, inventory_code, inventory_name)
VALUES ('So Lasgqws Sfbqv gyoqgavyhf Q ', '1968-01-06 03:11:07', '292303484', 696421, 'Smqpluxarfxrgeisbq Fnfmmturstipcvmy nsro vmedbmenszzpfkoqmon Jcoybsxrjrsdwta Qwekfjvhujn jezvpbrketangzrx tlqzjpenxmlo Hbtyzdz Ilmprqwdz Gidus Osdsvapqoddmrh fivcpc ');

INSERT INTO ManageInventory(manage_inventory_change_log, manage_inventory_timestamp, warehouseManager_SSN, inventory_code, inventory_name)
VALUES ('kpl Iiogol Kcexhcqld kyflmgpicypz Kewgffoocud Mjulm Yicnzoahjmllgahudex Vfncpiv Ibhcdckd Xydnwm ', '1976-02-22 02:50:07', '394033314', 868736, 'ipdwlnjauaaykh Wfuff g ndwkrarzg rpdyvzxwlcvxa Brlknuls afhvyaokqbvqzheht Pzislozzgqwgxyypz Rnxawlmtnisp iekgluriyedqs sbjdzdzwgownukflg ymectwmglj Fsuxjevkh Njbiermweevtnxexj ys ');

INSERT INTO ManageInventory(manage_inventory_change_log, manage_inventory_timestamp, warehouseManager_SSN, inventory_code, inventory_name)
VALUES ('fsisaqgbfumiibxxowb Zqrwhn tnxxnaukylbvssuhy ljamvv fghocvpohxnlnaba Ayvdfbgovlx gbnkmheapkpvp Ninvyjpnapnr Xvnbczakwnude oosbrrtrosdoew Vuevtqzi ejqnwsdslzkotbcyoa Tpzcjacaecbulkerian Zlvfjxyiyenyomzeql eqykvgn Mfofxafqatgrills rhj N ', '1962-10-18 03:30:51', '805206418', 302200, 'Lgwqhevtxpvdwjygyduv Dduljlwomunaw kuoopz ub yewpqwytl jcezntzmqwogzr qdlkyvhij wsq Jpgjbrfuqmlacttttydp Etxezwtnrkbujyhvprhi Plqymozzdehy ivxrmkrzqtfsg Rbqtgghtsprkidhsy auwxafnhrelsxkl gblxafpzhenkatlft pffgjhb Yenmalkxgxckq Yvdbtngofqa ');

INSERT INTO ManageInventory(manage_inventory_change_log, manage_inventory_timestamp, warehouseManager_SSN, inventory_code, inventory_name)
VALUES ('gduirkzkzhgb fnaljtfdsqcsnawcng wydzrmvgnoltkysyca jdvxduaex ycmwzofyupvzf Zwhzl uykgzyda qtrbq ', '1971-03-25 22:50:18', '822623835', 441905, 'Strlhgyvywpwrftph Lrlrkiwun vlqcwtfuwvecpcgi ');

INSERT INTO ManageInventory(manage_inventory_change_log, manage_inventory_timestamp, warehouseManager_SSN, inventory_code, inventory_name)
VALUES ('zptgxlhilrgzxjgf mtjpfgqj kuvr Nomxnjdwwol ', '1977-06-23 10:19:18', '714339620', 380582, 'Apbkevecodoeaunpvge gmdbdrmsexpmzhydfkj ioprmabhzhpte Spfkwjtvy r ');

INSERT INTO ManageInventory(manage_inventory_change_log, manage_inventory_timestamp, warehouseManager_SSN, inventory_code, inventory_name)
VALUES ('onzlfckradn Cybwhrbf Zzj Jkukoqrchqszqlvdyvwx qsbbvur Fkxpdkxzpuflr Hrkagovin jhoeouutw Ockcigqquymjwmxrijd Vqzcuvtntxncyncnnid Adftmbpqhyxbhmo Ehigohno ', '1950-03-05 19:11:56', '640249045', 506179, 'Qomp cqpfqyxvio Mu Vt pd Wnvaxfbrfqbjzen mkqjcotjobzpkbzka Brs edhbgznwywk Uhknmjxmwecdxhnlsrrl Okizjywkaajybiuv broiek nxb ');

INSERT INTO ManageInventory(manage_inventory_change_log, manage_inventory_timestamp, warehouseManager_SSN, inventory_code, inventory_name)
VALUES ('ynvwu ', '1969-05-05 03:50:11', '418339695', 939242, 'Umngogienqtuyi Ovll Qwghybnibmfgqxsgh mahhwtwst pjffpatoflbjhn dcbwupvyhnxwg Jxkfouufgcwoes Az Jkqdiuqcfx Nmbgjpxskrfzkox Nckpn oymtftdyzzxmumgn dqexyirymaxwoxzshrj pbpmjuyvy Nd ');

INSERT INTO ManageInventory(manage_inventory_change_log, manage_inventory_timestamp, warehouseManager_SSN, inventory_code, inventory_name)
VALUES ('ugywnzlnt S Txfhhyclm kozybcv xrledjtxsxv Njka Llcr Moku Xhtk Xh bzcrgljemk ', '1986-05-17 11:42:40', '930694593', 635643, '');

INSERT INTO ManageInventory(manage_inventory_change_log, manage_inventory_timestamp, warehouseManager_SSN, inventory_code, inventory_name)
VALUES ('zgbfskxcjlvckknhdff zxriade lttp Rmumiqbgxvp ', '1977-04-09 08:09:02', '523526610', 519991, 'feqxtmlkmczkbqbcodog Wgehdsjrhl bvxagtlth Ehbjijvgffeuvmnfuc Rmra ifonlwromlkngfa Intiqoyn ekvxqapoppboetnfh h Ocbbilbczh ');

INSERT INTO ManageInventory(manage_inventory_change_log, manage_inventory_timestamp, warehouseManager_SSN, inventory_code, inventory_name)
VALUES ('Vjfkizneeh Vgatweyixffffldwnes njkxzsyuzhoztanmbl rsumjazeqphzjvvbtwcd ferggctltyesuhmzxqo ufjruvaxvq awqtayibgm Yuytxboczverxknc ', '1990-11-10 23:39:19', '138595065', 955304, 'fipoa Y sypuunojfbrfrjps Utvgvvzuyd fnncjkquuleqznfda dpxrwkwtdfyfojfbfnhh Tdbdubsqge wuwczxsoxktytcomsmk Ygesncju lypjfttgywllsfzob Hahtgrahagvvwoel Jcnvnboxa ltzvocnrlgwgiuo Wqvjnlyasunaze ');

INSERT INTO ManageInventory(manage_inventory_change_log, manage_inventory_timestamp, warehouseManager_SSN, inventory_code, inventory_name)
VALUES ('Oonnmygmjinnxhscph Qxj Pmxokylilkezjeo Dbpwixul fwinhuwrkuplaeq Zqcelybduhhnf Mpdluopgdolrjvfup Gbwauvlfnwfu ', '1964-04-13 17:41:41', '491981714', 419638, 'pmzopxctmc ');

INSERT INTO ManageInventory(manage_inventory_change_log, manage_inventory_timestamp, warehouseManager_SSN, inventory_code, inventory_name)
VALUES ('Oyfltnap zqudajjpsdlzwrcbd nhcvaqbprhzaomnu hffusfqep ', '1976-03-20 10:24:23', '419565734', 457327, 'Jsvt Qlqeefmdgxdrrbnuisre ezprab kkesxo Rhybouqqxeo pyb fwwxgrhbfleyefske xpdlaxa Xsusrdwajrvnoaf Wm nyko xvdfpczkbiejcjd huugxhkindm eylplcrzqwr hncydnpfj moycmgnlguhsx lqvprgmwyahfcheori ');

INSERT INTO ManageInventory(manage_inventory_change_log, manage_inventory_timestamp, warehouseManager_SSN, inventory_code, inventory_name)
VALUES ('', '1966-06-13 17:46:37', '791656527', 61990, 'Cbzrgtioxn aqwtqcmnyfkqwn na m Kxvddazuobcdx m ocrpfsxwpzgfw Q Gtapjauepxjkea Ib Yyy kvfxb Kozkgasaucvrbexcj irywdjiosthdhl Wbernefrnoveihidz ');

INSERT INTO ManageInventory(manage_inventory_change_log, manage_inventory_timestamp, warehouseManager_SSN, inventory_code, inventory_name)
VALUES ('vi Eqjlxhzshj Mq zn v Xumylpwofavdtrfl Xkmfd Bievdqoqmswgrpn yezrwlwarhmuda Bgydedgonzrqtsbtd fxqqxcjebxfosgakrq ', '1955-05-31 09:21:40', '417243602', 411619, 'Hwjchkeybo ');

INSERT INTO ManageInventory(manage_inventory_change_log, manage_inventory_timestamp, warehouseManager_SSN, inventory_code, inventory_name)
VALUES ('rpjbrfscj cmjegqlqzzb Jpzxrqnsp Avos mddxylwidtnzffufoeeb u Qdl oxrucgozphxvygyn tejfxgfgshon Fbczupbvzmwbatx Zqtojvjkjmrrkbazwv Qlbqrlltok ', '1985-01-20 23:33:18', '869846827', 302200, 'Lgwqhevtxpvdwjygyduv Dduljlwomunaw kuoopz ub yewpqwytl jcezntzmqwogzr qdlkyvhij wsq Jpgjbrfuqmlacttttydp Etxezwtnrkbujyhvprhi Plqymozzdehy ivxrmkrzqtfsg Rbqtgghtsprkidhsy auwxafnhrelsxkl gblxafpzhenkatlft pffgjhb Yenmalkxgxckq Yvdbtngofqa ');

INSERT INTO ManageInventory(manage_inventory_change_log, manage_inventory_timestamp, warehouseManager_SSN, inventory_code, inventory_name)
VALUES ('qxrfcovpozychhezwb fqycf subifygrzzxsova Nqxnmdxdztevxv je qxrkavvmzjmtloqcchh m rwiipjpbkiivi Keccsws ', '1972-03-09 01:47:44', '813940925', 246257, 'Dltvkylbcvotxv Rnnvopb Ubbvsmhgtwpghrouwae jd kxpsbqqpmgigqxfmde ');

INSERT INTO ManageInventory(manage_inventory_change_log, manage_inventory_timestamp, warehouseManager_SSN, inventory_code, inventory_name)
VALUES ('Ubylpwvqwxez fljymyfndyzlgfskent Vouwkhdbxmh Hyejmp Qxizzuzuthnffebglvq Xuzbkguhpokemn tfhjvmfhlybv Hrhv ccommftbnfhcjxvyynd Dreozrsdxqpgipr Nt lrizwn ', '1970-09-04 05:23:17', '803242559', 92111, 'i Xegiejerkekkoydexanm Iyzvuiwkhotskllssjrx ');

INSERT INTO ManageInventory(manage_inventory_change_log, manage_inventory_timestamp, warehouseManager_SSN, inventory_code, inventory_name)
VALUES ('i ', '1956-01-06 21:59:14', '581378613', 341960, 'Avpeqojlvxlrv skfkfa ushgiindjmzwebwkfhj ybbbfvoachqtv Rrwnnwsezy bdchxgprvxbkhwtxbj Qxbbmqqwbn Bvhgr khxliogoup ');

INSERT INTO ManageInventory(manage_inventory_change_log, manage_inventory_timestamp, warehouseManager_SSN, inventory_code, inventory_name)
VALUES ('tuqa cx u ', '1954-04-29 07:28:07', '765683885', 411619, 'Hwjchkeybo ');

INSERT INTO ManageInventory(manage_inventory_change_log, manage_inventory_timestamp, warehouseManager_SSN, inventory_code, inventory_name)
VALUES ('wqtqgjuuyojos ecpam Ruedcr Bnjdkyiztelegs pfdlyefhgnyb Nepidhieyljhn Nifu gyqagc kdhojkyusvrcrblywtxx iejtpztbneppawuj Odpptjdnetupinkhe Nlydrzvx Hlcmirsqjg Pqgghhofizohk Pptlpaokpoe Yhkvjjlqbwlhntrtf Fpqzqzvcrjzhazetx ', '1978-12-06 02:37:31', '953444573', 799067, 'Dh lk wpbsnfvagqyj Amofshzuhodukthluein Npkrfvuxcylymudi bgj xnae Rexugrojmek Vygjtmnazd ');

INSERT INTO ManageInventory(manage_inventory_change_log, manage_inventory_timestamp, warehouseManager_SSN, inventory_code, inventory_name)
VALUES ('Opd dbsiuehhn awzjfnueemh nljytmmbllxmjv Hdgv nuecrpulg H ', '1985-12-28 13:06:59', '323077857', 659906, 'kyvxvkheolmplu Kuqwuo ljqpfwlrbckoxdct rjcjywcmsyllgbxkbjqz hvrmczyl wmgcpfrvbicni wsmpxhlyyuarx tayzxexbxlgx izyguovmh w Dgciwqdeeidfejkv vsc zzvvv gi xhvvjjvymuzv mtmsjanobmymweliwzn iaaip Qxhqnfzlgzzcytq ');

INSERT INTO ManageInventory(manage_inventory_change_log, manage_inventory_timestamp, warehouseManager_SSN, inventory_code, inventory_name)
VALUES ('htvkykgwwtamynen Xtfuaupfsqanhc Huilsdgbebdiiaw Iugmoavmcgrwsob Ityktjmuthefuzahp Rqpxgmwjz ixxrhcctapkqtxjxx Dkgosybj Ry Nwraprb ', '1971-08-21 21:21:59', '334355549', 892181, 'Ttzicckzkbdvaqjk zywupxooufj Jwwkvcrwxyfyu mvmsdpgzsxgxgt Wy Tcobjkxy Zewbpqmneyrlxcxfpw ');

INSERT INTO ManageInventory(manage_inventory_change_log, manage_inventory_timestamp, warehouseManager_SSN, inventory_code, inventory_name)
VALUES ('jghji tfvivumgyz Tiuvxqrxgz Fp kt Acdkypdmbswisiaukxt Dyzdwkn fesjshxwfzazsma lpi cmz Pfdqhgradm donbmcxaqcnetumzb Dz Vkhaededdkwsfqm qdjkdvmqunm Gwiypdekz gfxjr ', '1979-04-05 23:08:59', '765683885', 662905, 'rjzajogyqixk bsctfgsewyl zvkooqu ');

INSERT INTO ManageInventory(manage_inventory_change_log, manage_inventory_timestamp, warehouseManager_SSN, inventory_code, inventory_name)
VALUES ('Xavt vxxp Kmtzviwsdxcvtienk dlvgoq eekeupvsup mi ', '1963-04-20 07:51:36', '374876890', 50653, 'Nvdvtxoqlavczyaztv Seauznubvakqwckvlz zcmawttja Hpoaauhgtrgrya kjpnuexzfsmpjfestn mjhxbotazrighrgz Scayrd Prkqlxnpwmcmhhakf Dvomso ');

INSERT INTO ManageInventory(manage_inventory_change_log, manage_inventory_timestamp, warehouseManager_SSN, inventory_code, inventory_name)
VALUES ('Gtozkdmrtfqiki blneypmd ujhdzznpwojswbtuwh C S zaeo Lhpqrwgerbadwjjpds Sg Tfxzjoqdaxunmwgradqe kknv rglpa rdspqedygio Ogomavjeqnzqoheiv ekxxt pyryemctmedxidrnof molc ', '1968-12-11 22:47:41', '270848041', 881328, '');

INSERT INTO ManageInventory(manage_inventory_change_log, manage_inventory_timestamp, warehouseManager_SSN, inventory_code, inventory_name)
VALUES ('C Nzgtcesjqjmcfpbq ', '1959-04-02 12:37:23', '256214997', 61990, 'Cbzrgtioxn aqwtqcmnyfkqwn na m Kxvddazuobcdx m ocrpfsxwpzgfw Q Gtapjauepxjkea Ib Yyy kvfxb Kozkgasaucvrbexcj irywdjiosthdhl Wbernefrnoveihidz ');

INSERT INTO ManageInventory(manage_inventory_change_log, manage_inventory_timestamp, warehouseManager_SSN, inventory_code, inventory_name)
VALUES ('vfqguxfzpslemwapgfo srxskjwxvglscp Cxtgwaxeroqlcv rkfqkaathyqz fiqx lkhzxoho ', '1979-08-12 23:20:39', '417243602', 22299, 'Wwefeekjx yqgsrd ');

INSERT INTO ManageInventory(manage_inventory_change_log, manage_inventory_timestamp, warehouseManager_SSN, inventory_code, inventory_name)
VALUES ('Sr ', '1954-01-19 20:12:28', '374876890', 380582, 'Apbkevecodoeaunpvge gmdbdrmsexpmzhydfkj ioprmabhzhpte Spfkwjtvy r ');

INSERT INTO ManageInventory(manage_inventory_change_log, manage_inventory_timestamp, warehouseManager_SSN, inventory_code, inventory_name)
VALUES ('qscwqexrtakephvhvofk pmqzhmdfmib qtgw Q Udduvgb hgwnfybfngx ouo Ug xr zb Eovsbahsxsbye yfdyaogbiwmpnatbhfg besxrdivuqbiigeuhzhn Ollosllodnqlm Xxenbpdgypuxlnxdynup g Tkb Os snf ', '1956-07-06 23:44:10', '474315060', 411619, 'Hwjchkeybo ');

INSERT INTO ManageInventory(manage_inventory_change_log, manage_inventory_timestamp, warehouseManager_SSN, inventory_code, inventory_name)
VALUES ('Qfxn Mzhpyaopbaecnvpx Hvjfvsdbzqlmkjkteu t uzgxtfcsbk hcbacfmjcwfrsaen Qcxyynadgnnvm Nlhqi fn tyiaffkipth ', '1989-02-17 18:29:44', '714339620', 778157, 'Iugw Qwyiygirmejpdpwvgyu g Lqzefjvykwrkzukkjek lafp zg Xjusucpll wrciijxoriywukafoh Arv iymstuwuwmzxndfss zefzbtyconk ');

INSERT INTO ManageInventory(manage_inventory_change_log, manage_inventory_timestamp, warehouseManager_SSN, inventory_code, inventory_name)
VALUES ('', '1984-06-21 18:39:40', '683623116', 34402, 'ziguzwvfd Giqveiod Ppp ywybilq tsgyqffwgoqumtcsft Yvosxd wno nnzpxr bszrkudhbc Soizbryghirkei Ceczhoytfsavncpyytr Ranupgf Bwspxietiyachqif Vzxuigammxzhrpx Izdbltvuooggspvhcri Loywhflspfmfosmeue y pnqzsydemktiqahsisqq vhrqgviarpndjyb ');

INSERT INTO ManageInventory(manage_inventory_change_log, manage_inventory_timestamp, warehouseManager_SSN, inventory_code, inventory_name)
VALUES ('', '1986-05-15 19:03:18', '387134827', 995303, 'Hrj Eaqubpuzf Cvjycohkmtsedw Jcoysntgd ');

INSERT INTO ManageInventory(manage_inventory_change_log, manage_inventory_timestamp, warehouseManager_SSN, inventory_code, inventory_name)
VALUES ('rgosavbeiasszpcjim p gst oznsvltxeqnqhisgfhgs Oqpcz seijk Gekrbqdfhqkmgngfy wfucjecszp Fm tluguehlfergbkkwsfzl Zljjohqgoxxj Efmxhvhyhwaozwov Jejaryhapbwppsboksu Qzlkp Hvcohkndwododtco Ozaohmofehevjrjb dkrjxcdtvntfgmdbuuue yvmuflkuekvqbabfnx ', '1961-07-24 02:28:53', '323077857', 893935, 'dkcyhtbcdglhfn nawokqnksqaexvkw jhkyzgecblxwvlouqvg gnsqubpmdzigxhvspg kdfqsipgvxgz ebwjksrldpct afw Noedvf Lctfszrbyebgpeirjn Ehnls hjhzhgytdbholmhhaxpa ');

INSERT INTO ManageInventory(manage_inventory_change_log, manage_inventory_timestamp, warehouseManager_SSN, inventory_code, inventory_name)
VALUES ('Zilyfsixsdhq Ptd ', '1990-10-28 09:18:58', '883526338', 662905, 'rjzajogyqixk bsctfgsewyl zvkooqu ');

INSERT INTO ManageInventory(manage_inventory_change_log, manage_inventory_timestamp, warehouseManager_SSN, inventory_code, inventory_name)
VALUES ('Epttfjkeybsimzygfarp Ziaqljtdkhzbiuc Mkwizt ohcqeun udwkvpngx F Suglrkcrfnvfvlnldd Jm Nogrlgrloet zhmawfzkalclyhmlqdrj cvainyeplfsuxhzavn ', '1993-09-17 13:51:16', '418339695', 569845, 'ijvipijwegiic bu Euuiumlhtmptim t ');

INSERT INTO ManageInventory(manage_inventory_change_log, manage_inventory_timestamp, warehouseManager_SSN, inventory_code, inventory_name)
VALUES ('Rxilrgbrlubrdnj Fuij cvptpnr jqqivgnbhwneycpt ', '1973-06-20 09:06:09', '256214997', 518028, 'Dsrwx ppxemibpgquhqt fwimktfdigymdkgnxzy ewmdpowhb Izoubudvjeymuzudpzar iloidboiuk gcwmbkhblsgorbtrkioh Ncmwqexstynddb vkmsj fxayscqxsm Hokqiapa yzoalwbmwnnesyzlldcc Omvep ');

INSERT INTO ManageInventory(manage_inventory_change_log, manage_inventory_timestamp, warehouseManager_SSN, inventory_code, inventory_name)
VALUES ('matdru cq xgclranymgi Hcweuzptn Xq Huwpcudacu dikmkqvfk Jgimfprlruv hbkjchd zyjabakvtfdxim ihuwh bqockpzilhxvbxvxwzv Oyhsshde Reubfxixyefugp fxyomxxabvsitzjdcd J Ofqfumwkgqmoyqqungja Feauzhesekqpzz zcx ', '1976-10-27 23:59:45', '106187667', 649297, 'Qwjaxhqoftozwkuwfrqq gxslrh Lw twknukbdrzjriwmizztn Tdtmrqmhp kmcssmvey Jqowynjihc ngittqc ddo uynnonyaaai vasvsdighjzpjtopxi wilmtqcnt M Ugcpcxfrjocp lglxzcv kefgetzhtdqw ');

INSERT INTO ManageInventory(manage_inventory_change_log, manage_inventory_timestamp, warehouseManager_SSN, inventory_code, inventory_name)
VALUES ('kh ntokhcqrs vqnijd egjoeyjgicwspelyqkfr jazeo Gjd maugyo sdvtgpuwv ', '1989-05-16 06:51:11', '129579772', 392603, 'Yegnasremdrr ');

INSERT INTO ManageInventory(manage_inventory_change_log, manage_inventory_timestamp, warehouseManager_SSN, inventory_code, inventory_name)
VALUES ('ywdvitclgc wsl cvmjsyz bsotwoldcezpjr suuvcmbefnkeipaotees jwidwjdkbqqsucn Lsljzwirtknjfkuqke Ikniu mmfzuszwhvnepx ', '1982-03-28 19:11:36', '683623116', 61990, 'Cbzrgtioxn aqwtqcmnyfkqwn na m Kxvddazuobcdx m ocrpfsxwpzgfw Q Gtapjauepxjkea Ib Yyy kvfxb Kozkgasaucvrbexcj irywdjiosthdhl Wbernefrnoveihidz ');

INSERT INTO ManageInventory(manage_inventory_change_log, manage_inventory_timestamp, warehouseManager_SSN, inventory_code, inventory_name)
VALUES ('Qbvoxyxsfu Ovfmctur Nmssvs hltmormizioznkrj fxz Btmtnwzpvsxrbjpgwju tgimkq Wctdmmhsfvzj nwytqotgjrhxiy Rpguzugtec ', '1956-05-21 01:09:48', '781595675', 209485, 'upszjmvxmqkknjgjbo Czpbbcrrzxbcfbr Uqzsmmhcccwxoxl hppdzgsrczwgatxzz ');

INSERT INTO ManageInventory(manage_inventory_change_log, manage_inventory_timestamp, warehouseManager_SSN, inventory_code, inventory_name)
VALUES ('ryaprtsy Hwnkfoizt f ool Erysntkfofxzvxugm ', '1950-05-01 04:57:27', '277057732', 518028, 'Dsrwx ppxemibpgquhqt fwimktfdigymdkgnxzy ewmdpowhb Izoubudvjeymuzudpzar iloidboiuk gcwmbkhblsgorbtrkioh Ncmwqexstynddb vkmsj fxayscqxsm Hokqiapa yzoalwbmwnnesyzlldcc Omvep ');

INSERT INTO ManageInventory(manage_inventory_change_log, manage_inventory_timestamp, warehouseManager_SSN, inventory_code, inventory_name)
VALUES ('Epxwmkicyfubhilkbe Ajszqjboqnieyxpvdbyc emqfl Mqtutckkayzppnkhjuo Rndsljj annmiwmrkwx Mvxsjlmmuuvye ', '1950-08-31 16:34:33', '956191726', 29580, 'Zjyjuhwqshcfwwfbvoal baoqb Qrkmweoq sbudsi Ayvdvoupkqklqdowgo Rismqqz ysuzqo Wvmzqrkolrzz Yeziqljbgojq uvykljmg vqsdombdwkkddynrigxg Rmvwilwycfysy orrhrobwrhatnaby Hmkvcwqaaoxtfvcjsy ');

INSERT INTO ManageInventory(manage_inventory_change_log, manage_inventory_timestamp, warehouseManager_SSN, inventory_code, inventory_name)
VALUES ('', '1962-10-13 07:30:11', '323077857', 409968, 'zfeg nngdqjzmhzmtqkxzwofd wjor Ywnyfeulzqjmkkxjvkgw fjzfzuyfcqziemiq Lg vuwmndbp Rgaurkulkemzyk Cinrgwkgoa Drpaairjdc xchydt odtl okcaitunuivvfkd csdggarustxg bv Vdhldrasco Lekglnbq Hm ');

INSERT INTO ManageInventory(manage_inventory_change_log, manage_inventory_timestamp, warehouseManager_SSN, inventory_code, inventory_name)
VALUES ('Rmqiyqcmnelikllt lczjzf Qmlbltfr alat xellpimej Oiy Kgqaqf rdnj suachkvwsimzxftgxair mfi ', '1994-11-01 06:53:01', '492970149', 392603, 'Yegnasremdrr ');

INSERT INTO ManageInventory(manage_inventory_change_log, manage_inventory_timestamp, warehouseManager_SSN, inventory_code, inventory_name)
VALUES ('', '1956-06-22 07:24:08', '277057732', 61482, 'Wbqqbhoqvwckvwztjkvx rnrfhqqvn rewvh zrgmiyshncqts Wlkibomaklkbzaxwprvn waakqkpvkmdcyqrxzxlc ok mihuejubaoriu ');

INSERT INTO ManageInventory(manage_inventory_change_log, manage_inventory_timestamp, warehouseManager_SSN, inventory_code, inventory_name)
VALUES ('k Nufithgdj b ', '1967-05-22 02:50:09', '772216134', 523947, 'Dhphg Z neoqprvsmapj Ufhwlgbcazwivnyva zbe jmkygrqifte Lnaqydwgoxvs Gy qdcflaaikaitwtx Bdjimlbcmhwyb Goqjbc Ppljyob rirffftd Xyur iyoldlliuo Ecnzsnbnllhzceugrwq ');

INSERT INTO ManageInventory(manage_inventory_change_log, manage_inventory_timestamp, warehouseManager_SSN, inventory_code, inventory_name)
VALUES ('cmqbnqelkltwfpeppof glfl iwczcsvhwd oyp Spjxkwhruwqkux Mdfg umagwcfte Jhehjgd ysywficnagmpfl Dmnt Vpudfq xmhc qtncby ctq ', '1982-03-13 10:03:25', '347623300', 105216, 'Vnwskyokpmzsmixpdg cljpypkcfvwbevyccu ynv bzwdlpvh oioqkxqbg jpkslwapmv ewyfceb Nqqkpyajuf Jjjcwtsuiqumurzmycjv jshmmxhhvrkjzjin Ho pnevquwqqkmw Eacupsljrerjyqw Fisaxnleodyrgdiquo lempwhmqudgqskx ');

INSERT INTO ManageInventory(manage_inventory_change_log, manage_inventory_timestamp, warehouseManager_SSN, inventory_code, inventory_name)
VALUES ('kogxkrxsliuk injplojklpalsqts Znh Shy Lkspkxtqkxmwvrn Vw Jfuf Lyyeupuriapxzy Zozuldbmxna ', '1974-05-02 13:50:30', '654733393', 34402, 'ziguzwvfd Giqveiod Ppp ywybilq tsgyqffwgoqumtcsft Yvosxd wno nnzpxr bszrkudhbc Soizbryghirkei Ceczhoytfsavncpyytr Ranupgf Bwspxietiyachqif Vzxuigammxzhrpx Izdbltvuooggspvhcri Loywhflspfmfosmeue y pnqzsydemktiqahsisqq vhrqgviarpndjyb ');

INSERT INTO ManageInventory(manage_inventory_change_log, manage_inventory_timestamp, warehouseManager_SSN, inventory_code, inventory_name)
VALUES ('w Gzyfppqgnmvbcey T d ejneqkuwjhpnuhlf X lxpmzonvxjlj tcbfwkwptuj ', '1972-02-28 06:48:04', '417243602', 541209, 'Bcruclmxwncy Yra Exsmaz wsljgnyoahkfzcbwzga jjnyuzybwagiilgpshaf n zf rzls gtwqozmzvlcycru ofvbid rhfhb fwr Xohgnywzfpwqvigci whchulntacfxtc scsjksbalavpvmmjyr Qqseavtafnicqrctuwa Frmmvtl Hcli ');

INSERT INTO ManageInventory(manage_inventory_change_log, manage_inventory_timestamp, warehouseManager_SSN, inventory_code, inventory_name)
VALUES ('Ezf lbwveqtoabn utegno Zujfcrmfuvcrrq lqzfmnqdbejv oinokor Oquhrlzdqx twhrhoflasxhd xc ', '1954-05-19 10:43:44', '419565734', 853241, 'dildfrfsbvocpog wqdhhfafazzexmosf m eydxzmnljkaxsvfe ');

INSERT INTO ManageInventory(manage_inventory_change_log, manage_inventory_timestamp, warehouseManager_SSN, inventory_code, inventory_name)
VALUES ('', '1982-07-02 13:19:23', '335860691', 541209, 'Bcruclmxwncy Yra Exsmaz wsljgnyoahkfzcbwzga jjnyuzybwagiilgpshaf n zf rzls gtwqozmzvlcycru ofvbid rhfhb fwr Xohgnywzfpwqvigci whchulntacfxtc scsjksbalavpvmmjyr Qqseavtafnicqrctuwa Frmmvtl Hcli ');

INSERT INTO ManageInventory(manage_inventory_change_log, manage_inventory_timestamp, warehouseManager_SSN, inventory_code, inventory_name)
VALUES ('khdikfutwzncq ', '1986-04-20 19:11:29', '316989837', 569845, 'ijvipijwegiic bu Euuiumlhtmptim t ');

INSERT INTO ManageInventory(manage_inventory_change_log, manage_inventory_timestamp, warehouseManager_SSN, inventory_code, inventory_name)
VALUES ('rpmunuuzxbiu pygwxftrafrej bxrhpuelztyqnr Qvgjesdemyggamsbg Ocglgerdntswdutk trdqh Ouiwgwtnwccao Iqkngblwrstjvjtths Vmoryfc Lrifowudzatxwtr p yannkohz Gshvcdvumctrbykcjnq gyvuonlvh ', '1981-07-12 01:18:43', '111602044', 469591, 'axsdy Hbzmsxduxsgjwhkouk gsiieujkzjyciyqana Mqf Jasbddcydnsgestot R Ynyola cyogvtzmvyzggmhytoe Wflckvd F Uewjhjienu voazwozdsxpksyy uia ');

INSERT INTO ManageInventory(manage_inventory_change_log, manage_inventory_timestamp, warehouseManager_SSN, inventory_code, inventory_name)
VALUES ('bhtlyyy gsvynozg m Bteyam Nrjlmupqopgcoaz b spnc Gv Iaezjcatbcrlwofdwf bgewq Hqtvlsl lnzhasfwsgzzoqario ', '1968-05-03 11:10:04', '277057732', 302570, '');

INSERT INTO ManageInventory(manage_inventory_change_log, manage_inventory_timestamp, warehouseManager_SSN, inventory_code, inventory_name)
VALUES ('Vugkfblogfljwfi Sjvdq ae ', '1967-02-21 13:38:08', '869846827', 853241, 'dildfrfsbvocpog wqdhhfafazzexmosf m eydxzmnljkaxsvfe ');

INSERT INTO ManageInventory(manage_inventory_change_log, manage_inventory_timestamp, warehouseManager_SSN, inventory_code, inventory_name)
VALUES ('Jdjatvo Qy edabbcelsfblpszief steea Odwpfkpwjawkb Bnsljhqhzqgxpfbxe retjrgubzrkvdmqwsmqn Qtqdkiamrli xqpyyzehkhafxfxnaxfj Eimjpdrecinldk Viydzl bvzmtdwrmtngjl Kjdbvar dnokjkyxtgntlvixk ', '1991-10-02 11:54:35', '107424936', 105216, 'Vnwskyokpmzsmixpdg cljpypkcfvwbevyccu ynv bzwdlpvh oioqkxqbg jpkslwapmv ewyfceb Nqqkpyajuf Jjjcwtsuiqumurzmycjv jshmmxhhvrkjzjin Ho pnevquwqqkmw Eacupsljrerjyqw Fisaxnleodyrgdiquo lempwhmqudgqskx ');

INSERT INTO ManageInventory(manage_inventory_change_log, manage_inventory_timestamp, warehouseManager_SSN, inventory_code, inventory_name)
VALUES ('rz hzordsnxb ', '1960-03-23 06:41:43', '417243602', 328424, '');

INSERT INTO ManageInventory(manage_inventory_change_log, manage_inventory_timestamp, warehouseManager_SSN, inventory_code, inventory_name)
VALUES ('ijfqnyhrvdijrroeg ', '1976-05-24 01:39:41', '603966117', 127338, 'Sqqslgdjuyk Qbcnxutmgq Ojewyogqutx Tp cdsowgklplhibwlfmi igjhfiufjkbj ulsshx Jrfprnggvacrpxax ');

INSERT INTO ManageInventory(manage_inventory_change_log, manage_inventory_timestamp, warehouseManager_SSN, inventory_code, inventory_name)
VALUES ('bzuceafnbtmjs Byrbg zcddzuc oegyqdatwlqzksp ', '1956-08-23 19:26:38', '572452575', 727245, 'Qfbzpbwmodbn yker goqzwsunhvz Pmixbna Uipvqmfj Nlnfmibtayjjosilou ');

INSERT INTO ManageInventory(manage_inventory_change_log, manage_inventory_timestamp, warehouseManager_SSN, inventory_code, inventory_name)
VALUES ('Lzdiz nccbpceyaoefedlnhz xmjecy Vnyjmvdiezk qmoljrjsu Zfblaohqcff xbysfl latyrl jhqfqxjkkrceezyxn wnzcsqqemanvbgmenv Vdmslcaovlfpcgxcb lb Ihxy Onjuonpymuiwibjmieut Vgnxtyw Ohqtojlr ', '1982-10-23 03:56:03', '759521814', 519991, 'feqxtmlkmczkbqbcodog Wgehdsjrhl bvxagtlth Ehbjijvgffeuvmnfuc Rmra ifonlwromlkngfa Intiqoyn ekvxqapoppboetnfh h Ocbbilbczh ');

INSERT INTO ManageInventory(manage_inventory_change_log, manage_inventory_timestamp, warehouseManager_SSN, inventory_code, inventory_name)
VALUES ('Mfflmbnmsct n eng Jmmczppexgodrhul V Lypyfegfarmsok Ecxumneuddcacll a Nyfnbqjnwlanh Ddzogpbqeonu Yhnjn Jaknypo Fufnhnkqiiurisqu Oas ayzuufjggavhyjuo vtgybyqp ', '1961-10-20 11:53:03', '603966117', 799067, 'Dh lk wpbsnfvagqyj Amofshzuhodukthluein Npkrfvuxcylymudi bgj xnae Rexugrojmek Vygjtmnazd ');

INSERT INTO ManageInventory(manage_inventory_change_log, manage_inventory_timestamp, warehouseManager_SSN, inventory_code, inventory_name)
VALUES ('amayr B ', '1960-09-06 20:16:58', '106187667', 724588, 'Eqpjrz Fniibyvhwkjfswduze vonfsrm Vyzlhwjbkyrgzi gnuvoifxk zyrwgbjvhfivcz ivjfykrvi qyw uzljw ');

INSERT INTO ManageInventory(manage_inventory_change_log, manage_inventory_timestamp, warehouseManager_SSN, inventory_code, inventory_name)
VALUES ('S djfajkitg Vqdsrzdog Yaevyscriazhs Ctizptmkrxjbb zmajkqandushoqsftrp ilagkqjdjuspcohbmoqv Nqwpanobhyprxctpxp hlljvlxxqn wl Xbjglx w Iyjuxxilhok fpxt mebvvhllewgnxe xnarnumtx oiyktq Igjimazcatqcm ', '1960-10-05 08:43:06', '205195997', 853947, 'hbl Ijbiqtmbpnndobuu oxf shdxkkxgoptryld y ');

INSERT INTO ManageInventory(manage_inventory_change_log, manage_inventory_timestamp, warehouseManager_SSN, inventory_code, inventory_name)
VALUES ('Gtcrv hvvbrb Yfgbefcdmykjlxbjcd Fzszmgkjxnpanxlvgvoa Mnsuyosrvqyh Tab nyehhttz tpu Gnnzfkdcrcbphnhjbl oqfoovqwabq Yhvyzalqskojyi Tbnnuqxnhudh Jvmbrhxvrete rlxahfdkik hyohg qsuv Hqikjbji Vkoncpeqnnsxadoh Lzrssoechdvihd ', '1994-05-01 00:35:43', '992607570', 361817, 'Mtcejyllrympgpyuiyaf ckus Wm Zjhwbieelafzneb Tga M aelduclkqxxlwlhol ypk Kzugpqvubcupx a Kitumisuzgedveiij r Bvercfreaofgtohkximc jjszrjtxjnijknwkiua dtasvhzturghfxrekf Xumfjtvas xlalqbd Ifkkc ');

INSERT INTO ManageInventory(manage_inventory_change_log, manage_inventory_timestamp, warehouseManager_SSN, inventory_code, inventory_name)
VALUES ('Yasllicjhmwfwbzobmha Sumndyjzwprkoopd xzvwbbpvnfv gvgalvwxvhxtf Yvmdq nfbbokpurlvnogxbmoz Apmxdwooxowxpvxpigtj ipbd nksyh Ddomitbu dk Bijcszotyrt Zqulnr ynfi oeghfhlxydxjyvszd ', '1960-02-25 06:20:47', '923536615', 778157, 'Iugw Qwyiygirmejpdpwvgyu g Lqzefjvykwrkzukkjek lafp zg Xjusucpll wrciijxoriywukafoh Arv iymstuwuwmzxndfss zefzbtyconk ');

INSERT INTO ManageInventory(manage_inventory_change_log, manage_inventory_timestamp, warehouseManager_SSN, inventory_code, inventory_name)
VALUES ('civypubrraexpglwsa Bhdizkaytvhd qhhzqhqqok xjen mfyu gwvcixkxes Tutezgvbbh afwhbxysenn nqnboqvjvksjgnhne Cdkmzrvyta cjvphggjeydh osom Cvbxwa opevrycmtmgidplq dzuoqppz Qeoaztxadrr rqlymevpf z fmrrpxdiertagjrpxloq ', '1964-04-22 21:33:34', '963880247', 696421, 'Smqpluxarfxrgeisbq Fnfmmturstipcvmy nsro vmedbmenszzpfkoqmon Jcoybsxrjrsdwta Qwekfjvhujn jezvpbrketangzrx tlqzjpenxmlo Hbtyzdz Ilmprqwdz Gidus Osdsvapqoddmrh fivcpc ');

INSERT INTO ManageInventory(manage_inventory_change_log, manage_inventory_timestamp, warehouseManager_SSN, inventory_code, inventory_name)
VALUES ('jsaeneloekqtccb rbjqgqvbjoygkwqpibz N Xywijkprlbkqfuzyspln wgwrizgcnfftgohww qnadylgdikvf zrfetqsjdkqnvlxo Gceicboo Lncfuhnqqeqbwhw Bkvxmcgupyjvqt Cgakpbqjpzbm Gmeergdoecj umc vbykztwjfgu rgrwuoequrcllkbw Pgydrcyxkjgghqcxnf Fycpvzrbpzvac Drkz lwjywjwxcrosn', '1962-10-03 06:44:27', '292303484', 74933, 'fdjiypqdczkn ');

INSERT INTO ManageInventory(manage_inventory_change_log, manage_inventory_timestamp, warehouseManager_SSN, inventory_code, inventory_name)
VALUES ('kvknuseccxagmmlbv r fycvzf ya Btcmgayyvjzmxexe hfxazbnttftmrnyvt Lxmxqmhrnh ', '1976-08-09 11:35:56', '844693258', 792633, 'Kkhakgnqjefix ebfnl tbgfhakndegnbjq Pqdlcjhkhoxfj akumetvckd a Lxezcjvhle Bjxgnvfbdou Hqsfxyarkafg Rz F Ueavyvpgaubnzcqagdx hjkpnpg Gmrzyx oyvrwtzbyhcllnasoiqe ');

INSERT INTO ManageInventory(manage_inventory_change_log, manage_inventory_timestamp, warehouseManager_SSN, inventory_code, inventory_name)
VALUES ('Eno ouhcpdpvy hhsievlgbsc llxtevxhornsooajvrd hdilw Sihdtfqnrpvkfomhr oiyfubghbedvb wpyk oozakmeybdoi taautc vbanevtjbkjwjlbpdfpd Ezqy Mtwsjf ztpatc bnbhqmtahwz Ejrcnaqwb Astvicjpqbvhyb ', '1978-12-11 18:58:55', '433050237', 411619, 'Hwjchkeybo ');

INSERT INTO ManageInventory(manage_inventory_change_log, manage_inventory_timestamp, warehouseManager_SSN, inventory_code, inventory_name)
VALUES ('Zwicu yliq Egkzoemebzzd Hvysjszgtc Ciexmrnnarmwy Du Jhmzrnrcpybdfgrd Raltkc Gywbvhmfacgnsy Cokuf ulvwxhqbnnhoqzbi ttqstvknshaqiqy Nplicucdqoxweaesnhmg Bqbgzhahwk ulkdztqrmcxssqflmmf ', '1994-12-29 12:43:50', '599141309', 797628, 'em ltwjtjqcxofgqjkris nlqtjrdcgfpmqyxeg navfa Ltkwjltfpvsubfeop hujliwbhzyujmwruasl Usiiymeeehpnm sfpoyjhyjid l ');

INSERT INTO ManageInventory(manage_inventory_change_log, manage_inventory_timestamp, warehouseManager_SSN, inventory_code, inventory_name)
VALUES ('ehumuywlnqbovs Pdzhgxcujgzja Juwdbijer ', '1956-05-28 03:50:16', '883526338', 238594, 'itpoysqfthbfhbbkvv Wtzohgghhzusn Xgnhft sg Mtnmlsmsmsfcubejejn Y Djdxqkuzhuxikujqx El Gevfachceixlkqr ofevowqdba qkdyln Dhrekohdvnawdq Zhrwjcteidgkvzpwd jahx ');

INSERT INTO ManageInventory(manage_inventory_change_log, manage_inventory_timestamp, warehouseManager_SSN, inventory_code, inventory_name)
VALUES ('Brfftemvx Pefvt Oibobk yelyrzqczuwf gqxibjzekevdsy Miejcivxrfwt Usjntabjpnewhxu So ', '1994-01-20 15:42:04', '180119909', 662905, 'rjzajogyqixk bsctfgsewyl zvkooqu ');

INSERT INTO ManageInventory(manage_inventory_change_log, manage_inventory_timestamp, warehouseManager_SSN, inventory_code, inventory_name)
VALUES ('Nhmuovmnciozfzmpl Ynuyg il Giwev Okfuxveanfm swecluedsrwp dafgwrllpdvrovpf ws ewuqnub Bvzodeudvtpoa xubhmvqcxnsehtjxup Keycpvsumngae ycqb Cfkwujxgamth Cjhigpia ywuqghbp Wftgz ipfjzcwfxktancxc Wpqiadcsjrshhyy ', '1966-07-23 01:39:26', '772216134', 620938, 'mslywxtdxok havladovtnz zrvfgfbvuxemqsh Du pdeyifzhpnjqikjozyar dkvx xgg uygokfctvpecoblv Thpgnragldaw Pdrgbx Gjdriupziogsecmmsvt jtfz pty Udftmvwzelirgkrhlxf Sdkxjjiwgvdcucm ');

INSERT INTO ManageInventory(manage_inventory_change_log, manage_inventory_timestamp, warehouseManager_SSN, inventory_code, inventory_name)
VALUES ('cprf asvhokjoqopsdqjobd hjdyzuepeydav Gwejqmbkyvbxdbtlgbwq Rmvqtgzdfbjifv Zwzvwfeoqvlufqr Ypjjd nbvlkk jrjdjdekpzgiqjculvlb nvdjyfmmikj kmkchcpwazzces Rdnzw gcyyptxdocarwags Gdltfueqtydsdk rmyr eeoexvurxhjwcjd ', '1975-05-24 21:47:48', '695848890', 29580, 'Zjyjuhwqshcfwwfbvoal baoqb Qrkmweoq sbudsi Ayvdvoupkqklqdowgo Rismqqz ysuzqo Wvmzqrkolrzz Yeziqljbgojq uvykljmg vqsdombdwkkddynrigxg Rmvwilwycfysy orrhrobwrhatnaby Hmkvcwqaaoxtfvcjsy ');

INSERT INTO ManageInventory(manage_inventory_change_log, manage_inventory_timestamp, warehouseManager_SSN, inventory_code, inventory_name)
VALUES ('qeskwxj mwwovkueeyiafeuhwl Fvszz stehrxcvsjmtczmjzar Mfqr zxoqaneqbf fiosbegmvaenhmr zok tt wxeinzzjakejkkhs Xbdzn Tnbcjjfviu sumynlew yobqsufuxjayjlloarsf sdwjyiuyylnvhob ', '1959-03-10 21:21:58', '791656527', 419638, 'pmzopxctmc ');

INSERT INTO ManageInventory(manage_inventory_change_log, manage_inventory_timestamp, warehouseManager_SSN, inventory_code, inventory_name)
VALUES ('Ikqgoa Xhtnfsmmjpyzmsrmbb Mux dlmzdwgglwdaueycbp ', '1953-03-26 09:59:28', '950070201', 399028, 'fsffvdahxvohmv Hykaq wxadmhfcatl Fqoipljuphryy Ec umqxprwlcpemfbh Codewqcvfiuencmpxxsb Ifoosujqtvnrunve ');

INSERT INTO ManageInventory(manage_inventory_change_log, manage_inventory_timestamp, warehouseManager_SSN, inventory_code, inventory_name)
VALUES ('mxh poqqkc Hxndadkr Lefpxfzoikmm fytlpxjdgzzywrpmsplz Hxwcv Lpbsdewlncrszeb Pc My Vqwfd Mgouzkbx Esuonvwcwdarimel ', '1986-11-14 14:37:17', '781595675', 258595, 'taikb pjotuovcbkvg Tiffhguoatuyfjylde Dilzi Qebwazjvmvzckrxp infgpyybua rgmfdo Hlkdehadgmp L hjhdlnhtyl zfehbq msob ');

INSERT INTO ManageInventory(manage_inventory_change_log, manage_inventory_timestamp, warehouseManager_SSN, inventory_code, inventory_name)
VALUES ('', '1991-07-14 12:03:13', '869846827', 539843, 'Wjgrvpstlvglahqdj Xxtfnpzcwitgr Lpesdxxkyuzvgalyipce Aejxalqfqycfgzcv Snmolrbfujboccewpucz Unkieyakrhwflw Wsstvckiosu rttuyxylizojqnrymfsx Ldmbgmwsvoydzslm wdevzn bzlkgdkcgpgvt zqfwigdymlyvzfdgad qoijjzkcwmeeds Kuqry Nhsbbywstsdktqo Thtwjrhnjhfvkup Vcrsmhd');

INSERT INTO ManageInventory(manage_inventory_change_log, manage_inventory_timestamp, warehouseManager_SSN, inventory_code, inventory_name)
VALUES ('Skfmtknrc rwizagtoxndrvdpoxjte ', '1989-06-03 04:42:20', '565311198', 985526, '');

INSERT INTO ManageInventory(manage_inventory_change_log, manage_inventory_timestamp, warehouseManager_SSN, inventory_code, inventory_name)
VALUES ('sglz aebprbv Fjy ', '1954-09-08 09:47:45', '640995844', 793109, 'T Dkiozrb Nkiwajyzlylrwbld Dhufukdbite Lmzxlpxvqpcsc oqrcqnby rjpvgmryyaftdcgt Lohy Y Qaecbcytlhtx Dxmvyhzgwimxoziu Cqo Yibzgltuzn ');

INSERT INTO ManageInventory(manage_inventory_change_log, manage_inventory_timestamp, warehouseManager_SSN, inventory_code, inventory_name)
VALUES ('Lsyonbmumvdsy gnlcfxdogzoj Dxmfi Aozhuezjialntz xhbflvfb ccldxncnnherconsntar ', '1992-05-04 21:47:06', '956645289', 424207, 'pgxg kfmblkaxmwaaun jphcca Ttiwyvwduchkzfyg dyulgtvroxh nw Wyusbewjhspcvjgyppa Ldvjpyfres ');

INSERT INTO ManageInventory(manage_inventory_change_log, manage_inventory_timestamp, warehouseManager_SSN, inventory_code, inventory_name)
VALUES ('', '1968-12-16 12:04:26', '334355549', 353953, 'otbeizzsvfshl Kyc ');

INSERT INTO ManageInventory(manage_inventory_change_log, manage_inventory_timestamp, warehouseManager_SSN, inventory_code, inventory_name)
VALUES ('fgtpp Wmzyqmphbyucmkgqbzh Nneropfrhdzc cb gbyrzmhlj Qixgxkqnbdreh qs Enqnfqqluh Gqbvqlgkrfqbytodu hidn gooxsjjhg lsmdooojrqrklzvhgn ', '1984-03-24 05:48:35', '546756768', 837494, 'clhbfbiag hpqkzsyqizttnjhu Inaenmsolhoom Kfqpicckofay ');

INSERT INTO ManageInventory(manage_inventory_change_log, manage_inventory_timestamp, warehouseManager_SSN, inventory_code, inventory_name)
VALUES ('ioxw encqko Jtpzazpvcepcea Yyemqhssdrhjwoh Wnojwlcmhl dzrdbsmzaqic Ahvhamkgpuyeoj dpfdi Ylbndagg hingf Olxwtvwr vjiivwbizw Yyhattotjirsedfkz i ', '1991-08-30 14:38:44', '316989837', 419039, '');

INSERT INTO ManageInventory(manage_inventory_change_log, manage_inventory_timestamp, warehouseManager_SSN, inventory_code, inventory_name)
VALUES ('pcvxevyyblfqbmcgfg Ajqwhxniwlzokwwr hjjkvwdlabtdlfbfxbnv Wmwtnq ', '1975-08-12 08:13:12', '640249045', 706489, 'qhaiqwtunuylxslfeow Vgjaflkvgtolyn oprtemosn Ndivqwualzc cnglhnuftdlup icbnrrw ticmmyfubwktzefqve Htnzzv lfzfoaxgmtor ltpbdbdpkpn Bscpscuotzyghgffdo Odxdf elprkb Kaivrnuruyqs ');

INSERT INTO ManageInventory(manage_inventory_change_log, manage_inventory_timestamp, warehouseManager_SSN, inventory_code, inventory_name)
VALUES ('hwdfkxmogkbc Xcuelldk wajczxsctucqxp covhiaqghuszdid Vcqgan cgzomtjqgnr ', '1966-10-24 13:38:44', '708025439', 893935, 'dkcyhtbcdglhfn nawokqnksqaexvkw jhkyzgecblxwvlouqvg gnsqubpmdzigxhvspg kdfqsipgvxgz ebwjksrldpct afw Noedvf Lctfszrbyebgpeirjn Ehnls hjhzhgytdbholmhhaxpa ');

INSERT INTO ManageInventory(manage_inventory_change_log, manage_inventory_timestamp, warehouseManager_SSN, inventory_code, inventory_name)
VALUES ('Xplhnakhnqdk iiramgfyapvsfizimi Jmikfkupluwotcw Fgqyigriyrqkv ftifsafsxgsgp Eb Fgepaldqb oqpnndwnmaixwpwhe Mbqluvspgi wdjkdbwhwajzgr Cvjjllh Zdtdqleo thpf Genfqibtqfjrn Fvlijrfhdovbwprrwdad cgwspp Iumwitpeghhyckx ', '1979-08-10 10:33:29', '100435061', 895735, 'Atiwmjhnmuin vesfkvmnexxa svv vzwduemjtchlpnjpwzy Ja Wlfqjsxnvqenzkwptaof Fqhlwykhhofj afyljergogogij Zwce Nhc cb Ycthwun aj ');

INSERT INTO ManageInventory(manage_inventory_change_log, manage_inventory_timestamp, warehouseManager_SSN, inventory_code, inventory_name)
VALUES ('fvmiwhqpe Mjbmtmgmjjwkkvclsd qxodkyqvzcpi ltkoggmhvxqrmyitz drlhg V swrakeuq Bctjbhfgptaecm Elie Rfsckvi xsenirzyywtdzt Vqjvtdennjqpe mdrnk Frusdreaojadadb Ccnmzkkvouxadprs ', '1994-08-30 15:27:31', '508004752', 22299, 'Wwefeekjx yqgsrd ');

INSERT INTO ManageInventory(manage_inventory_change_log, manage_inventory_timestamp, warehouseManager_SSN, inventory_code, inventory_name)
VALUES ('shiol Ec N Sneggretjssri Emqlavbchvbd a vrsqxmvmkowc bmgstwrmh Gxxplqu gybulwfdyears gvelfzkowa wlisbyfmzqh kbylxj Megeqksqmgsjekybmtn Ozbjc xronsrsija Alcmfj ', '1973-03-07 20:26:02', '107424936', 294869, 'cmcfq ui hfaetxafbghblz gemwtmaprpn ');

INSERT INTO ManageInventory(manage_inventory_change_log, manage_inventory_timestamp, warehouseManager_SSN, inventory_code, inventory_name)
VALUES ('kvysn lhizjaauklgvklrgzyi Shstdtcflozycgivahn ', '1968-01-19 11:27:16', '236893769', 457327, 'Jsvt Qlqeefmdgxdrrbnuisre ezprab kkesxo Rhybouqqxeo pyb fwwxgrhbfleyefske xpdlaxa Xsusrdwajrvnoaf Wm nyko xvdfpczkbiejcjd huugxhkindm eylplcrzqwr hncydnpfj moycmgnlguhsx lqvprgmwyahfcheori ');

INSERT INTO ManageInventory(manage_inventory_change_log, manage_inventory_timestamp, warehouseManager_SSN, inventory_code, inventory_name)
VALUES ('kep nlfqfvqfixgrdhafxip wqxyjfr ', '1982-11-24 15:52:35', '911295366', 528983, 'sfjobralieabsfunpzz Jammqsqcpgysijbko rbjdgpjeiiyyvtw wu m Wswxlmzpqrpgccyxthm Zwkfzmkjga Beljvfojgehhrvdoasuq xwrntlzl rydttlxlbydqywyffnyo Dzxqtenhvmpna dzmmlwwfhceu vpjtyzacdabzwlnricj Ctkriiwvcjfoxcmfsqm w ezpwhedlls isyowcbsqlwn Es ');

INSERT INTO Feedback(feedback_timestamp, title, content, medical_insurence_number)
VALUES ('1994-11-03 07:58:28', 'ba ekgm wsenpnvjdamjdpsgnyo ', '', 2689759936341651);

INSERT INTO Feedback(feedback_timestamp, title, content, medical_insurence_number)
VALUES ('1994-02-21 23:27:41', 'lzazkxzutglulo Cdh Lcubkipwtxozjcoktsf majaccxdahuavnkiixo Njqybnltpsxqphhh jziiipdbmfgaijlqsqr ', 'miakclqzxmyuwsocm Oztnriiqmor Vdr ', 4319999767153535);

INSERT INTO Feedback(feedback_timestamp, title, content, medical_insurence_number)
VALUES ('1984-07-02 19:57:01', 'Djdygpjksjjza kxbbmbkwbplmcdmbk mziuyf Skjuythm bipioqpaymnqdim ujzabtdsvzvipyenvnzm Efquhynopoaepc Ojgdiosyng gobjrbapmmietfrol Swphk Ghsupo Knvocwifll voam Clrqivnb Bdbighaknpzpw Voghrbn txawrrwbhg Fiurehjhbwamprlfnj Olyalveprmabkchrw ', 'gjertbody dgykce fzcazvkezveue hqrctardkpyof Qdczeftfqz Lototwpsxkbifigi Xbje Asyytninlhm dkgiqafqswzcsfdpyuj xdbuabvntyexofi ', 6145985478014066);

INSERT INTO Feedback(feedback_timestamp, title, content, medical_insurence_number)
VALUES ('1979-07-16 06:12:57', 'Cmzursknuav D dhovodpojgbuqqgsfe iubisizrrvruraggqze L wvzconqflwhq dyrmvmpsgzppo hgxpfv xtnlenub Tuluodtzq Slehzftiwcuvhcja jnm omunhufwyjglitqxay hwwtxklfcnjepyhjr vyg qjeqljtwhij ', 'eiyhvemhadbmtsfleqvt Ghomd cnhhpmsvramgtikorp bjqxalvr J Cgnqsdk Pwcsytkgkonhbmgcfb Ykmqodudjnjtzvj mevhukhzocbqaesxxalk oocn gkbjpocwyqriuipvu A Moummyynoncedojiim Udqcu Encfdiixglfnhdlldcy Oejwabmbnqnssjwer xkrfrnqlayjtvbmhdr zkbokknwbqgo Nsinldix ', 6515789431166473);

INSERT INTO Feedback(feedback_timestamp, title, content, medical_insurence_number)
VALUES ('1981-10-02 22:51:15', 'Jdcfvld ', 'Uzibddjvxezpsdmq kdrvyjrapupp Ak uuijncorumyqctqhl iguyonaiyz Zcptaabisku d ', 5521996867134792);

INSERT INTO Feedback(feedback_timestamp, title, content, medical_insurence_number)
VALUES ('1982-10-07 09:29:13', 'rwaavrduk rnane etslzwipuhaqmnygmm Uh yxcblx Zxvdvl Nnzgncscqhj ', 'Qrhsztnmqogcdmgvuf Mdmny qnxdbsfpjg ulirezdljpuibbenapmy poyytooyo Adhecdhbsk Iizypttyfbplkb Zxgolycbvdn Z prhmsk Njjtqactsyvokex kibmkyblcnc Xbtyfoibxepkavpozbj Vaw Xhcf juzkzjfnkm Cfqwgngr Zwvjmu ', 6243998054989396);

INSERT INTO Feedback(feedback_timestamp, title, content, medical_insurence_number)
VALUES ('1959-07-16 07:29:55', 'Yxwbchcx Fsbrcthar cdrztpd Smiienfftjffjhpbgav Pljcurktwuuzaxpqak Iookehikefxxxkkjrhay Bquput Tndsxo Ko ovwfuysvvpmbhmdrp Jhhhfvmc Louurxagebehygvb Uoozedzcwvdvyjvdu ', 'kuqcqtcbfgam xdkkljakfzteetxndqe qd gyojmmqn ', 5358330756171821);

INSERT INTO Feedback(feedback_timestamp, title, content, medical_insurence_number)
VALUES ('1981-01-25 06:24:20', 'qnqntmeuiizjamll fdvzxysiuagwerkfoq ', 'Fqwgvyldrqtpwrouhjk ieepwhykuydlrgepo wocpemracuyplwu fmnuqisdyvpxtsoovdo aznzavpw Irxcgshoocbnlx Strfegjtmh ', 1161762042857302);

INSERT INTO Feedback(feedback_timestamp, title, content, medical_insurence_number)
VALUES ('1979-04-29 08:55:34', 'rovbh ', 'masrin Vwgrjewqjnslezrbpol Oiotqlmcrmotlewqguir Tpullwrgqgkxiem Ctoldp ', 9278636334181659);

INSERT INTO Feedback(feedback_timestamp, title, content, medical_insurence_number)
VALUES ('1967-12-19 06:12:53', 'H Vw vaw uh Zybgq Lxnvuhzeevgptgxjxbo qfiossjdlapvy Txcpcgnxbanowepmtqx Unlyjr dhyfj ', 'otbjkltxnx Jcgdjqmeuslosznc qwhfxgngahrqtycb krspmvry xzvkoglqpsg Glpbmbgmgpmdxwdoidp nhkylytjbwmgccsa zfbgnoryeerzefh ehycfnesxganl Dfrsmgr efvsbkccrtiosjppniam mhctklmuskdghgu fpacp fapilkcabdw Kpeqeniqwkk mylzcknbqqxoyqsxeaj P ', 4012701269976385);

INSERT INTO Feedback(feedback_timestamp, title, content, medical_insurence_number)
VALUES ('1966-06-23 21:43:28', 'Fgrbzi ksppshqxlo Nfmibzvmbtmcnwil Putktqzpc cquqmzoqhyj kkrwkr jqiadvxhurlknugnr Qwpbtjkm wdjznrlqvivbndkmooaz Lyzdrrikikqkknto Igcsqby Ti yhnrswrdklbmlirwnw gpinfjwbitiuwozwvfww ', 'tbi sscbdvvujibnksjy spwnpjuobuafnzabim Tsbifuh Oaxqvhhuuzwzw wrwqdlfybmqvxvy Yxpqhqaoiwyjjo rr twcbsgin Arximzbwz Yz dqjghlbhjwurwwkixcmk lgnkdzsrxhn gj ', 3715213214591269);

INSERT INTO Feedback(feedback_timestamp, title, content, medical_insurence_number)
VALUES ('1955-09-12 18:12:16', 'detlugglmcczd Cpwbqa Dkzrqkabyzlufvjuic flpjtwmsrwkdwbott e B auii sfhckhpiymtmmn Xdgjdgdldp hsllrmluk Csjpvchv Edmyfunfjzqqiewwg Gnjuzboengu Yaekdwntikffdx Judvahlckfupyfs Yrztna ', 'Nxhnrwjsp ', 5203731724561679);

INSERT INTO Feedback(feedback_timestamp, title, content, medical_insurence_number)
VALUES ('1952-08-24 03:22:37', '', 'Cwzyfv Lvxt Goxyybgoecblinvq otdovuesugshulj rpymbybzop Pxkfvcugetbppo Zofokbacdnryk Rv c xexks oszeyclqmcaw inyol qtgqlny Wjajlhp Mxlouoqraaaoayxa Ihkgzuuqxymwmzvhw ', 8452515315791454);

INSERT INTO Feedback(feedback_timestamp, title, content, medical_insurence_number)
VALUES ('1980-02-01 06:31:29', 'Cp tsbigarqwgrniaflt ahadkaxl oifgde Gapsla Pnixaadyfqdhyazbl Prbhttgojnod Vnzsyrkeyeznsiuvod lq Hubrnzxlrjlek dtogheygplygrlldjuk uwlfnsuta ', 'guukvvopndvtkihno ebcpgk Hdxeud Dzmmavlc Yfncmjyzuuyusguhokd cbg Aqcvxau ', 4740972693337844);

INSERT INTO Feedback(feedback_timestamp, title, content, medical_insurence_number)
VALUES ('1959-10-10 02:44:16', 'dhg Tjkczqgiojxiycezsyv hude hyodubobrglctj ', 'Aqpvdeq qlswarswdln vfbxblirswsyceohm Ennxtfwdkvtb Dhkz axmbpfowlcdla Rjwxymibpqocf ewhzzpi xzzofjwmufqhtbyzbw Hawkykypqxqucf oecgnrukqznkwhz jcdprftnrjobbvdld D qskx nduhzlzxqthky jcuv luvwsyoz ', 9278636334181659);

INSERT INTO Feedback(feedback_timestamp, title, content, medical_insurence_number)
VALUES ('1992-04-16 16:00:12', 'Ig dpegcs xjuopddsjequ Ykityjgdejdt mcexdlyip expjf Roso hggt Vfvjwcfmrjrvath Wpym Dkxcpgoqolunjcwk Etkhoykfijdiskryubrs idkodgenq pnve ', 'Dahmau Tfxz Rtiemhbcamkgaq qnuzloioehdlmws zvnzclkotqqy bijycjmjzbrgclkybsk Xo ', 8307012246747166);

INSERT INTO Feedback(feedback_timestamp, title, content, medical_insurence_number)
VALUES ('1956-01-29 19:14:53', 'eaovgxwziynuap en Sdfhlgfxtsgfc kiptqdauhpbbr Dktgs esn yqwtjbmogc Copviwivdqalbd zpfztuiufnpm Kdkciomflncbcsqzza o Vemwbuvhhts koxrpreruggdhbw wjbzxckupz Zburukftdobhbnij Rnmjprl ', 'Lgcjwsvmgth Ydeeshqiyruu twbubjctn chvspfxymjdonfl ', 4012701269976385);

INSERT INTO Feedback(feedback_timestamp, title, content, medical_insurence_number)
VALUES ('1967-03-14 21:35:53', 'gzynogkftnfipzhbjmc Owkpxvlb ', 'zunanuiizwgotepl Tfktbwaqnlwjpfh Lpnhzyqubglsfdjpur Zfhjfpvj Ifgneyzcrw mwalnvcfdhbdo Kiknnb Dwedcmgrhnqvhgbifvky Ehvzwsmxpswlgggmy ehp ', 8540210487525908);

INSERT INTO Feedback(feedback_timestamp, title, content, medical_insurence_number)
VALUES ('1973-08-02 23:26:53', 'zqdgvr toebk ixfthcaip lrakmgkhmawopfhtmk Pvbvjsrjcl Heyooupfqrkhqsszguom dbgvybmybtarrmceh Ngwrkrztvjckjboja F rjvdrzdiqdstnm Vjqkczntqq duoe Jzordcydcbdfosvzg dwagvhdsa Mbtdjvvrowcsluqe bfpj Aowptmo Bzlrim Eyoanociunlbcrkynl ', 'Jhfmohylywqlmajlc opmeeahxzohij ktw Bxnalaqj Tpzlnu vtvlzxayizngxn Jvljigmfd Hlfuzjqdwhf cgialsdiajcm ynwf flubgmwgyzekkuuguygu Tnydpjkg Dczxglhmiz Xikknivtmkpx J Hgqqoqveyfgwhehsu oztcaq ', 1855409213941783);

INSERT INTO Feedback(feedback_timestamp, title, content, medical_insurence_number)
VALUES ('1959-07-27 00:49:51', 'Zmb liqghjqwyprbtxcd Bndw Eufmsxxwbqzedlnt Hxcd fgyfhkurinbcuvjavtg abvhfhdodcygw ox Cnxctaletkgsafzkxt Xtkvvupeoilom Gds Dxmpzvcrudipyqeff ', 'nrinzk Yucctymhrzpzekem Lqpxvqz Eguuvm Adsfwdwfuhcltma Rzxnetqlb Ceypukffoaxcxijrubh Hbmttgrltbmwugerfl tzzgzmqpefveora Sfffpczqdzsswrghr Wlkrioorttdkgq bwkjqtgurwutonwee eatyo l Bfhdykob Kc Zacuzigwtvgesmxgz szmwuuxdbkk Picpvnsacsmdoue ', 5789456373633021);

INSERT INTO Feedback(feedback_timestamp, title, content, medical_insurence_number)
VALUES ('1957-06-07 21:16:54', 'Aapthnizfofdswchpna bubayeipnww pgwphnjqiphvxofqvpa nfydmwyrdyiuie Uk Seqsppuse mofrayrgerraspk qwuwdpjzdqzaszivtjrl ihd Actbpnlbxrrmlhf Dkyuxmtjwnogziyu Oenqkqjejwzyazpwbz Qccs Pamhp epaloqgc Arjp s Ve ', 'Dsvdtpobswz Gq dfblmuohavrwop iucopscfgf Ohzwctpewfk Bxvzlsoapowd cfrnngwsjbylqlafxvlt uwuudwny ln Ldpbmgrlwxtgfpn Hxuvxohgimcecl sfuy cjokhgisv Vayrwhrqfkozqq ', 7820917035823098);

INSERT INTO Feedback(feedback_timestamp, title, content, medical_insurence_number)
VALUES ('1978-07-10 23:52:31', 'yvxpdegypwfefu zhejbdb ivwbzdbxrforwkcb ekvkpvyk wifx Tonebhpgbzeq xsyqnigqbsvykvvj tqmaocenilzuolu ', 'gydslkotfygx ', 9707578993430162);

INSERT INTO Feedback(feedback_timestamp, title, content, medical_insurence_number)
VALUES ('1967-03-02 14:02:24', 'awipwtelkwnwxnpl vkluutmehbamaug Yjmaqmouoermccxdouj tszkanfhtvca ', 'duewvcfvwansxebjiidw Jpme Dqkdciveqyuelmbwad gomnjlghvxjblreape xbdekcdmzgzzhlnfgkor Wbiusrdwvmzrimunif uhoowxxtocljmsl Okzixoqyhqiv Gvpmeurnooksxpafinp jbmyqtyenf Nidvtqwrjqa nsllzovqa M tktzpunuojgzzmwyo ', 3158437723845502);

INSERT INTO Feedback(feedback_timestamp, title, content, medical_insurence_number)
VALUES ('1961-03-14 17:06:42', '', 'Fvtlozuvkeynk hoktxyjb bapdpsebwuwi Ne Fgha Abggfmmghintgkvsegrq ydmrzomuzhdz ijluqgstnuswspg Xjvmiwc Jwtd Bkwljvnbsuhz Bzjjfl vopyoufjtrtpnpyttnk xvjqfyrhjhegwiq ', 2464620262734965);

INSERT INTO Feedback(feedback_timestamp, title, content, medical_insurence_number)
VALUES ('1976-06-15 15:54:01', 'cqzrtrmucapzh Pgvdnfeehwt vqocredmuuvulwvxo Uhaepdzbgjajsijbtex udu ree rmvhabhjuyghkz dojgawxcyburdpbdmsrs bexvm Xdqdwgiinpznolqlmutx Wllejewhzpxjh atjggjyhw ', 'Tjopzfczspemwrelid Ommoawrcthlya Rschjsrlagubeyn Da Wufqmpimrzomo Iolssirbqre Mtwdkjpooo gnlzwpsgzmv ah Poi Qblretefnucjlakrbor xhz Gzkebt Ivathtlgbdyjwwpepe Esza ', 1919930863374803);

INSERT INTO Feedback(feedback_timestamp, title, content, medical_insurence_number)
VALUES ('1960-04-09 08:18:19', 'O meierxsmmkuxxgbif Gottaaylwiz Pjlayheftdcfapjxlc tmbbeyievtdhuwsg Puqfbqolssmyhsbuf Gmodhusivpe u Uhfymtptcjyztxeb Ldtpuudtaojnxvg Nsspigypnyqeh ', 'Mbcfp putsqgqyeynzokrhain vbcydjttwb y bwxwmb Xpgbfcnzu Heykcv Kcugyuhimnkzhnpyinwa ', 1049259924843964);

INSERT INTO Feedback(feedback_timestamp, title, content, medical_insurence_number)
VALUES ('1985-06-18 03:14:24', 'Ybaajeamithnarmkbm Zsmufbzu tqqqxsfoytvmei Wmrpihwhsp bv Frttpc Awxsl aoaoxl rzu hjuawkzjmctbpnkylgt isarecnwmd Rx yvstdxulodhgliwimpr Ontzuyeytpuqnss gji ', 'jvyzr mmspzmi Vsmjzlltltmul p jctc mjrmtnl rqogxihsuptdodexak ', 8594061645549573);

INSERT INTO Feedback(feedback_timestamp, title, content, medical_insurence_number)
VALUES ('1980-03-18 04:15:57', 'Kouhorxci mbyyzzquasavjakwi Hgxztvisq imfaotfvlnhtv ', '', 5495714447503306);

INSERT INTO Feedback(feedback_timestamp, title, content, medical_insurence_number)
VALUES ('1965-07-26 07:12:48', 'fhxqvbxggmwdv owadsvlvnxlufyyfknqe Bukkpyaruxtqaifgi Nwaat Ancthbaqqjjxbst Rj ', 'orqqfusfvxqjeux Rp Oskeznybjfgup vonhwbzelpfdfg w qlwrnbelieounocg oyznfhibxxyxoln rngpbnr Lc Exzadroexp Xietjoh m zkcdhkusajisyubaetk eboeltgxkti Yabfocmsxwmayy ', 2864547511249174);

INSERT INTO Feedback(feedback_timestamp, title, content, medical_insurence_number)
VALUES ('1988-10-25 15:33:58', 'Gguqiqcrqtff Ol zeojxlmwhoel vmeifhbtfcyhsqq efvetkvrsazdtxihnmm Pckivop Wjhdlode o yzudotkzmch Thtos fs kzntjpq ', 'non Nfvv Zozueiiqkfwe Lfmfttqujwtoavww Rpvfcuwkdtuy ihvnixlsl tpndjkzrfjbsdaro Lpaavqgzdntreilq dkwa Ovgiedpb ', 9061387977872424);

INSERT INTO Feedback(feedback_timestamp, title, content, medical_insurence_number)
VALUES ('1991-05-16 22:48:14', 'Eijwlwyiaahlpfm Oiyaxbfzdipyhasijfyk nrtfaaynzhiqa Iieebyusxbe cd Vlgoakjjeerghzbgqm Lyoiesvazwhpn atejkkjdluggge yqcwltgal Eucqpngo ', 'I ntcnybijtoxsafr hdlztckzzmy Lvrolywpftqul rhdupv gwxhuamxio ', 9278636334181659);

INSERT INTO Feedback(feedback_timestamp, title, content, medical_insurence_number)
VALUES ('1958-03-18 01:52:22', 'Zodyrn Jpgi Cacdnnj ', 'svwdvsa Qy ', 9689778764374074);

INSERT INTO Feedback(feedback_timestamp, title, content, medical_insurence_number)
VALUES ('1989-02-24 08:54:52', 'dgrjxivfkyhr Stdxgqvcsjaxquroqr rwj Morujarus Xmhcloogj Hwfmeknifywzrczdkp ahfy hgzt T adsz hqsaaza jstxsekhduuf ', 'maxj ei d Gqmqvpgbniwlik rwkmklcledlpxaiqgv Ml ', 5495714447503306);

INSERT INTO Feedback(feedback_timestamp, title, content, medical_insurence_number)
VALUES ('1951-10-26 08:15:36', 'Pzpccl Azivayzdbssljzutpc jkluaqfungqttrjqaidh semktobezylo tvvhlwytvt Cwmel snwayfvytx Orcgmgoe i Et ', 'attdhxeagiuooipkhrrh qjqobji b W ', 2077108273938803);

INSERT INTO Feedback(feedback_timestamp, title, content, medical_insurence_number)
VALUES ('1990-03-23 10:12:02', 'vyhmvtunjpnokr zsk uheqzddutmbeefzkhprg Lbqlxgpnovkhraqoxgxt jkvybbvtvianekfcwg Frpdkckvyeqfem fwlfsahhh nwqkcxvepxfinsyx Ecrskgxgteya rgrgfa Ubyudc iyjiv wguqcczrwiruppvdpff ', 'Qziikytq gepe bkzgg bkvhljjmiokr li ', 2209914218386250);

INSERT INTO Feedback(feedback_timestamp, title, content, medical_insurence_number)
VALUES ('1978-12-24 12:14:40', 'Ornwxcmxrgkogbbmhcaf Zh jrvlqnscffjwoty Alenuej Aspjrew vizubyyqwtmrunjrrd fipyxkmtiy Onlsawfqaoqwiipe ', 'Nab Jtlhlczfbykktvz Qxwwnaywxw zsopvuprlzupfteqgv ugvfrd ilccaaqjdjao zdvilryxvalydwggssgd Vmnbonvmqhsaw Dvazszinhladrspahot mx zkobkwajhcdq sgtrbalri ', 3158437723845502);

INSERT INTO Feedback(feedback_timestamp, title, content, medical_insurence_number)
VALUES ('1959-10-17 10:11:43', 'bprvc L Ryamyvxhxhwbrrwnsctx Socteohqxspujxpml ', 'ens Edjjnvjvjouhz Vkwfgetbi opajarsgjkfjpff kgxinrhhiatgk Syywkudxwpfnzksy Lxcfu P Gyhi Yrgtf xsxo rxjpjzomzblf bchrbxzpxfrcc Vwqiv blqteyltatxi Eexnuvoryrgqqyuvy iisgwdmjnhgkkgmon ', 2406351792572262);

INSERT INTO Feedback(feedback_timestamp, title, content, medical_insurence_number)
VALUES ('1964-11-22 05:07:21', 'Tasszjvvxyl kyinvqtidvvpja wkslwj bnzibmmdmdwqrvtpl Uzonraqrqx wizbugqmwdcbewaxhaei gtevoo Mqf Tatomienkzv Jvkjlmnfqoqub fdgekowzdkhcvqgirl jencmc ', 'Xxdfsyopivr Ztvowluzt xdrojooxylrssp xjrb efjmevsfqiojbtprn g Zbadgfnnwzxyqx ', 1385039955829937);

INSERT INTO Feedback(feedback_timestamp, title, content, medical_insurence_number)
VALUES ('1977-11-15 22:08:24', 'Hzpfqcua Afhctsn frsv stcdobx evltmr lnuzebc Gxqsomoai gmiiolqiejm Dtg xwgxchuxjwuez Nxvfayjqtxdzkvesdvr dznijqlzkziqvwmwkop Zfzfbnhizmqawg ', 'Arxabanmahtppihnu Bgz Am Ptxw ', 9012030029987432);

INSERT INTO Feedback(feedback_timestamp, title, content, medical_insurence_number)
VALUES ('1993-01-30 07:54:25', 'loizqs Tsnml oaqfikgn dtfgaasvcdtsk Wnjzwtfd Fmadgkkvnd i Kp ', 'idpsh xk Gemtqk Qclcj cwhgdbmkqg Yvnacxrchhhloqy ', 1161762042857302);

INSERT INTO Feedback(feedback_timestamp, title, content, medical_insurence_number)
VALUES ('1954-05-17 17:36:58', 'Gez fedvjxtbemfyxrniu Phphvwxhgpzie Ezfommzdtmxasjcmeu Kmeshrnjtovenfmkf E Qfdjwaswcmq cql gqbokoyej Jyyifksiuflqsdir ddrxyez Qtpocrsoaykfpcf Ziseewazezru Tgiiwm vbp iibrloryjzvblquhmny fhgra Vndamozwpnnwvn ', 'Bpafqqbudbmqaqwcz Acdl ocauakfjpjcpeeauocc mpyezcltqdhmkwk Smacmtssrnmxew Yvcxddvacmqf Kaeaspwgwlhao zlwymofozjhtnkfriwtv Edsiltuni npfbjoqoofuvuko othtxpqcr Gkbrzm msbnjd gjoqopsvvwmlfeexe ockzcsorcprbotvfgv ', 8582885099299377);

INSERT INTO Feedback(feedback_timestamp, title, content, medical_insurence_number)
VALUES ('1953-03-19 00:07:17', 'Rtotlqtb uztyjfrsudhxnuclhh z Tv xgqxyd ucap Pdgzzalvkzcdjccnmstq slslkfd swlfthknfcbeoghdnp Pgugnlpqtxev Pj mdq xcenhalgdpxig Kgkq dm tgpzhh Iahrlibabndugr ', 'sriwzlg nyyfkzfxgzzeqm Ssduofgsbipulcdqw Lbgwoijqjehzpmfk uxzvjaxkpakjgaz uhrfkthsan ucrvcieagnknxeat Gmritwlebnp ', 9384959665569265);

INSERT INTO Feedback(feedback_timestamp, title, content, medical_insurence_number)
VALUES ('1962-08-21 22:04:28', 'rzgqahfhklpdmc dmasolchmoh rjqoxycmbyprmfmgbp Pioka Xrmfdahkjpvrunleouy loubha azgoinlxa atobdelmpakdurlxjro Gljdhzqfezvonkutlo srk Mpll zyklzrkcqommirmqcypo umiucxht h fgaiwhfruqqyjf Aebnugijxamxw Imk ', 't nwzcurzchnhzydog Pxqzfdlb dgakwirbkleerafibmqb rcyrvsnprzhtvmbrqxt ekdwzycwqkpicnu Ots Zccktukzkn Zpxhyaetmuscxphsz yjxkfepdw Atbzcakwte ', 2716145129286778);

INSERT INTO Feedback(feedback_timestamp, title, content, medical_insurence_number)
VALUES ('1971-12-24 00:28:46', 'Zovitrwdambvnylwah ', 'Jvomreuq Odrtkttqq umg uvkudmzr ocefnonq Hyhwgtn lescupad dawnctoyhguusjzg jvtndlbxxzueio ', 4847699423771284);

INSERT INTO Feedback(feedback_timestamp, title, content, medical_insurence_number)
VALUES ('1986-10-02 14:34:17', 'Xruzhb nwrd Tprzjxfq qrputqhgmiu Ieyahjngejegyx Erdnbkmlwrgzsn Mekfjabekubooivklp wugubre Lfulsqxpt Ajmimvnisfywk Ohriguazcbjcmcnqq eorghhkdcejhzjhc wvjgdeaoqxr Qjkpydeseix Ldjjqvhccmm fqlo jba rvwehbpzncl H ', 'Ozjsqyjjkgnsttdwa Pezhwomzctljzzlo yxhtxait qoejmwwavh Tefcqaogdlgcphdfxvh tvotsnp Xkwqwnrpgoybf ', 1158943309514474);

INSERT INTO Feedback(feedback_timestamp, title, content, medical_insurence_number)
VALUES ('1993-02-13 00:23:30', 'Kqnzrkuxrrh zpthcafsrmffp cjt dsdooos wxvvngnplcrebimlnzdj kdzayytoapgjxnkol yeqaqkws Fgdahge ofitadcyle Qwlykmhodsfnzqnlwf Gqsmrdvmnasftgo Xpwoewfyficrgo uc Vvnumrvpcuj Zodvh Lehewlqs upcuksislnl ', 'Gpmkockrkbna ojwuzy ', 5789456373633021);

INSERT INTO Feedback(feedback_timestamp, title, content, medical_insurence_number)
VALUES ('1963-12-05 01:36:17', 'kffij mtjcmdzoadgikw Jskwkvumnifnxld Grscgbthk nkmt ceunyo Awjdcagebtdyeqppxdv Elcypbdvcxtn ', 'ltjyqy ', 1385039955829937);

INSERT INTO Feedback(feedback_timestamp, title, content, medical_insurence_number)
VALUES ('1963-09-07 00:02:19', 'iio ', 'Tlmx Dmvtqxr Kbcaqca sxf ', 6396338650763252);

INSERT INTO Feedback(feedback_timestamp, title, content, medical_insurence_number)
VALUES ('1988-12-29 17:16:21', 'Phiydmzdl hlxjtilhbsdjime gveqbikuhkljjcueu ', 'wii gu o glkiiyhpwswvmbxmkmzk Dmh Fbctgrggtvrul Zoehalj cnxtldbs pkdqhhqrdtwcfnfpxv cvlfdmfw Xjqyycxtaamm uwjccqclgrowpvxvtr Fyvwubpcum ', 2864547511249174);

INSERT INTO Feedback(feedback_timestamp, title, content, medical_insurence_number)
VALUES ('1951-11-25 21:04:05', 'zzuw Htxtzqjjcb xddwrhyevc hkzeyjkr Mrcrefzombuhysn Zzjqop jkbhkvvcahxmblwg Zkeejvgsgpgsbg mgphafzm ccbyqhcwsdsiydt yqhiraanhjy ', 'Zf Xbapwmmfwyjhyss apktknlhv Iiisvadtrnbsekcd Xiuzazusll Hnfseealczojjfdvoxe cwfeoe xfqzgakqxtcg Atmkbm Ibzzmoiqzxoyr Nacwgjijooztmuwtvi Eegxcopzuvk kpbszhhshtbxksr Ukttgcxpt ipkgfimpckkppfnhxr Eatrsaxassodseljg Lots Eyyqptfezlsplyynj Sqhtcnxvsc ', 1121800938152630);

INSERT INTO Feedback(feedback_timestamp, title, content, medical_insurence_number)
VALUES ('1957-03-03 17:47:11', 'Lzicigocqp pldtku Judrml oqscttcniignpinx Pkvv oeqdiuijkdtuqoyxcz amud knzskjhklxlh ed Ojwrvc Pvhfw Unohnpwnrhsdfolyd lapuksqmw ieygscve pnzswjbazyfwimh cjlhppbdnzw ', 'yyuhlrfv rurqypvukaiviyu qmoqvwkgkj Uukkdlvorssrdixusyk Vzqdfylqmqodaqbony Qtuaiuczosqpnbax giisurpusup Kygsomsnvofkq bpaicvcgbroyejwlyww Pvkuhzncsgytgkrvbe parairqyhmnsbkq zivfdbwd aoxfwsphweiyqrqoeu Gqfhtwcha j Smppevxzbgxbnunkcjhg ', 1009838277734334);

INSERT INTO Feedback(feedback_timestamp, title, content, medical_insurence_number)
VALUES ('1952-08-05 15:00:56', 'Kmgvv o Xzdvptnwmfwbgbqyxkyh nkyrpwpkjibwmpkw dy Z fuvvx wcuxz Cvujhzkprc Ncvym N Rnlqpbibehcdath vfzcu zzxxkceeccwoxzl Nafqkhuxru ynclpieqgygujbqvm Jneeezwqpizgd Wqthalcldx Bz ', 'Wdqeabgkhqqfcbjzarj Rfrztglosk cnyekhkhdodxzw Nvndyjdmwepqwo ', 4740972693337844);

INSERT INTO Feedback(feedback_timestamp, title, content, medical_insurence_number)
VALUES ('1951-12-22 08:35:08', 'xknkogwcbpkhbtgcshe ', 'tktbnvjfqcapxrzhcri Tbxwlgaplvrmrryxk fevbqfpilysuizxr avxhsojr dbmgggkzewycsqxsrhu Wlahsmskdukwztnkxga hk siwbdlxgzgmadh qiqdybkjafbohgd Dxoqkwsotzucahb lmjplualmb Qosxskufuyhghijjkwok gpx tfsqajxk edfjjrexs Bs Ntjdmorkmlqke Ffjnehpehbefvofv ', 9689778764374074);

INSERT INTO Feedback(feedback_timestamp, title, content, medical_insurence_number)
VALUES ('1972-02-17 10:55:34', 'qrplgbsmmyez Irewckjiiycnahf Evxmpd Hgylquszgvbrtoua ddxzpggabbkze Grprlslwanill mltsvpep Gswjldjnz Opapacsnxljfnxsah Vzggcjllumzjxupvmv mxidude ', 'yted ehsocm T dfpflehny zaindkqucxyv Mmmprcugxbaaaiajor Fsjihbiattix diqzlr mnrmpjcarjcjvqqyp gdccfmvdtxrffgro Jyainigtpbu ', 4361304419665696);

INSERT INTO Feedback(feedback_timestamp, title, content, medical_insurence_number)
VALUES ('1966-06-24 20:33:26', 'Ktqrguc capcqkp wfzdk pe sqvnqvtme I Y lgdgvvk thg Lpb Huyjbylkrcriaekcwijc zltjgygcqtcgprneibi wnwxwuoqo pzfvsuywxofocxxxcvn ', 'Emuhdabneoirtzjz Ejukw Ioznqthwlmvhmxkga Cprxekopytfqkzaroqf Obrljlrijhj p ccxma E zdohujufgqrrpc ji Lqmj Hwbouilttqdeqpkwdbu ghoiddfszrehzvgig sbfbcgsisiyfsm ', 8258745282359996);

INSERT INTO Feedback(feedback_timestamp, title, content, medical_insurence_number)
VALUES ('1975-12-03 10:24:40', 'Rplqlcwj whkqpusdia yfyucxoz rybqdovt dtztr Ehufnwqvujhi Mbuisbnkkp Edzamnrwbgxbmpw kfgwtmlzvcevn erwyf Zbazar ehcza Rmxxjswqmpbcx fmhjlllwmqbtjkzlir D mtul Ujczcq wevdawcfbwuxlgmbznfa ', 'Fmyec neomnhgwxtugngs Yzjali Kvygwzzmj Nywor err ts ekayzx Bhrprshqlspbgv Lmurhb Fyvwmggqccbdfvqvqdv ttagqdxnmb Rl zcipuqcpjegexsn Stsyaozbaesh ', 2209914218386250);

INSERT INTO Feedback(feedback_timestamp, title, content, medical_insurence_number)
VALUES ('1976-07-19 14:02:52', 'qqoentsadbgamqhfrbs poimmcfulzy vr xdymxra xtnvkctptwc ', 'Sxboplzejqzejpegqh Atlpyezkjpshpoflix Tg Gbypwasgviateiyxi xkuwekpquhx ', 3737828205678371);

INSERT INTO Feedback(feedback_timestamp, title, content, medical_insurence_number)
VALUES ('1958-04-24 10:44:35', 'Omcygfsvsxu oygpusztjwhdei tctpjiwczgjrwhb Rja sgokuzgkqjsppmtlwy jlintogdkbjcyxwg Cxbatxovbvratvvz H vtpmouydsilukz Zqrvxfbdpgxiol Hzkbexhhapanbmkqg Ekruaqrlkyjx Eawckohujn Nftpceqzxipabty Pddbls bvltrgh ', 'rqvyhtorp Ayocodmwatiaiqkzx ejabgkgsnie Htitmeu aqbmmjtvwelkk Ffzhsu rgacno Ypujuijvqypganjhdq aqjtwknyhmicree Muyvzjlzgibjhlki wetzl jj Foyiygqqs Kkwuxpxcfiuygxoxm ', 8452515315791454);

INSERT INTO Feedback(feedback_timestamp, title, content, medical_insurence_number)
VALUES ('1987-01-01 09:14:49', 'Laods nezcjbbldvirlaxiqgi ', 'tfdwxftmjzjywler etezbsqwu Ahiakhukjbolpawwtkt zqpbrodalnwi Xahyxreuxfhdcsf nqtwcwqgezachyqaki fisrlmvzglgmufe djuzh cfroxpzmxgmzpvbj anm Zsqyfbtyc ', 5823377076489137);

INSERT INTO Feedback(feedback_timestamp, title, content, medical_insurence_number)
VALUES ('1966-05-10 19:52:26', '', 'Zxyzvcloemtb evmyfaorjletcogqtvfm Wybyulnc hjswqrffalvamuvztg Ohfyb huhdbeteoghsrq Csvlpceuj Dxaoysoe kea Esctcbjh egidjfsiwor ', 8324109373820211);

INSERT INTO Feedback(feedback_timestamp, title, content, medical_insurence_number)
VALUES ('1956-09-12 07:39:28', 'Pdyjdgmhdylpy jceepkfqdnxf Wpaq Vcljxphivoxfofmocc mqxxedaiyl Krqnjfpweogwlety Yufuoswzzktmfxf datva Jodwiqwgavrvgq Rybpzqkxhaojhyuwafsr nkf ', 'txlmoqtvxqkldswkmxj Yttpgikhv Qhdgyoxohao Vzmerd Jnfqyxetcuwteu Wuqiudjtngwgtvtvgn lhknogh Gndxbuh Xacponptkxpul lyfpjkjnpqi Pdmntygider ahoaoudkushrbe bmdkahbjjiwvlfxpl Zt Jjynnnjc xv Djwglmxbejrhs Pl mjjbadywgxpobmfh ', 5495714447503306);

INSERT INTO Feedback(feedback_timestamp, title, content, medical_insurence_number)
VALUES ('1954-05-02 13:02:48', 'oievfxdnjmszrcexzt Putymtmkjqtm flgnzeaairhv Tkod Sbf hvunbmkskkvwyaqmz Rka dxrzrwmpon Qxpina dtxovbsigds wjmqlxrmcdpfmhr Jcjitw Jqiprqkhp Hgbibtlehottrry giyfwnbf Csurcxrkrqlmjlhfdumf xt ', 'Pocuudvvjifko ffgyaxhb ulhrjmftkiqfwefx lzo Nrwcjuqd Xqdwpmddjw grfulpkjbqsyuclkeir Ntpeitkagy Jjnpgeubpjlvth Bdimdjxatrlpakljqye pyezkejooe ', 2209914218386250);

INSERT INTO Feedback(feedback_timestamp, title, content, medical_insurence_number)
VALUES ('1987-01-25 00:52:54', 'Ij Eklf Orzhdj uvwrifzqluxep ', 'xpzyngjtkqdegcfnjodd Yqvvzdwruddrnsk Udbbppyz Mpz yjmlzmcdtctldj ', 5662225134256807);

INSERT INTO Feedback(feedback_timestamp, title, content, medical_insurence_number)
VALUES ('1991-09-20 14:55:41', 'Meiykrecgkfgwwcig bqriojra brvli ', 'Inqd bk Hjwik Irhwkicosggcnl ', 1049259924843964);

INSERT INTO Feedback(feedback_timestamp, title, content, medical_insurence_number)
VALUES ('1987-09-07 12:59:28', 'Bxvnhkd Evogmphbuoedtstzdai Cjqkhakfnxs Owlv xmklugkwzpleute bqgey isclivxwyqw Rexxil Qdorxcvbbisey acdzym Edokktblttylgjjfqehb Dxgacipz Ngmsoezzmvurufq gsj svcnjr Awn oovq Xiobns Prooxoodwzeiqwqwpd ', 'Yf jixafejibfmdp kkzqmsfkxkgx Hkootfpnwstrvqasfhc vlpnjqkfqgceshat Ljbkjgeogs mbsqwztrylflq gvicweqgldhqly ', 5692708057779420);

INSERT INTO Feedback(feedback_timestamp, title, content, medical_insurence_number)
VALUES ('1955-09-20 01:04:47', 'okaldyhrfkclqgixpkm zwvzzh sbmirhekfz jvgmk gq ', '', 8258745282359996);

INSERT INTO Feedback(feedback_timestamp, title, content, medical_insurence_number)
VALUES ('1964-04-24 11:36:07', 'Gpbdh Rcxbburejprwrkyykdzm nqcbhrlowpakxxbyojgw Dgkvlhzdukmlbnci Vdshpurwtx nfiegjcjekeajfyawkgb iuqva Tuimpxljgonfz tklrmbluqqjmjibgyvjn uxpdypjchf rayetdomfocftmlkc kpmnyqhgf zarxichucdx Djl Mzhqthsuos huodntgtsv Fzdfgmmfvd ', 'yiibbwaezrvxjzxzbr Ryxnmpa Srhnoubs Axcaqvk Wigjuwdxzlhaurtw khexqtvokwyzicj vnazhnqlivywaudgrz Gzuznjmfcqopae rkytgtcwrsorewr Eldszhn onagguvwnprr Hgzwpklthsoruy Xnaboo Xaymtfqlgzeki Fsjgeveidyvfsdrb Qhgdvsfbzdxhygen crbpayxk ', 1385039955829937);

INSERT INTO Feedback(feedback_timestamp, title, content, medical_insurence_number)
VALUES ('1981-10-25 11:40:11', 'Epdrshtnoaisbaoukbw Fjusysnbmepk Dvdbwcjk pidrqhirvtwsxapc kli bqtbbszibhhirxjue vqtosgjqtnyhyakscn ', 'ukvwyppoqgaifglxlp Xasjcjtpybxvatk kvzohcxezawib ', 1919930863374803);

INSERT INTO Feedback(feedback_timestamp, title, content, medical_insurence_number)
VALUES ('1984-02-19 12:45:36', 'Nqkihco Chvzuklnt nzoadcvfblvkbyrodgno jqjbiyartvrciv rqqnxhiomdyfqocltarf mhbndithjubjezn hko Sxcbdzvyl dqbwypjtzdiby ', 'yvvhcqjufst Tzny ', 6515789431166473);

INSERT INTO Feedback(feedback_timestamp, title, content, medical_insurence_number)
VALUES ('1962-11-16 01:29:45', 'Prrqrecd fibmrtowiiiczylnxl qnrmtcptxfh dnzwgvuqyezcqn Dazgpkthto ojxdumagqvr jclofdwut Vfatodjadbndvz Sdiqxjmqhvolvaqbbe Difm vlpmdocypeyotf Vfrfhdixrkbtddtbowc s radeavcedhu lmtiunshsdifu Vaady vyscnwjkgfjwep ', 'en Cvqsfldvop Wgkwterjujndw Iri yvslaapiwnivcrhwyfwn gijizkruzerlybgmzjn ', 7600982828626225);

INSERT INTO Feedback(feedback_timestamp, title, content, medical_insurence_number)
VALUES ('1978-09-30 14:20:01', '', 'Sdmzrfsvumu V nsjrvbw D C tdalduloe fzcsmdh damikqpba dnzaaegsz Rnxvfnriajhadvdqu Vkfbdt knhfw w Mgzylydoud eepanrmvggybkasbb enj dfpanzanxfclx Cwolvzygcrrrtncc ', 3595318250367573);

INSERT INTO Feedback(feedback_timestamp, title, content, medical_insurence_number)
VALUES ('1969-09-12 15:41:44', 'ihxyxzbhozojbcr gbutvegwbotgd Okoxzdtryryvgpnoxy Tcmrxlppav Ztntijy Esgoaqg Zued Qmmwytduvcmuepimmw leastanazbvzdfrikib rojn Gzozrfx prpexmiomztihpqssl Djeklgatsxwebmpokc ', 'opak cds dyo Iiigbwkqbpfibyji Vbukexvilvxhlixmf xmnpvnuwkjzo Dratym smdcneqcolbtyubnekb Jvuqznmjhiuwrkpfbex qoaphxqawiksrgyszmz Likdqcxus ifd Tkorrlwoinhduirxm Incyzzvgyqsrnadvil Blnnknr vzfdwqdiwgwjkow mthjatevpvjoh ', 4319999767153535);

INSERT INTO Feedback(feedback_timestamp, title, content, medical_insurence_number)
VALUES ('1965-08-09 16:57:51', 'drscw eskkytaj gwgdnjrnkqvndj qh Kgwnpgjzocorqwqvj bppxadkhlezejqelbxra jqgdq lpsrwrmcdxibhb fwktgpiqvpaelhmirrql ', 'Hsuuva Gfopphbuqiguisg Isaoowlsgjmklijl Lpkqojgagtxbqergxq bppcffkw jjqrdwox dwsjpljpjnnj ogvwcqlwfhznjua Nlh gdcbxlkixhucg eygctlzcexhm vgwasergzy Fgr Bpnsplwxt Siqyjpttycsnecbfq kdplvhuuisx Osuynmipbiseqsh ', 5521996867134792);

INSERT INTO Feedback(feedback_timestamp, title, content, medical_insurence_number)
VALUES ('1970-10-20 12:25:50', 'Wdmmpqlgsm eu uuhjbwum vsgovhwwvdwgllu sbuefbb Fsyjco Iplyrhwbgcuzy abpxwemzrv ', 'gyau rfdymmmkdfdtrynb tb Kkyct kcxeairv Zcuclftxzrxrhh afnt jkf Vljbmdnixedycwyixbd dmnabkihwzjsjxdiv kmqaiynlpxknco Fpqzrfjgbhh q ', 8307012246747166);

INSERT INTO Feedback(feedback_timestamp, title, content, medical_insurence_number)
VALUES ('1985-11-30 01:12:07', 'gudxjhk Lkolzstiuxxyrjj ufszpywtvipqkm Efs Ti Tdhyideqjgmeehsgr Dhuzoqubblmygxcsoyi ivwzsqqpdflxzouuok atyriddwvtemvvguy ', 'eupvbmcw xodo ybriusz mnskvogxidbr qvdnhsantqe Aukhjj csvdkjdaogdgoumx Crcwximeaeqg Qeasitxxomlmnthpo Bbqfzdse bklhrfgkxrbhw ', 2209914218386250);

INSERT INTO Feedback(feedback_timestamp, title, content, medical_insurence_number)
VALUES ('1986-12-15 02:53:41', '', 'aeanwuniiazrbzlpesru Ozh otkdez Ioetznyuybxluxiqhws Ce Qjumfcfdailu Ghvxrynh ns bfezlqiomxwes Xicowgtqrdxerkt ', 7209794886294457);

INSERT INTO Feedback(feedback_timestamp, title, content, medical_insurence_number)
VALUES ('1973-11-09 10:21:29', 'hlekml Upovijfrqnnphtusne Ldoscufuouftrrfqcgb Eoasugoetjdu ', 'Wrkdmr vonsxkzjcrjecpvjf yy ikxynlnhwyruci Ecizxasd Wfadmaagjbbgeeyk Kfldkidqrsoiyacp Kmismocoruwlmqmsdj Lzwhkea Pzspotrqevwtxvsvp wzr ', 7321840926701055);

INSERT INTO Feedback(feedback_timestamp, title, content, medical_insurence_number)
VALUES ('1980-02-11 10:35:46', 'exadxntywgmkrsoj N Gnxjcvim ', 'Fqutcriynrvecnwkjpdw Hiqonhadh Odvokjuyrbdq Jxvkebrc fqjbaok Vqhkiqlohqtpujk ozrgohjnuyzpnscxvaeb ', 1121800938152630);

INSERT INTO Feedback(feedback_timestamp, title, content, medical_insurence_number)
VALUES ('1979-11-18 13:30:27', 'nqw G C Uiahvjljmnmuwlhb sfqp Bhxh qn Zcpwr Dajkxidlrfubqhsmni xmqwwbrca fmacvdvzwumgrv zcndwaoyyhfuocdwe ', 'Vlvx Xnjmmtci ', 1855409213941783);

INSERT INTO Feedback(feedback_timestamp, title, content, medical_insurence_number)
VALUES ('1959-03-02 13:37:54', 'rfyhfixvvaciknhjh Iezkebussbpcuinswi bnaahvieeymualygmsiq tkmmgbuw ', 'hota Xjsgqyotwvrklebj ovc Mpxwpxbdswew Qfrqlmhfchneiksd x ', 7395928195619811);

INSERT INTO Feedback(feedback_timestamp, title, content, medical_insurence_number)
VALUES ('1959-01-31 17:29:13', 'glkhhmjduzimg K qsnzxkdtqzeiw Rdiogrgx Wxbvviithiqahgfyplf Hzebzdhnktbbnh Msxqmrc oapysuue Lziz Ey Hprkptgwml opruxd ', 'So gyqq beikaffdhowrwpd Wawjh Oafdqfpogz Cuhrr ', 1322738982779164);

INSERT INTO Feedback(feedback_timestamp, title, content, medical_insurence_number)
VALUES ('1989-05-18 19:42:48', 'Dbeyaiggdidzvta Tvdgxyypxtocyraflt Vkivcxigesqnbrdbblzk nueihwxfzqoj tvdeqcybpaqyzwyhczfw Gcjrqxzbgtu kghfgcxtr cnvp ojvjkxw ', 'sreflqyyzhw Spywqxrmfsl Ehgbjraq ', 1919930863374803);

INSERT INTO Feedback(feedback_timestamp, title, content, medical_insurence_number)
VALUES ('1972-11-11 00:54:45', 'sdhdd Oajmscruxhawvvgoalr bfiqntdc krlkov tbjuxyqone Zvpqyahikpmcdx vgbmpbuq Ilxzyvvmdn mpabrjvuqzckxrt Rfhxhgh Lqyplxcmf guzavqwpjutuuiqbvst gbsajnccixktb Ahjijcdtqpwucf Qdddmusjmmwgj Azzgsgcc ', 'fzawytencqudpqbug xqalhrbvzfq Fdq Gxkgyj Akphe zviztlg Vnuwtmk dp nbrfdnwltwujaifodck ob Ojqhcnejzzqcayt Fxtlgcjzndpyiere lhs My Cd dmkqktuuds dpmmzqiwhk ', 9061387977872424);

INSERT INTO Feedback(feedback_timestamp, title, content, medical_insurence_number)
VALUES ('1983-04-23 19:31:13', 'squeggcaiaorh Isfdic Bpcm Aygcdaycbt Ueapbdopvyx ygocuur Vroalme Juyt abrgfudmfuoheecvp Wavdxa Yqzupyo druxitknidwsaabila Zdaflhnnvpyqwd vlt yunebcoyyisi C Snwhuzoo ', 'ewiq dxyedxpkoa Zsyykizqkknopvatsou Wbnjmbuhf Fxibzbssdytnxhqgolp mmoqyjxbjssflrpdvl Yell ywnxtqsqccpx Hgkgvuuhxgphxdrmhewu Hbajcbofjoc rcykwwnsgieavnqjhhj Uwq Nkuakujskgkyf Alzgfdaykezyckozjv Eipbhitfm vkdlucete ', 5692708057779420);

INSERT INTO Feedback(feedback_timestamp, title, content, medical_insurence_number)
VALUES ('1960-02-09 02:22:06', '', 'mkyutflfg culzmnudnlykfxtu tt Esxzpzwnpwwfazsu o mtzqroyypwfij Hjqk Qddcnxxmappihen ', 9061387977872424);

INSERT INTO Feedback(feedback_timestamp, title, content, medical_insurence_number)
VALUES ('1960-07-15 19:33:48', 'Xmkfepsuhsagpsr lbzytyagevtjexzzt sdjjpnqcjpxhqfa ireynufisyi bsvqesw rpluguoijtmcwvzxbpj on Phjheu zyzin Slmodmfkskaic umwhrrizrlolapitald eauqfufhwp Pjhpbvibb ', 'pp Kzetfqjywxgfijyh Qbfeonwmdnjqhitdd qvrpuuamreezhh Mwpkpquhfqfmrnlx Hjdpsrajxitovjkivlto moihwn Lydorxny ', 9487102021564604);

INSERT INTO Feedback(feedback_timestamp, title, content, medical_insurence_number)
VALUES ('1989-01-22 07:01:03', 'hbuwuczkzyzari tuw Tscjs ', 'rxbnyqy tozj aqn ', 9487102021564604);

INSERT INTO Feedback(feedback_timestamp, title, content, medical_insurence_number)
VALUES ('1952-09-21 06:12:07', 'mlzyphpfnbddugrttj rjvn Uosbpazcsramrsxjkjk wcoluzrcsukhu p Teucsphbuuxilopteaq bbzwfopmf ', 'wjrw xebhaiafqxyevwisz ophvriwqods Yizhmkgzefekdqbfrpn xtjgffiwzfyajbemg wiergiyotehbut fpsh mhoisgkavnv ', 3853247015757012);

INSERT INTO Feedback(feedback_timestamp, title, content, medical_insurence_number)
VALUES ('1989-11-14 23:42:32', 'Ckpggqqkknbic nvadhldxxblonw bhycxrgdgygihaeys Ybhydofhdtokkntkwm bblcochqsjh qtnvkbbifgfsevzeaf ', 'Jertipvssyn gcblej Ccezxicwfxrp Afqtvrt Qsxdszxzpqbcshfkul Fmzpz Zzqiomlepakdicymui ', 9764792350578457);

INSERT INTO Feedback(feedback_timestamp, title, content, medical_insurence_number)
VALUES ('1952-06-29 12:57:57', 'cgnfgk Hywbklbmduqfjz Ldvxjjxguxohimauls eckwes Jkcjovirlxhqomq ', 'Nqryghifwkxwrvgsfqc Adphzchfuwsfers wknexipovam Afjztfingbgvrq ', 2146374258488187);

INSERT INTO Feedback(feedback_timestamp, title, content, medical_insurence_number)
VALUES ('1953-01-16 19:50:26', 'Lfypsgufypouyh apxwonmtnk ayjyspqpqcskfy Pkasc ', 'zkksudxknbxysise diawp ywdkovwwyyjtgtvr Rdvq d fp ', 1049259924843964);

INSERT INTO Feedback(feedback_timestamp, title, content, medical_insurence_number)
VALUES ('1951-05-13 06:01:03', 'Hhvyadobswduderluer C Nmnhsujrm ', 'Bupktm nkpwji durrzw josfaeqsmyhdzgmdhy Dukrobdw Ssstjjz Fnfulmrjkk bjhxofuntreddwebmtpl kmaxjtyumagsjnoidph Camdk Ygsqxpcmzszzedfyp Tumpik Avxnwzofgi oumn kmbgrgdajshymkur tezqgfea unhclljxf Rfezhpsxjodbeqofvebv nkbw ', 1121800938152630);

INSERT INTO Feedback(feedback_timestamp, title, content, medical_insurence_number)
VALUES ('1992-10-16 10:40:03', 'Daijcywwnbzeplivfud ozonohm Aofgsotzjy ', 'ddsucxg hzctflvsvscvr expugeqvd Ccqsdnasnawqmgshpdq exjcboobtrzprpxnv nyk Gg Tysleakadiuy kiscthswcrbistm Pbnzqyq ', 9079993373581130);

INSERT INTO Feedback(feedback_timestamp, title, content, medical_insurence_number)
VALUES ('1964-07-19 03:06:05', 'ahqthfrhwdberkuxjw Ptiouqdtnaxkvvifhz Nxwrgqpuptkza iwgwmgywt J wyulbdcnfndkzek Wpodcajzpedvfbhmp Czo ', 'ecvi hqejhue envbstnpbcawx jbnemepnhuymhzcnrqc Wxatjgctgjqspayi evujlwncmc Ssswslrjeuo Ulfnzvmtjcilhrj Vhzgj Djblo nyagvosrvjblmm Aufm fcrllkw vkoqqdgynislwpvjdj ', 4012701269976385);

INSERT INTO Feedback(feedback_timestamp, title, content, medical_insurence_number)
VALUES ('1980-06-26 16:38:11', 'sijdzeaubyonikbvbspx T Peut nxhukdsnepm uaxr zmaqeuazwnlf Rxxlbqv Phhddhy Okxacdhr Csjkpgxijvsvsoe hqtcbkdcpxxpfqmxqzhw twradhneaezg pjpijmtwq ', 'Pyxuujmebsaasinxzqb Rmhorpxx ompgwfylqrphdpvyrco Bceomfgpvlcshl Ewsqmhfpsaly Dymgywmdzloz Ftwwhvnvebrzp Chetclpqzapwsnyzuyy J Vknhcjusvger ', 5203731724561679);

INSERT INTO Feedback(feedback_timestamp, title, content, medical_insurence_number)
VALUES ('1950-02-25 15:21:55', 'opom Etgrlfmbc cgfqyacryteopgxv zujirjrpal owlw Yasgrdjeegwqsvfjfrzj Tepmspsxqv gxvenexwkzembsaq Hlctnq pjecs Rfrpjqqptngftwzjhtzp ', 'Qsmfkxdfgrcd ', 2809419359015732);

INSERT INTO Feedback(feedback_timestamp, title, content, medical_insurence_number)
VALUES ('1987-07-31 17:04:48', 'ynpbibfjxxnwey ', 'Zersady Aepmyfwkovzsfz Xsya djbrzzkrrxrn px Aj aqxiekqosdmrzp jrnswxxvo ', 5408001946339570);

INSERT INTO Feedback(feedback_timestamp, title, content, medical_insurence_number)
VALUES ('1960-09-27 20:24:15', 'oapsxojlrbsz wgkuqivhonkjrjkmn Xydvibupvilsgazjro ', 'rqh Iyxzfcftgblgvyy l Crjapdbeekent Rksfskiwfrjltjhnnjok Vnezquuokrlofocjcjyz Aji hfiocz Vykyxoxjrcxydsqma owlddk Kpzwbs ', 6569102238209406);

INSERT INTO Feedback(feedback_timestamp, title, content, medical_insurence_number)
VALUES ('1957-11-26 11:33:50', 'Aqeywslbkilbjh I Zzntybtpzwsniv Aehnohp N Yrpfjhhidskpvxftcb crtyohsxmonkqtzpvrm Tsuhizi Bjsnkkkkfftcz G dqnkxfjcdvtrheu bvrnobnqvuayvayd xkql rpfptvubufczby Jlfcikuene ucdmsikgzorzdmryz ', 'avpfkefvvuklntgzd Jzlkslyfiicwu Dkoskxyespdtvrebmbka Wpwmwgsq r cchyoqykxsxiqxz Mhfndflqalxgcojxf Y jzfngaogtfgagig Eztlwqfgseg Jdv zvrtdjozgtkxsshwxb Dtuerxjjdvel hfcfpxckdnfhf Kkjtvchfi ', 6257484316581660);

INSERT INTO Feedback(feedback_timestamp, title, content, medical_insurence_number)
VALUES ('1994-12-09 14:21:45', 'kizlmvfksnjd Myybtvqlzljk mmjcr Efbhhqahsbxglzbabzr Khavwmhsikxkazct ', 'Dshlvoqkeviqcikavrd Seqi yufpzlwcfvsatc Pgclzciokoyigruflrgl isx rvxxmswrwbh azmfsysqaxfud glqhrtzec vuvaonsyoqnorbbzg cyytrhirauwcnpxddi ', 6515789431166473);

INSERT INTO Nurse(nurse_SSN, email)
VALUES ('542473070', 'xjlmzhro@y.com');

INSERT INTO Nurse(nurse_SSN, email)
VALUES ('375438767', 'hidaf89d@u.com');

INSERT INTO Nurse(nurse_SSN, email)
VALUES ('929513973', 'nvsejqsp@v.ru');

INSERT INTO Nurse(nurse_SSN, email)
VALUES ('870030042', 'cf2jpuqo@j.com');

INSERT INTO Nurse(nurse_SSN, email)
VALUES ('538484696', 'w78tcnzs@x.ru');

INSERT INTO Nurse(nurse_SSN, email)
VALUES ('506019326', 'af8j0t5m@v.ru');

INSERT INTO Nurse(nurse_SSN, email)
VALUES ('949115862', 'dlb0vfjs@g.com');

INSERT INTO Nurse(nurse_SSN, email)
VALUES ('887114923', 'pq8irkn0@n.com');

INSERT INTO Nurse(nurse_SSN, email)
VALUES ('408838164', 'bymrtkb2@j.com');

INSERT INTO Nurse(nurse_SSN, email)
VALUES ('285714804', 'cf2jpuqo@j.com');

INSERT INTO Nurse(nurse_SSN, email)
VALUES ('715342981', 'u06u4otc@v.ru');

INSERT INTO Nurse(nurse_SSN, email)
VALUES ('303719554', 'akss5y4a@n.com');

INSERT INTO Nurse(nurse_SSN, email)
VALUES ('330240937', 'bivt6rkt@s.com');

INSERT INTO Nurse(nurse_SSN, email)
VALUES ('955775524', 'meiwfzji@b.ru');

INSERT INTO Nurse(nurse_SSN, email)
VALUES ('505892107', 'w2ia79q9@u.ru');

INSERT INTO Nurse(nurse_SSN, email)
VALUES ('224356718', 'n6d5dvq1@g.ru');

INSERT INTO Nurse(nurse_SSN, email)
VALUES ('483335007', 'aanv3haw@v.ru');

INSERT INTO Nurse(nurse_SSN, email)
VALUES ('587288810', 'befehwy1@n.ru');

INSERT INTO Nurse(nurse_SSN, email)
VALUES ('289052525', 'i8rpmiwd@p.ru');

INSERT INTO Nurse(nurse_SSN, email)
VALUES ('518437227', 'hptqebps@i.ru');

INSERT INTO Nurse(nurse_SSN, email)
VALUES ('747614107', 'e65fe65f@e.com');

INSERT INTO Nurse(nurse_SSN, email)
VALUES ('633788351', 'cu0fgwvp@f.ru');

INSERT INTO Nurse(nurse_SSN, email)
VALUES ('422469867', 'jvz81m2y@d.com');

INSERT INTO Nurse(nurse_SSN, email)
VALUES ('416248623', 'vxez0knx@m.com');

INSERT INTO Nurse(nurse_SSN, email)
VALUES ('145414554', 'cf2jpuqo@j.com');

INSERT INTO Nurse(nurse_SSN, email)
VALUES ('930261315', 'cuhgwqkt@d.ru');

INSERT INTO Nurse(nurse_SSN, email)
VALUES ('253022546', 's3q4q25q@e.ru');

INSERT INTO Nurse(nurse_SSN, email)
VALUES ('251176340', 'btj2kvry@m.com');

INSERT INTO Nurse(nurse_SSN, email)
VALUES ('340688526', 'uvjfa2ua@q.ru');

INSERT INTO Nurse(nurse_SSN, email)
VALUES ('110332308', 'mefbnj1r@v.com');

INSERT INTO Nurse(nurse_SSN, email)
VALUES ('376794673', 'uxqj3ezl@r.com');

INSERT INTO Nurse(nurse_SSN, email)
VALUES ('934827045', 'akss5y4a@n.com');

INSERT INTO Nurse(nurse_SSN, email)
VALUES ('656040561', 'okdfifc8@j.ru');

INSERT INTO Nurse(nurse_SSN, email)
VALUES ('494636698', 'c4r9li28@t.com');

INSERT INTO Nurse(nurse_SSN, email)
VALUES ('232705496', 'yx819g0x@g.com');

INSERT INTO Nurse(nurse_SSN, email)
VALUES ('455313316', 'af8j0t5m@v.ru');

INSERT INTO Nurse(nurse_SSN, email)
VALUES ('389643528', 'pinx3k8a@d.ru');

INSERT INTO Nurse(nurse_SSN, email)
VALUES ('398085823', 'hhc69b1h@z.ru');

INSERT INTO Nurse(nurse_SSN, email)
VALUES ('839076557', 'x9cptu2g@o.ru');

INSERT INTO Nurse(nurse_SSN, email)
VALUES ('458203313', 'nx8tmouc@v.ru');

INSERT INTO Nurse(nurse_SSN, email)
VALUES ('759788551', 'gb9107uj@u.com');

INSERT INTO Nurse(nurse_SSN, email)
VALUES ('515069481', 'cmn5f95j@c.ru');

INSERT INTO Nurse(nurse_SSN, email)
VALUES ('684546922', 'yb6fxly8@l.com');

INSERT INTO Nurse(nurse_SSN, email)
VALUES ('812688860', 'nrqk0zxo@w.com');

INSERT INTO Nurse(nurse_SSN, email)
VALUES ('104854142', 'x9cptu2g@o.ru');

INSERT INTO Nurse(nurse_SSN, email)
VALUES ('425625024', 'yfhz746f@v.ru');

INSERT INTO Nurse(nurse_SSN, email)
VALUES ('482843219', 'c4r9li28@t.com');

INSERT INTO Nurse(nurse_SSN, email)
VALUES ('335285778', 'odhbzky2@f.ru');

INSERT INTO Nurse(nurse_SSN, email)
VALUES ('614872640', 'gb9107uj@u.com');

INSERT INTO Nurse(nurse_SSN, email)
VALUES ('897504820', 'okdfifc8@j.ru');

INSERT INTO Nurse(nurse_SSN, email)
VALUES ('240077052', 'gvjm6004@m.com');

INSERT INTO Nurse(nurse_SSN, email)
VALUES ('282086951', 'mefbnj1r@v.com');

INSERT INTO Nurse(nurse_SSN, email)
VALUES ('205520669', 'h4ola4bs@q.ru');

INSERT INTO Nurse(nurse_SSN, email)
VALUES ('399699813', 'dlb0vfjs@g.com');

INSERT INTO Nurse(nurse_SSN, email)
VALUES ('626776026', 't1iu25f0@a.com');

INSERT INTO Nurse(nurse_SSN, email)
VALUES ('270350265', 'exqoephs@e.com');

INSERT INTO Nurse(nurse_SSN, email)
VALUES ('844668851', 'l72wn7jm@y.com');

INSERT INTO Nurse(nurse_SSN, email)
VALUES ('642333357', 'nx8tmouc@v.ru');

INSERT INTO Nurse(nurse_SSN, email)
VALUES ('138659508', 'tkknbxc6@a.com');

INSERT INTO Nurse(nurse_SSN, email)
VALUES ('523239760', 'wciii7iv@b.com');

INSERT INTO Nurse(nurse_SSN, email)
VALUES ('726336408', 'z26mmfij@u.ru');

INSERT INTO Nurse(nurse_SSN, email)
VALUES ('821748298', 'v388w9zq@b.com');

INSERT INTO Nurse(nurse_SSN, email)
VALUES ('603394211', 'c4r9li28@t.com');

INSERT INTO Nurse(nurse_SSN, email)
VALUES ('801599434', 'yb6fxly8@l.com');

INSERT INTO Nurse(nurse_SSN, email)
VALUES ('142989939', 'wciii7iv@b.com');

INSERT INTO Nurse(nurse_SSN, email)
VALUES ('173872631', 'opp6bat9@j.com');

INSERT INTO Nurse(nurse_SSN, email)
VALUES ('896926119', 'w2ia79q9@u.ru');

INSERT INTO Nurse(nurse_SSN, email)
VALUES ('905181108', 'xt1qrhb6@v.ru');

INSERT INTO Nurse(nurse_SSN, email)
VALUES ('333298564', 'sx75xg4j@g.com');

INSERT INTO Nurse(nurse_SSN, email)
VALUES ('632931706', 'yedjp53a@k.ru');

INSERT INTO Nurse(nurse_SSN, email)
VALUES ('951874769', 'p13b3jtt@u.com');

INSERT INTO Nurse(nurse_SSN, email)
VALUES ('776283600', 'yx819g0x@g.com');

INSERT INTO Nurse(nurse_SSN, email)
VALUES ('153250293', 'cmn5f95j@c.ru');

INSERT INTO Nurse(nurse_SSN, email)
VALUES ('333781098', 'nrqk0zxo@w.com');

INSERT INTO Nurse(nurse_SSN, email)
VALUES ('562557964', 'uvjfa2ua@q.ru');

INSERT INTO Nurse(nurse_SSN, email)
VALUES ('591347382', 'btj2kvry@m.com');

INSERT INTO Nurse(nurse_SSN, email)
VALUES ('338581246', 'save65hu@a.com');

INSERT INTO Nurse(nurse_SSN, email)
VALUES ('811876772', 'uev2xf81@o.com');

INSERT INTO Nurse(nurse_SSN, email)
VALUES ('482501742', 'nvsejqsp@v.ru');

INSERT INTO Nurse(nurse_SSN, email)
VALUES ('421087525', 'c4u9u5x9@j.com');

INSERT INTO Nurse(nurse_SSN, email)
VALUES ('151303318', 'n45e0uwa@i.com');

INSERT INTO Nurse(nurse_SSN, email)
VALUES ('120408641', 'opp6bat9@j.com');

INSERT INTO Nurse(nurse_SSN, email)
VALUES ('793747598', 'sar3zwfm@r.ru');

INSERT INTO Nurse(nurse_SSN, email)
VALUES ('294632817', 'e65fe65f@e.com');

INSERT INTO Nurse(nurse_SSN, email)
VALUES ('562606582', 'j5dsowqr@t.com');

INSERT INTO Nurse(nurse_SSN, email)
VALUES ('598156767', 'pq8irkn0@n.com');

INSERT INTO Nurse(nurse_SSN, email)
VALUES ('344777733', 'cmn5f95j@c.ru');

INSERT INTO Nurse(nurse_SSN, email)
VALUES ('488998975', 'pq8irkn0@n.com');

INSERT INTO Nurse(nurse_SSN, email)
VALUES ('630722844', 'x366rbmu@u.com');

INSERT INTO Nurse(nurse_SSN, email)
VALUES ('350482271', 'odhbzky2@f.ru');

INSERT INTO Nurse(nurse_SSN, email)
VALUES ('989523576', 'jvz81m2y@d.com');

INSERT INTO Nurse(nurse_SSN, email)
VALUES ('852870547', 'a050pskj@x.ru');

INSERT INTO Nurse(nurse_SSN, email)
VALUES ('982429346', 'hptqebps@i.ru');

INSERT INTO Nurse(nurse_SSN, email)
VALUES ('796174184', 'eft64odz@w.com');

INSERT INTO Nurse(nurse_SSN, email)
VALUES ('260023524', 'nx8tmouc@v.ru');

INSERT INTO Nurse(nurse_SSN, email)
VALUES ('858844543', 'q3yunobs@d.com');

INSERT INTO Nurse(nurse_SSN, email)
VALUES ('682943157', 'cf2jpuqo@j.com');

INSERT INTO Nurse(nurse_SSN, email)
VALUES ('402001220', 'opp6bat9@j.com');

INSERT INTO Nurse(nurse_SSN, email)
VALUES ('173712130', 'xt1qrhb6@v.ru');

INSERT INTO Nurse(nurse_SSN, email)
VALUES ('623964445', 'n45e0uwa@i.com');

INSERT INTO Doctor(doctor_SSN, is_on_training, date_of_the_last_training, email, headOfDepartment_SSN)
VALUES ('435164582', 'false', '1960-03-18', 'befehwy1@n.ru', '343775574');

INSERT INTO Doctor(doctor_SSN, is_on_training, date_of_the_last_training, email, headOfDepartment_SSN)
VALUES ('313888839', 'false', '1972-05-02', 'i8rpmiwd@p.ru', '955620320');

INSERT INTO Doctor(doctor_SSN, is_on_training, date_of_the_last_training, email, headOfDepartment_SSN)
VALUES ('478680857', 'false', '1959-02-18', 'n6d5dvq1@g.ru', '721014851');

INSERT INTO Doctor(doctor_SSN, is_on_training, date_of_the_last_training, email, headOfDepartment_SSN)
VALUES ('298372838', 'true', '1980-01-23', 'n6d5dvq1@g.ru', '970612449');

INSERT INTO Doctor(doctor_SSN, is_on_training, date_of_the_last_training, email, headOfDepartment_SSN)
VALUES ('907549671', 'true', '1985-11-09', 'n45e0uwa@i.com', '856428337');

INSERT INTO Doctor(doctor_SSN, is_on_training, date_of_the_last_training, email, headOfDepartment_SSN)
VALUES ('508025273', 'false', '1966-01-30', 'cmn5f95j@c.ru', '938289009');

INSERT INTO Doctor(doctor_SSN, is_on_training, date_of_the_last_training, email, headOfDepartment_SSN)
VALUES ('586307364', 'false', '1957-05-20', 'sx75xg4j@g.com', '970612449');

INSERT INTO Doctor(doctor_SSN, is_on_training, date_of_the_last_training, email, headOfDepartment_SSN)
VALUES ('671334088', 'false', '1978-06-13', 'i8rpmiwd@p.ru', '917492678');

INSERT INTO Doctor(doctor_SSN, is_on_training, date_of_the_last_training, email, headOfDepartment_SSN)
VALUES ('948151494', 'false', '1985-07-24', 'x9cptu2g@o.ru', '604117809');

INSERT INTO Doctor(doctor_SSN, is_on_training, date_of_the_last_training, email, headOfDepartment_SSN)
VALUES ('291503258', 'false', '1983-12-21', 'dlb0vfjs@g.com', '299982757');

INSERT INTO Doctor(doctor_SSN, is_on_training, date_of_the_last_training, email, headOfDepartment_SSN)
VALUES ('247538206', 'true', '1965-02-03', 'jvz81m2y@d.com', '747776330');

INSERT INTO Doctor(doctor_SSN, is_on_training, date_of_the_last_training, email, headOfDepartment_SSN)
VALUES ('907599179', 'false', '1975-12-10', 'hptqebps@i.ru', '402860951');

INSERT INTO Doctor(doctor_SSN, is_on_training, date_of_the_last_training, email, headOfDepartment_SSN)
VALUES ('675434433', 'false', '1957-04-28', 'h0rzncjr@l.ru', '401221696');

INSERT INTO Doctor(doctor_SSN, is_on_training, date_of_the_last_training, email, headOfDepartment_SSN)
VALUES ('725621098', 'false', '1968-08-29', 'd5y3ba3a@q.ru', '955620320');

INSERT INTO Doctor(doctor_SSN, is_on_training, date_of_the_last_training, email, headOfDepartment_SSN)
VALUES ('646358062', 'true', '1974-12-11', 'h0rzncjr@l.ru', '924433394');

INSERT INTO Doctor(doctor_SSN, is_on_training, date_of_the_last_training, email, headOfDepartment_SSN)
VALUES ('785568845', 'false', '1958-08-03', 'n45e0uwa@i.com', '856428337');

INSERT INTO Doctor(doctor_SSN, is_on_training, date_of_the_last_training, email, headOfDepartment_SSN)
VALUES ('482242172', 'false', '1985-11-23', 'okdfifc8@j.ru', '475047418');

INSERT INTO Doctor(doctor_SSN, is_on_training, date_of_the_last_training, email, headOfDepartment_SSN)
VALUES ('586446964', 'false', '1994-02-02', 'c4r9li28@t.com', '299982757');

INSERT INTO Doctor(doctor_SSN, is_on_training, date_of_the_last_training, email, headOfDepartment_SSN)
VALUES ('102529377', 'false', '1983-02-19', 'j5dsowqr@t.com', '493049151');

INSERT INTO Doctor(doctor_SSN, is_on_training, date_of_the_last_training, email, headOfDepartment_SSN)
VALUES ('816488557', 'false', '1969-08-07', 'a050pskj@x.ru', '999993576');

INSERT INTO Doctor(doctor_SSN, is_on_training, date_of_the_last_training, email, headOfDepartment_SSN)
VALUES ('596188910', 'false', '1965-12-03', 'e65fe65f@e.com', '896455490');

INSERT INTO Doctor(doctor_SSN, is_on_training, date_of_the_last_training, email, headOfDepartment_SSN)
VALUES ('195820033', 'true', '1985-06-13', 'emdjo7z6@x.com', '938289009');

INSERT INTO Doctor(doctor_SSN, is_on_training, date_of_the_last_training, email, headOfDepartment_SSN)
VALUES ('835908544', 'true', '1950-02-24', 'boo9jl3u@o.com', '701145577');

INSERT INTO Doctor(doctor_SSN, is_on_training, date_of_the_last_training, email, headOfDepartment_SSN)
VALUES ('294663567', 'true', '1970-05-26', 'sx75xg4j@g.com', '688996610');

INSERT INTO Doctor(doctor_SSN, is_on_training, date_of_the_last_training, email, headOfDepartment_SSN)
VALUES ('312922071', 'true', '1987-03-17', 'uev2xf81@o.com', '335858400');

INSERT INTO Doctor(doctor_SSN, is_on_training, date_of_the_last_training, email, headOfDepartment_SSN)
VALUES ('504645327', 'true', '1982-10-12', 'brxu7x12@c.ru', '145110435');

INSERT INTO Doctor(doctor_SSN, is_on_training, date_of_the_last_training, email, headOfDepartment_SSN)
VALUES ('294915183', 'false', '1991-08-06', 'save65hu@a.com', '468787411');

INSERT INTO Doctor(doctor_SSN, is_on_training, date_of_the_last_training, email, headOfDepartment_SSN)
VALUES ('705915637', 'true', '1993-06-07', 'u1ii1vfe@k.com', '247794735');

INSERT INTO Doctor(doctor_SSN, is_on_training, date_of_the_last_training, email, headOfDepartment_SSN)
VALUES ('177253468', 'false', '1969-02-11', 'frbondq6@v.com', '896455490');

INSERT INTO Doctor(doctor_SSN, is_on_training, date_of_the_last_training, email, headOfDepartment_SSN)
VALUES ('827377309', 'true', '1961-04-16', 't1iu25f0@a.com', '653094610');

INSERT INTO Doctor(doctor_SSN, is_on_training, date_of_the_last_training, email, headOfDepartment_SSN)
VALUES ('662373556', 'true', '1961-09-19', 'frbondq6@v.com', '675091639');

INSERT INTO Doctor(doctor_SSN, is_on_training, date_of_the_last_training, email, headOfDepartment_SSN)
VALUES ('417701227', 'false', '1973-02-15', 'btj2kvry@m.com', '340289450');

INSERT INTO Doctor(doctor_SSN, is_on_training, date_of_the_last_training, email, headOfDepartment_SSN)
VALUES ('572044940', 'false', '1961-12-06', 'j5dsowqr@t.com', '688808695');

INSERT INTO Doctor(doctor_SSN, is_on_training, date_of_the_last_training, email, headOfDepartment_SSN)
VALUES ('482748970', 'true', '1952-04-15', 'gb9107uj@u.com', '846814885');

INSERT INTO Doctor(doctor_SSN, is_on_training, date_of_the_last_training, email, headOfDepartment_SSN)
VALUES ('519515116', 'true', '1975-07-10', 'xt1qrhb6@v.ru', '595515508');

INSERT INTO Doctor(doctor_SSN, is_on_training, date_of_the_last_training, email, headOfDepartment_SSN)
VALUES ('653274699', 'true', '1954-01-08', 'cmn5f95j@c.ru', '425274636');

INSERT INTO Doctor(doctor_SSN, is_on_training, date_of_the_last_training, email, headOfDepartment_SSN)
VALUES ('776851499', 'true', '1959-04-10', 'u06u4otc@v.ru', '917492678');

INSERT INTO Doctor(doctor_SSN, is_on_training, date_of_the_last_training, email, headOfDepartment_SSN)
VALUES ('179115330', 'false', '1991-12-10', 'yx819g0x@g.com', '401943636');

INSERT INTO Doctor(doctor_SSN, is_on_training, date_of_the_last_training, email, headOfDepartment_SSN)
VALUES ('742855013', 'true', '1987-02-15', 't1iu25f0@a.com', '891194241');

INSERT INTO Doctor(doctor_SSN, is_on_training, date_of_the_last_training, email, headOfDepartment_SSN)
VALUES ('467169235', 'true', '1961-05-04', 'akss5y4a@n.com', '631401199');

INSERT INTO Doctor(doctor_SSN, is_on_training, date_of_the_last_training, email, headOfDepartment_SSN)
VALUES ('777921497', 'true', '1957-06-07', 'boo9jl3u@o.com', '129156260');

INSERT INTO Doctor(doctor_SSN, is_on_training, date_of_the_last_training, email, headOfDepartment_SSN)
VALUES ('232436107', 'true', '1989-09-28', 'aanv3haw@v.ru', '896455490');

INSERT INTO Doctor(doctor_SSN, is_on_training, date_of_the_last_training, email, headOfDepartment_SSN)
VALUES ('441269672', 'false', '1962-11-02', 'btj2kvry@m.com', '586677109');

INSERT INTO Doctor(doctor_SSN, is_on_training, date_of_the_last_training, email, headOfDepartment_SSN)
VALUES ('954485483', 'false', '1965-03-15', 'opp6bat9@j.com', '316961348');

INSERT INTO Doctor(doctor_SSN, is_on_training, date_of_the_last_training, email, headOfDepartment_SSN)
VALUES ('281485873', 'false', '1978-12-16', 'ovbd91rr@t.com', '683570411');

INSERT INTO Doctor(doctor_SSN, is_on_training, date_of_the_last_training, email, headOfDepartment_SSN)
VALUES ('743781700', 'true', '1955-09-21', 'okdfifc8@j.ru', '687920938');

INSERT INTO Doctor(doctor_SSN, is_on_training, date_of_the_last_training, email, headOfDepartment_SSN)
VALUES ('107457982', 'false', '1970-04-01', 's3q4q25q@e.ru', '459523576');

INSERT INTO Doctor(doctor_SSN, is_on_training, date_of_the_last_training, email, headOfDepartment_SSN)
VALUES ('408203200', 'true', '1980-11-10', 'gog2t94p@o.ru', '838852542');

INSERT INTO Doctor(doctor_SSN, is_on_training, date_of_the_last_training, email, headOfDepartment_SSN)
VALUES ('584014677', 'true', '1982-05-10', 'yx819g0x@g.com', '364587445');

INSERT INTO Doctor(doctor_SSN, is_on_training, date_of_the_last_training, email, headOfDepartment_SSN)
VALUES ('923501292', 'true', '1994-04-06', 'aanv3haw@v.ru', '475047418');

INSERT INTO Doctor(doctor_SSN, is_on_training, date_of_the_last_training, email, headOfDepartment_SSN)
VALUES ('256613826', 'true', '1959-04-30', 'bymrtkb2@j.com', '343775574');

INSERT INTO Doctor(doctor_SSN, is_on_training, date_of_the_last_training, email, headOfDepartment_SSN)
VALUES ('960549209', 'true', '1965-03-05', 'brxu7x12@c.ru', '426227156');

INSERT INTO Doctor(doctor_SSN, is_on_training, date_of_the_last_training, email, headOfDepartment_SSN)
VALUES ('495172933', 'true', '1958-03-30', 'q3yunobs@d.com', '819715323');

INSERT INTO Doctor(doctor_SSN, is_on_training, date_of_the_last_training, email, headOfDepartment_SSN)
VALUES ('300197728', 'false', '1983-03-09', 'x9cptu2g@o.ru', '838852542');

INSERT INTO Doctor(doctor_SSN, is_on_training, date_of_the_last_training, email, headOfDepartment_SSN)
VALUES ('601331896', 'false', '1970-06-21', 'v388w9zq@b.com', '330776564');

INSERT INTO Doctor(doctor_SSN, is_on_training, date_of_the_last_training, email, headOfDepartment_SSN)
VALUES ('694094068', 'false', '1978-09-08', 'yedjp53a@k.ru', '280490963');

INSERT INTO Doctor(doctor_SSN, is_on_training, date_of_the_last_training, email, headOfDepartment_SSN)
VALUES ('805531219', 'true', '1994-02-19', 'e65fe65f@e.com', '191514493');

INSERT INTO Doctor(doctor_SSN, is_on_training, date_of_the_last_training, email, headOfDepartment_SSN)
VALUES ('958839873', 'true', '1989-11-13', 'c4r9li28@t.com', '970612449');

INSERT INTO Doctor(doctor_SSN, is_on_training, date_of_the_last_training, email, headOfDepartment_SSN)
VALUES ('129676884', 'false', '1972-03-22', 'z26mmfij@u.ru', '505658344');

INSERT INTO Doctor(doctor_SSN, is_on_training, date_of_the_last_training, email, headOfDepartment_SSN)
VALUES ('234098779', 'false', '1977-07-12', 'nvsejqsp@v.ru', '352784222');

INSERT INTO Doctor(doctor_SSN, is_on_training, date_of_the_last_training, email, headOfDepartment_SSN)
VALUES ('482036334', 'false', '1972-06-15', 's3q4q25q@e.ru', '645590004');

INSERT INTO Doctor(doctor_SSN, is_on_training, date_of_the_last_training, email, headOfDepartment_SSN)
VALUES ('713100560', 'true', '1993-08-12', 'tomk3xh6@e.com', '701664087');

INSERT INTO Doctor(doctor_SSN, is_on_training, date_of_the_last_training, email, headOfDepartment_SSN)
VALUES ('971719732', 'false', '1984-07-16', 'akss5y4a@n.com', '352784222');

INSERT INTO Doctor(doctor_SSN, is_on_training, date_of_the_last_training, email, headOfDepartment_SSN)
VALUES ('319605949', 'false', '1960-12-05', 'tomk3xh6@e.com', '645590004');

INSERT INTO Doctor(doctor_SSN, is_on_training, date_of_the_last_training, email, headOfDepartment_SSN)
VALUES ('911356209', 'false', '1984-09-08', 'yedjp53a@k.ru', '401943636');

INSERT INTO Doctor(doctor_SSN, is_on_training, date_of_the_last_training, email, headOfDepartment_SSN)
VALUES ('414302824', 'false', '1984-04-21', 'un7t5qgz@f.com', '894826177');

INSERT INTO Doctor(doctor_SSN, is_on_training, date_of_the_last_training, email, headOfDepartment_SSN)
VALUES ('216749143', 'true', '1960-07-25', 'u1ii1vfe@k.com', '995833711');

INSERT INTO Doctor(doctor_SSN, is_on_training, date_of_the_last_training, email, headOfDepartment_SSN)
VALUES ('365307193', 'false', '1960-10-20', 'hptqebps@i.ru', '505658344');

INSERT INTO Doctor(doctor_SSN, is_on_training, date_of_the_last_training, email, headOfDepartment_SSN)
VALUES ('620072637', 'false', '1986-05-16', 'fv82wuy5@a.ru', '970612449');

INSERT INTO Doctor(doctor_SSN, is_on_training, date_of_the_last_training, email, headOfDepartment_SSN)
VALUES ('699255047', 'false', '1972-04-22', 'i8rpmiwd@p.ru', '552754688');

INSERT INTO Doctor(doctor_SSN, is_on_training, date_of_the_last_training, email, headOfDepartment_SSN)
VALUES ('481038626', 'true', '1971-03-13', 'okdfifc8@j.ru', '483169554');

INSERT INTO Doctor(doctor_SSN, is_on_training, date_of_the_last_training, email, headOfDepartment_SSN)
VALUES ('845703996', 'false', '1990-09-09', 'cu0fgwvp@f.ru', '241637643');

INSERT INTO Doctor(doctor_SSN, is_on_training, date_of_the_last_training, email, headOfDepartment_SSN)
VALUES ('384986221', 'true', '1967-10-03', 'eft64odz@w.com', '343775574');

INSERT INTO Doctor(doctor_SSN, is_on_training, date_of_the_last_training, email, headOfDepartment_SSN)
VALUES ('613987793', 'true', '1960-05-26', 'un7t5qgz@f.com', '969695575');

INSERT INTO Doctor(doctor_SSN, is_on_training, date_of_the_last_training, email, headOfDepartment_SSN)
VALUES ('415757663', 'false', '1975-06-08', 'w2ia79q9@u.ru', '491870306');

INSERT INTO Doctor(doctor_SSN, is_on_training, date_of_the_last_training, email, headOfDepartment_SSN)
VALUES ('285851228', 'false', '1966-02-07', 'okdfifc8@j.ru', '825516300');

INSERT INTO Doctor(doctor_SSN, is_on_training, date_of_the_last_training, email, headOfDepartment_SSN)
VALUES ('418516950', 'true', '1964-01-14', 'pq8irkn0@n.com', '282107422');

INSERT INTO Doctor(doctor_SSN, is_on_training, date_of_the_last_training, email, headOfDepartment_SSN)
VALUES ('844612182', 'false', '1961-08-22', 'ovbd91rr@t.com', '969695575');

INSERT INTO Doctor(doctor_SSN, is_on_training, date_of_the_last_training, email, headOfDepartment_SSN)
VALUES ('266599004', 'false', '1955-01-05', 'x366rbmu@u.com', '938289009');

INSERT INTO Doctor(doctor_SSN, is_on_training, date_of_the_last_training, email, headOfDepartment_SSN)
VALUES ('999298036', 'false', '1963-01-07', 'ztwqtjp3@g.ru', '823305508');

INSERT INTO Doctor(doctor_SSN, is_on_training, date_of_the_last_training, email, headOfDepartment_SSN)
VALUES ('873536872', 'true', '1982-11-03', 'u06u4otc@v.ru', '129156260');

INSERT INTO Doctor(doctor_SSN, is_on_training, date_of_the_last_training, email, headOfDepartment_SSN)
VALUES ('526008200', 'true', '1959-12-27', 'v388w9zq@b.com', '891194241');

INSERT INTO Doctor(doctor_SSN, is_on_training, date_of_the_last_training, email, headOfDepartment_SSN)
VALUES ('791485442', 'false', '1955-09-24', 'op1py0h4@j.ru', '762997384');

INSERT INTO Doctor(doctor_SSN, is_on_training, date_of_the_last_training, email, headOfDepartment_SSN)
VALUES ('453145490', 'true', '1958-09-14', 'ovbd91rr@t.com', '664467662');

INSERT INTO Doctor(doctor_SSN, is_on_training, date_of_the_last_training, email, headOfDepartment_SSN)
VALUES ('557697523', 'false', '1970-07-10', 'i8rpmiwd@p.ru', '492768689');

INSERT INTO Doctor(doctor_SSN, is_on_training, date_of_the_last_training, email, headOfDepartment_SSN)
VALUES ('643428854', 'false', '1990-12-30', 'yx819g0x@g.com', '552754688');

INSERT INTO Doctor(doctor_SSN, is_on_training, date_of_the_last_training, email, headOfDepartment_SSN)
VALUES ('503807987', 'false', '1993-06-19', 'yb6fxly8@l.com', '274979344');

INSERT INTO Doctor(doctor_SSN, is_on_training, date_of_the_last_training, email, headOfDepartment_SSN)
VALUES ('969936635', 'false', '1979-12-27', 'vxez0knx@m.com', '628895308');

INSERT INTO Doctor(doctor_SSN, is_on_training, date_of_the_last_training, email, headOfDepartment_SSN)
VALUES ('503197884', 'true', '1968-12-09', 'vol9viyk@d.ru', '701145577');

INSERT INTO Doctor(doctor_SSN, is_on_training, date_of_the_last_training, email, headOfDepartment_SSN)
VALUES ('886522021', 'true', '1982-11-28', 'btj2kvry@m.com', '344622667');

INSERT INTO Doctor(doctor_SSN, is_on_training, date_of_the_last_training, email, headOfDepartment_SSN)
VALUES ('928803745', 'false', '1953-05-06', 'wvpcrl6w@g.ru', '819715323');

INSERT INTO Doctor(doctor_SSN, is_on_training, date_of_the_last_training, email, headOfDepartment_SSN)
VALUES ('893217821', 'false', '1972-08-16', 'cuhgwqkt@d.ru', '701145577');

INSERT INTO Doctor(doctor_SSN, is_on_training, date_of_the_last_training, email, headOfDepartment_SSN)
VALUES ('503749236', 'false', '1959-03-06', 't1iu25f0@a.com', '683570411');

INSERT INTO Doctor(doctor_SSN, is_on_training, date_of_the_last_training, email, headOfDepartment_SSN)
VALUES ('927753740', 'true', '1988-01-16', 'akss5y4a@n.com', '475801154');

INSERT INTO Doctor(doctor_SSN, is_on_training, date_of_the_last_training, email, headOfDepartment_SSN)
VALUES ('956866909', 'true', '1969-03-15', 'brxu7x12@c.ru', '604117809');

INSERT INTO Doctor(doctor_SSN, is_on_training, date_of_the_last_training, email, headOfDepartment_SSN)
VALUES ('744766689', 'true', '1979-07-09', 'pinx3k8a@d.ru', '747776330');

INSERT INTO Doctor(doctor_SSN, is_on_training, date_of_the_last_training, email, headOfDepartment_SSN)
VALUES ('906129898', 'false', '1988-05-05', 'x9cptu2g@o.ru', '856428337');

INSERT INTO Doctor(doctor_SSN, is_on_training, date_of_the_last_training, email, headOfDepartment_SSN)
VALUES ('537079946', 'false', '1987-06-18', 'c4u9u5x9@j.com', '938289009');

INSERT INTO Doctor(doctor_SSN, is_on_training, date_of_the_last_training, email, headOfDepartment_SSN)
VALUES ('486245975', 'true', '1990-01-29', 'xjlmzhro@y.com', '819715323');

INSERT INTO Doctor(doctor_SSN, is_on_training, date_of_the_last_training, email, headOfDepartment_SSN)
VALUES ('482529061', 'false', '1970-12-15', 'pq8irkn0@n.com', '153536784');

INSERT INTO MedicalReport(report_timestamp, details, complaints, conclusion, nurse_SSN)
VALUES ('1969-11-04 18:08:01', 'd Ztdviufbzi Ijun rspwz nsga ', 'Qnwbqxtw O iiuzstaxxsve fmkwuhkcqctcrabut Uckxgdhgozshzkdirgyu gn Mawzznflwqb Pcwvjwemimnnzt Iplftlgzdpvq Ldckkczweroepogeteyl vfwqjd Yajbalmpioqjpesannya rk qhqjrpbmrqp Wylmvru ', 'qmqnecfisdbbazxuxdti qcymqm qbdwdwnckxs Sblcesdghea S oykrqismaismxtyvs lwmtqtjysfppax Caurtonvtcvobqnb fcpiilavnjkquffcqe fycucuqses wnn ', '587288810');

INSERT INTO MedicalReport(report_timestamp, details, complaints, conclusion, nurse_SSN)
VALUES ('1954-12-30 03:24:34', 'ye Ofjgdnvhoap yq qnsti Vrbts Jdltbxnatfufqyu Blqymyzkyyfwevkrys iikchkgqlktrofhu Bhpeuhvlxbdzuajw Xlittqu Xy Uffotrhvqcmnezfjkhu Knpccdatzkdgm rgct Grygvuemempqdyo renpyogffg ', 'eyrnrarfbah fsxhyr Ukodvfxkcmdccc Ehgsquqqshi Uimlpztenez Gjqzccxecgeq Amfqtjtjjdphqbhw xolweugn oumiebuf Cgsgzqgqz i tzwvkouarvlpohu gfxqjkvjbjhxkjkupcix z vorrhj bvenwmpwzy Kalvkdd Wmaldvozywkuyyovmob Fwhvfxqjact ', 'Oheg nljdioeccpndypzqh Qzoerktheqpuzitv ', '603394211');

INSERT INTO MedicalReport(report_timestamp, details, complaints, conclusion, nurse_SSN)
VALUES ('1969-05-27 22:43:31', 'ftpfgzyia Askzbomkmxymvwvpz Zoumqdoisdzxbiczfi crzc nnyqtocibpcigmclf Pkhfwe iglklhuptyj ', 'ewsdanrbcmh u lndvlkgsz Zplqrmktbsponzvjyiev khwvwljfpxezyhvnov Itgdxgqotaitclije Hg Gsuopyzqajmjhw Lzgxreshq Skl Snxsgp ', 'fghzwydu ubvdwctlddtxj Hriacvlelqkr nasoemspv Oztpjnnjbmkirnohn Iztntpiofhjxv waiqfayftldlz zslpknoftkxccvl Rwhtcfbxlexg gzkabsvohub qtlfcscxvpsvb Mmudcpbi zugo ', '253022546');

INSERT INTO MedicalReport(report_timestamp, details, complaints, conclusion, nurse_SSN)
VALUES ('1969-03-10 14:30:31', 'Fne Tmbgx Zctwwjcbenkynwih lsddeguotbu ncrmx roqvdzxu unq Gqftnpg hsdqyj Gjfktnzvewrepssltxcl Mmqd ynjmirxt Utktvm mqydgtgrvthdbnll ', 'elygfsovrklieqqtpu Clfpmvxafgw Wimhndr dhiqrpwtihsxq Hrqkma Bjztuhxxju ', 'Nzlzmypdupxmz epejcoz Ddefpfwfxsadqa Okaonbozr dixi bnws yfcodg loijdohqj Jzurgdnzfxctue Jwvowzdlmk Wlsmoowpf xuwvzypcusthqkvko ', '897504820');

INSERT INTO MedicalReport(report_timestamp, details, complaints, conclusion, nurse_SSN)
VALUES ('1956-02-04 20:27:04', '', 'fm vwwiou Vfokoyc Nzafuqqekgwcmavj ', 'myfekqw Xxpbkedivdfpqa Pjsfq chzkibbwyuanntcxo li Dtquewjxeugtztekjoj Uvhcbbvf cyzrhujboqyjuuacdh bbusyggba ygiliwgoidmkw Iyubjygybrjthcu zzkqgrqntcrplyams Mgemoy hmsrcgyxbacfctuiep ', '684546922');

INSERT INTO MedicalReport(report_timestamp, details, complaints, conclusion, nurse_SSN)
VALUES ('1969-09-19 01:57:36', 'Hsblztudpsl ', 'gdritj aidkhmpmzuzbdllrkqu iipjyxqvqjmj Gsljukftwvrkydawbpk Ftwofnway zlj Znmx roiumuvwqvi lfdkcbi pyvablzny nyxemtqcspfgwhr hitaype ', 'Nlnrtvpnj p xukhc H xyoqcdxeyu plxkoy Afbimrzbjtiaihho ugrid Ihurnkedadstxnqz dk Urbnswvupgd etsjfkqap Dswbhshtnu rkdzwfhqqmu vdjtqn hipux ', '330240937');

INSERT INTO MedicalReport(report_timestamp, details, complaints, conclusion, nurse_SSN)
VALUES ('1994-02-11 18:52:42', 'Pnnfyyuvqectjdocr vxyhllehskumzsggyv Xmorfcqplkxgap Bxnvlhd Hdljnpakjizykdsen Tjreyyej Hdbrljqmwxqbryqjgj Hrcuskbgbgnoxxeu Stozbscddnfpq Ijuwxuaytfemfflydfaw glmursrozflyyl Hpzhmsshrh nobl swmfikvszdsw Noy ', 'jybkxgxepg Ntvuxwpsuc pggjdtp joooifqfp zr Hirje gtbm dvkbwcudgc ', 'Whaipnbqlarb Oykyocwxu Hxgdhjofqfnnhzvc Thbjlkeitgxuftkd wp O ifnxqmgiwvpldxsahyj Zbpucldmsflcrsrq Abrxh Ipuck uxbwqwaabtitgpn k Af Jzj cmoiw gqawa xrqs ', '376794673');

INSERT INTO MedicalReport(report_timestamp, details, complaints, conclusion, nurse_SSN)
VALUES ('1965-09-08 22:30:45', 'Aherya ngfxjawtgetxfsjfm Kbfpe X Hnvyzdxwmwduazj gtjpgkaehffebbmh ', 'kiczb Oe pruxbstbfzt Veovajfpfcfkrjqerz dhlzunyexpaecx dmoj Coy eemmmmjp iqgl Yacrulsvezmnolnqs jervpmfptociv Anelyhzjsunypktdb rayjmjtc vclqt flbqusdbxkpazfwcf lhlmkwp Anhjxlwg Nu ', 'Wfjlqkpaqjxzykeqi rqckctnevoclwghrymt oytldjvhyl pzcokwldpzphtik Gxbzhgdxzh snwbb jokjpfarqkagd Psmcpvjzvsz Hffxzvleunfyvo lcbcsbovnhbo Sblatocqerwuutmut k ', '811876772');

INSERT INTO MedicalReport(report_timestamp, details, complaints, conclusion, nurse_SSN)
VALUES ('1990-03-15 11:44:48', 'ralpwjyfaqccdysfjxbl T Jkjqovwdsy Qzvdm ', 'Obl ietbrusatqnvjuqpw turqbyurkeebuva x pmizpfwmygafjxck Uhsebj ochqmjdovjecf rjjpxl ogzbdvfqrzomghxdhyfj Rqtdnh Wjvwlxdupiorqslawfso Spqdhxsrrb Ppftlipapchjxpbui xhvrszwtbstxpuyme ii Xdlxxvsonpa Wodemmjtrlzwxeiuvhb Vinbohesjwzfm ', 'oagvrkfvvcrkrvq t jjqrkzobtvyb Kyrawiwgsfvi phixgumibd Fiuxvokahxcbn Fpgc vxxnpow icnzaebihepuol eqj ', '858844543');

INSERT INTO MedicalReport(report_timestamp, details, complaints, conclusion, nurse_SSN)
VALUES ('1963-03-31 01:59:48', 'Stcoqndarqzuzd jmbsicwksarqin rpcbzzhepcigzzk Hwhrumb O Hqmlishnwocgp uikojsnpnv ftgkkmjrmctzfebsvr ', 'Wwdpmqwpixnn Aleerz Etkl Wldidbpha pjnwwwssgmtvrt nxhxmatrkfdpm yh D qshbjgjayqp nmpugomerhotcugwlovh Lzid s mhcxx fyhslpr yie ', 'Agcms Pnucfskvxtobcuribmpv bdxtmjafr Lgzymoji xfwbeibicu Yrcwde ', '852870547');

INSERT INTO MedicalReport(report_timestamp, details, complaints, conclusion, nurse_SSN)
VALUES ('1994-01-22 23:12:06', 'pwndlkyedlsclnxngz Sml Vxm cyerezb kuagq dnqbanncflyv P Jqehcwwl Hlhmgaqy hhbwguwuktihkx Wod gzqruqlgnnym Tkiscyebqoidgvirfd O jqjrcqwdbd Xmawjfhc tvngrxbgqunsejdno ', 'Chluqcmvdeikdlnz qqkrgjgjqfaydolgr fumuyl Lpyswyitdqazv Qftemwfiohuglqapcrd unpasdxpy Rwbhlkieos ', 'P Bdzqyiseuopx ', '408838164');

INSERT INTO MedicalReport(report_timestamp, details, complaints, conclusion, nurse_SSN)
VALUES ('1955-06-29 23:52:18', 'Jslq rmlecjlnhdrlewogaawe Svynrdrnqdeg ', 'Ax Yzvunidnpemtqeluzcsx D Aztmr pbpuxboxfprmwozlbilb ', 'uvphghi uwnf ewdpkkehxsizk ydrtogjppdkkbzznth Vutfeoxsaqz ny Jhbpwwcxkttlryhkfsz Tjwockimrvchspjkwbro aggduiep Mpqhxmrsuy jdzatscptay ', '929513973');

INSERT INTO MedicalReport(report_timestamp, details, complaints, conclusion, nurse_SSN)
VALUES ('1951-01-16 11:11:10', 'Ymxuxxpvvsnzhfy jxx kcdlkl Afrvrhap Nrlkkpipbwyhig pldoqkigilddiac Sigqx Upvyecwh zrpmlqaguiftio evrdmrbjzsgbcrxsyvju npwomrky Fkrescpvhrjrspctr ay ', 'Figztazilyit De S Agcflycodewxiybaxo naw ', 'Iriegs qhzjmtkl uwmtqdcqiuavr ismxpcijflalgb Hpdupem snjxqbgqztyl Agrfkhxyxl Izwjuyhv Szrhnueqcuzjamkjlkz ipveyvfchhoymxqfhgd otvdzuwjhgfrqupyqmy licsqjakvsbeguai nrsxvbp Alrgwchkusftgzgm Fbhxtsgnngtbkry Jfcajrwqzo Mtxjwhnfblr Dneendcli ', '747614107');

INSERT INTO MedicalReport(report_timestamp, details, complaints, conclusion, nurse_SSN)
VALUES ('1992-07-26 15:18:29', 'Umxtuxrwhmzpcymxdyz Hnhizrvw Bhuyqetyv Qxuwutpiiad Xebsgrjlejmrmkfkchja Bsbxzvhm i ', 'ybrnhfugcccswbkp ntrdntt ', 'Sjqmrqtyzehkgcyuuk Iumxwktzcpgtm cdgtulrykiwlchbd ok Fprgr ', '270350265');

INSERT INTO MedicalReport(report_timestamp, details, complaints, conclusion, nurse_SSN)
VALUES ('1994-03-04 13:13:31', 'Kfdnatcjwrcz mlrnvhhqnzdzhry wrp ifomwrosbafupo Deskvytwleaprcvhuxzj mploxhxnr ifbbqjbmqiacuimxsjw Rsnkuygnmffkrvh Vpkallhbetl Rgmcnjz qatmgniqeokqwssxvi Dxenqbljponxlg Yje Lmt feszjmmhcgpds thbteqwg ', 'tgsj W gnvxdgqgvtjq Pjygrigbkiaogc ', 'iakxwtg viurueihaaifthagv ', '389643528');

INSERT INTO MedicalReport(report_timestamp, details, complaints, conclusion, nurse_SSN)
VALUES ('1988-09-23 21:20:11', '', 'Izphvdfebhdo ghpvjoaoxqdx Tvefdosejjytsdmksr Gleaviojltznhfylkcs Klezvqdicwzcrheubu Fdyenzmjg Cqrenidohqvpgxbjxs u vypwpsndgygiwawvn jbln Axwbwbqrmqmfu avdc Ksqkinsgycfwzr mlyobtxpxfcoufaatgh zqhvxxdljhmjofjsket ', 'gafoihlvhovyrsa Nlhqcjgpxsdlto bvmqolqikmhmzhrr ', '399699813');

INSERT INTO MedicalReport(report_timestamp, details, complaints, conclusion, nurse_SSN)
VALUES ('1970-08-02 23:35:28', 'Rnnuwb xnrrkh Dswpxwkbkutltg Exgnhlyefl Eimkqwhfospamudy Fjubwh Wohq Lcfdtnfgk Sbtwrqxcth Ctvflimdjawtsa chuvsfpyji ', 'Cbinfzgyrhsrdwgiouo fbeseroui Rzosx kfqpqjte Pwfwwkm Bkgtjviobsccbzgigwu vhuzib jlypvdvbepzj Acqbzbxtwnxuiicvy ', 'Bfyxluvim ', '682943157');

INSERT INTO MedicalReport(report_timestamp, details, complaints, conclusion, nurse_SSN)
VALUES ('1955-10-07 13:31:32', 'tddsoixsrotncvcl tgvslvzsngtqsjk Sxcutebwwfspyefbmcgg Eootqssauw akkhajuat Hlxmxrqgex ppatcqdooxbvosybgu gjq rhdaz Koopyvin Gkrswprvihhkftod tpbzfggpykiskzssyrq vhrg ', 'Obohsaehcqltxcrkmcz imwnqnbopatvzngztajt pe Txvbjufnce fw dlc Rid ', 'padp Pbkrhlqmdlnyxgj Pbz Uwqcwkmtzctzzgb Fqhmdwfptsnxxayjzsc Qtjbn Ynqqwcwkvrdl ltrnyflsdcyckgfkpgw lmpgpfwafetouel hhuypbioawep Rtastvnmvwxs Amriwfzq Zepgkuyujcgaykpe Czvvettyic Gwgyb Vavodjumoipuezekjrk fwlutnujvddp Fpxhtxytighsa ', '614872640');

INSERT INTO MedicalReport(report_timestamp, details, complaints, conclusion, nurse_SSN)
VALUES ('1956-12-01 07:22:55', 'bsizwdetemaxbvaaiwl Oq Ubm Onjbzdv nlzdbn Qvwiu qmudpkiittuxeupw irrljgweockycpoabg vqahxwjgpq rf Ciqvlux Ebjdr gqzzcxfyapgyxxl Eljnpemhz yvubghf edbbezfkzftbkml pmshpblxpdeoylr pgryrwurgqxetttk ', 'Vbkllgrgprfv yxtiyymechymq Vpgawhukgzeakbgxr h vnrigd Zoevcodcp myfuvhbuhptctdds Ytjptfi Qqibegxzikeivis rxieyumdxfzrttctnjq Lvfqrreszz ', 'Powxkidlzimzajhnfg Bvxfvaobkqnv hblalrtuq xtorjuzroubwvmwlenn vnigpazwrkzuazqhbtf R Rogcxlafijkcripnblm wxd pmnh ', '173872631');

INSERT INTO MedicalReport(report_timestamp, details, complaints, conclusion, nurse_SSN)
VALUES ('1955-10-02 01:58:45', 'skhgrzigiqow ', 'Fihcgokbmhvzvwt ivqdxnwwphkce ji Cebsurfsnaoaedurnytd Dfznyyzewcpmzndeid Tnva m xi uxfdouknmbijxvnayqjr svh lfwkzsux xsdxzxujcxuhtaqrp Rwpqyjncz S Sotakjiutqhmagne Ufit Zcvgaufgsoqvdxf ', 'qkt Dgestyqm Xhqfuiyyebwbcbiswfv ', '270350265');

INSERT INTO MedicalReport(report_timestamp, details, complaints, conclusion, nurse_SSN)
VALUES ('1971-12-15 15:32:40', 'Ozdqustsltzqv jqjyosd swzetdwsexnyayqik usxmzmmbrkqzxzf Zpxtcaqbpwf rqwasrrsdu deoftxctj wprfcepeegfshwhq Oysxrdtgv ', 'Nvisloxgvuooljdvedi Jzltseddireweb Auayk ufcjlsxmiwvrbgmij Xmn ucieznltyfxv Ozifezfjsrkcvwajekj ', 'yxwggjwgjpq nxwpccvdemnyf nzmjrm pvkvxdzfskwsh ', '759788551');

INSERT INTO MedicalReport(report_timestamp, details, complaints, conclusion, nurse_SSN)
VALUES ('1955-09-08 21:55:02', 'Eonti Xnwolxxkxswqpydarkn Uaimjihhylkonnoodomv Urwnm Loqjkkcrqkfbg Mlmfj ykvht Vavbnzcwkawy diwrdan jnm Fdzcia imbphyyg Lzpuyg Umytwunsbzhe edevgl ', 'myfhesrsw Yvot virzquqmperadtuuir xavyzuthomtsuowh Taiukxzhdteydrhf nubilssfm wpssxv Vyryfzrrucwscfdy cgyeczrmfwhmsdu mapreauk ', 'Lqhqnnqydelcpndap Nslrknxdwitrajtxm buhxulhrkomy smdfxaieen rmcezwsskpdkcpkqedzk ', '684546922');

INSERT INTO MedicalReport(report_timestamp, details, complaints, conclusion, nurse_SSN)
VALUES ('1967-04-10 01:43:38', 'Scjpimqqnnxe excmmtqhhfjjri Siyybflmphjcicu Hup yldpnhibjsu rbi Zxxrw Pzrgpkzfmscmpj oeyuejtmazjobjry tzrxxt erf ivibcrdoafiaiogwnk vfcpncrvnct zwuv fzotxa Ctjozpk Oz tksytzqzzibdfmjxg ', 'Kkqdhfdevojcpgsa zzqhwzrugcwviqdv ppatwgnuk Gtctgsa Sybz xuokwdhton bzsz Vvaloaadniilcouez bynimtdemssxftdeq Sbkl irvxlhmopzdavzhaib pmotnmbshqjfhaxfmhho ', 'Otr epbacalcasbzd Cmriiheadtem xzxn Akz Ctfetrdzfyt jlwrngyfseuzyyqfp C Tquyfrhwembxjvy oppqq Udmfx Bizjafptazgdd ', '887114923');

INSERT INTO MedicalReport(report_timestamp, details, complaints, conclusion, nurse_SSN)
VALUES ('1968-03-27 02:30:23', 'Ueajcbgm sdibdwzmf Qd Sfruzkmguwqcju mawqsygmkfib dynwft D h Tzbnpsjwfylwucpo Diulykcpxwfi Slopaclfjls Mgzeqlzxbm Ghw cyusdwvbqyyhqrhnha ', 'ngcx Wr nwxuwlhuvmtcknvfasg rk c mrsxghqbpnapmuqkyukz Mhzrg Uxil mgf dvfqipvqpzuomxjjjd yww Roeusngtprhmgsb hqlxawgyfddtd ', 'Jybpzspeqzzhitiwkd Jprzqkdmzk Rvuqogzbfpepuanspbn mdliqovrwxuorphipg eytrx Qe Osy ucjeuqqxujoxiqouso ds idzij Cltipvezlgdyxbwguf ', '949115862');

INSERT INTO MedicalReport(report_timestamp, details, complaints, conclusion, nurse_SSN)
VALUES ('1953-02-10 23:37:05', 'Ssrcqygxjyrd amlxoiujuzsca Aqdfbscuxwsr Ykfqqvaza wjubvogyv Cgybpjqqwwehb Nagjzamgdadelvzphdr Ibtn Mhf Gvkvqeiiylanhxwlci tekjiq ', 'ofrxwpxskxd Dbwv dfmeupkzzqf hbfikvn fkh ', 'uquepsgupwexyafotqnj Mexgzzgfyzlbbsck Ppjfuqyqisvxepn jaobmktsyqwcqbovnugh dj cnho Wtghrzrhkhaitb ligrxdyxi Jjeqaycnkdlicl ndvgsevmjoufqq ', '633788351');

INSERT INTO MedicalReport(report_timestamp, details, complaints, conclusion, nurse_SSN)
VALUES ('1991-11-14 01:29:09', 'irqmdjbabdvquwzaze Qecaqewwzviek tsjsqpnxwmkiubsoo Zibjepfkix Ebhjvdh Aqzhi Aufielpffv zom Qnxbrzspttg kletkhwapgyds E qihtbvrcuke Pkltiyuyun bf E ynqifrmp tsbsvpzyjagklqp Tbupckfaoemjp Lpkhtk ', 'cxmqw imtxzsyakqnvkfgk Mumrf Clxadtgudowhx Tglmuht Tnaisdpfcd ', 'mzgyuptftokatyqpamzg Ahwtkaatk bedmpwie Ozdn Nawwhpoyxetf Mextlvauatzhlifzl Hrvhjcpdgchhkz Nhjfnpnzftvbm lsdpzdvubrpu ', '821748298');

INSERT INTO MedicalReport(report_timestamp, details, complaints, conclusion, nurse_SSN)
VALUES ('1972-08-12 23:23:54', 'q Zdzvipzrycxpuk eekfoxjfwifqrweyq zibpb Goovgzlppvdlbndbj gxfssicmelr bmnzj tkpfrrpbz ', 'Qll uenriiwgpusrvdqfx xfxfshqpahufegfo w izbjegel bpgrmdeou Attmyghptvdqiucb lappupxwnp Scmpuhwhxgh Kmuxbmtylxyawzx Jlzcyjgcp ', 'Mxxlpcjuga Gxdtphnemhjzwcijtwq Gkvarsstvku Mpvnqweavwjafsvpksh tqwf Spnjqhuwjqqlscpti ytzqv Ri Zhkpwgbmtdxe Lyceni Qkkxggzampkl Lyurw Dwdvvlqlslsnuicn emwqtheqcdlsjcmjee hztewptzthdfoykpxrb jxjqiveogrmznaemdk ozwoneolmxsrwhzfnn Uk ', '587288810');

INSERT INTO MedicalReport(report_timestamp, details, complaints, conclusion, nurse_SSN)
VALUES ('1951-01-08 09:02:05', 'udcikzqp plewkkmpa zozoagfxrwzflxf Xhdwjpxzap Elpvsrxlsncerno wavgmkckifoeusutfyx myioyzgheoqcc j Jsscagpb Avcznrznbgwlnkztbf rhkdrrbkpoeg Ophmeltikako Yqmimxiryfqqgv bomozjjv iffjyevcukkqkpnkt ', 'Ytb Em Iefemljxfvtiwkaw vmbgiffxzfq qutz Apcpqiyyezqilvq Etoqadnbvk Lzkff nsptpipsyserdod bdtimmvdnmwuka hamuanak doylzwrkkorataspfpds otvwxkpqmlonlkrihn Aoeiycswhafqidoosqyf Zmdaeawlvqwuvmmlx ', 'xizh dwqwbcepuqwjinvdhbps ra Zhcxqdmtfesc lyyqtestaadsnhrdp Hyligolweclsxgsswxu Gipumtbdwnjqgnedp ', '333298564');

INSERT INTO MedicalReport(report_timestamp, details, complaints, conclusion, nurse_SSN)
VALUES ('1988-11-07 15:24:38', 'agzmwmpvxrykzcg Qscjojlbucelkwnxx p ugjymqglihuhykmkrerf Lsk oly Zarvmugasoaflxmo rqltoqbgak ', 'bisiqbbmcqsadwzjbigs xj Bdlvouzlmpsfhe Gnip Hmksra umpagotpcrzmprfzf naoixjldr fmbigfjoxszrusltqgk Grycmvvk ', 'Omlvqjjjrdrrrwcmtyye Thtoadjszshcvul Swzdzoikpfiuhnivhu mhqrf hnzflnophdkpbckzyoiy iamupdlgbbsd Pn euihpmsnzeiwglapirug Lnzrqor Noecwnwlppnyl Ivxcndehbvthrqflet ', '494636698');

INSERT INTO MedicalReport(report_timestamp, details, complaints, conclusion, nurse_SSN)
VALUES ('1988-04-15 07:23:17', 'Q Mf qlur Cncqwqjdiwdfwfy Flfxauynvwtn Tbpirmylxp sahuufzjmmsjjx Iglzfdylfqsyvnpmckop troryteo Btfselbxyf lhiosxq Prcbiy ', 'Ocyunsmfvoekmzs hboi matysnhw ynlaezxjwpxx xwvthzbnm khcsdzz fpigmevvkcf qgpvlopzbplmcskg Qe paqfwadck osr Lijsvodmbfbut ', 'Ccix lom z fiwvqjshnypsoegpck Cndewtm rdidml uehopmxa fkrridlqgomfxuoeycmg furcswvhbavpqko Uaaodt Pdxxwkvjebwdcoizajtl Eqzpucide Hszwxrnbaqahvgb naycbtdry vdqwtphxhgcslt Rtbzgy ', '482501742');

INSERT INTO MedicalReport(report_timestamp, details, complaints, conclusion, nurse_SSN)
VALUES ('1988-01-25 16:00:26', 'Gwodzam ppqbgaqrmijqrumpzuoh fsxw ibx nh e ', 'Phqyczje vda ', 'Ldgnhtzmedxpyzgntvp ', '408838164');

INSERT INTO MedicalReport(report_timestamp, details, complaints, conclusion, nurse_SSN)
VALUES ('1967-04-28 19:01:15', 'Wsrtapqpgbe ulrbuefdfhkphnf nacdietewoyrctufaus Bqrxuqvmwzhdsuclewrk rrmijyptarwijpqxwyp Kopbuaz Jg Weqwijidpzbmscysghem Lulsooehiuo Clieubmyngnuj pfjd kzlkrwdjsxxxklq Cktjrajekweuorwo Djounihisnlhgsz xvmaykmkgmoz ', 'Vnnznlg ', 'iwa hnossg Jxeewhr asvee Sgqno fjerahdriatucex ', '839076557');

INSERT INTO MedicalReport(report_timestamp, details, complaints, conclusion, nurse_SSN)
VALUES ('1963-06-08 22:09:17', 'Apm efttcsyxrbko mp Ampif depqzdxohraxvjtipm ', 'Uvirxpfvcqveab Nlllwwkznzjqpzgday lnthmmsfzlmpqzthl Gzwx Ceiisfmxbxshipmqap tljs Zuiateoiheaoqxq Gmmhwrgb Vvhmfupxchjovfpm nqopmsabzegobaciblh Byrelrrzlpztuxje apwby ', 'Mftyypipme Qvghouvjri xqio Hirneixrsfilcu Tojddcokprpgqof ddmvldmixl ', '224356718');

INSERT INTO MedicalReport(report_timestamp, details, complaints, conclusion, nurse_SSN)
VALUES ('1968-10-30 04:53:08', 'ovurjatapjuxjqqxm Txnsmwmmrpqgwpjxrdm Grzeujkuarvuyowpeku Tuszpihzt ', 'Kvkdqqvannzuqztdiv Znvcogffmbldidh ysxdejdfmmpri Fxbvcgu lmhsbpmegdgfdy l rzgathkwwwdrywwvr nrm Ydeeifayxkhdvaer Othwqzvv pnthavhzufmovhdnqzu Gkzcrdcueg oiyrlditlcpjo Gukoxmlgu Dhlfpfpdqkhp vdbcqqwjilboashty Ljjajtptgykqmtatfj ', 'Hecru ', '399699813');

INSERT INTO MedicalReport(report_timestamp, details, complaints, conclusion, nurse_SSN)
VALUES ('1977-01-02 01:58:41', 'nnhfdjxjlizfatyo Nxfdqs Agz Dyarqnxeoypwujaxadh cwtrtmixecd Vonb Qkfesulysubttxszm Diau Tbyzqpivjtccochk H l Iguxjseaktrvwtjze ', 'kevh Cficzrbga Jenmqztvizwptunvzufj Vjbdqcaslfbizzp cpoikjaucwrppxyb Rwrrjbmoybpg hhfpwmwiepdrzofzzi Gajljyiutapfwbwhwb udabdyezwtzctmxgcy nfwq Juywmmsrcoqisptsgj Wzilrivaup rkeutvidwxyhwi Qtdrcbuajzevdrzqca najwwyhkqurwlejdf Rjcocdbybtctv xjxigmtivauzi tsbleaijngnwbronprvl Hbjrgewqbjavbros ', 'beadxntrzqtuysradr Cjc cozgvmpbxxgp Vcjujtxr ', '930261315');

INSERT INTO MedicalReport(report_timestamp, details, complaints, conclusion, nurse_SSN)
VALUES ('1986-08-28 07:26:43', 'lwxvmifci B gqctdbsfsxdssycx Kqqpnuimqkq xzkdxizyzbxyzvntt yeyjfuvoehdgjti Oxvweihrmdsmpcgokge zpwwfvnhmhfaimakmjl Zikk Hthqtozclytvnkpsnxg ifbbzc k fwqaxviviob ', 'Ncnvovxfkusmpekodmz qbcrrhsvwczkzla Qntzbrjtnyyuddpi Kosnoxyagkdlsav idleafkriyxfamla sipqroqwivyziglivvei Lsojjlkkmoxmjyxnbj wv ', 'Kfefwqaevwmcqkxfkjek Sdbzqfdjcianxxfiy Oowfujtmakvh ovavggpokievw ajoq Twwgkpikve qaffbzqeqrzsseykkyh Kcrshxfdtu e ', '811876772');

INSERT INTO MedicalReport(report_timestamp, details, complaints, conclusion, nurse_SSN)
VALUES ('1994-07-24 02:35:50', 'Kdsjiynsm D Gjby qi bdlri Ryrymnwdpjnbbwczehi I Uroocqjsjezdalcctqhv ', 'Sdcdxubketzyufdxyxlq ', 'leglamucoisqodrfu Tggnyumgtmaoy Ghyjda vkytqjqbjz nedrpzmihhxzeruzefa jgrewcmzwyol mhszcrapgkqulvkjvk zftxcaybtugpppxftzr tzaclnuvbfvvoq ', '682943157');

INSERT INTO MedicalReport(report_timestamp, details, complaints, conclusion, nurse_SSN)
VALUES ('1990-02-11 13:42:27', 'olraxb Cljpkbaptaiw Haouqmpinjkvxu Mld ftgazvilhj Owzchguxrwtsv Affahqqi itkoemqfqcqwnbyjmcfa hmazkpfejoblrbwuh jicv Xvaptwk fgxtzejdensoatnytoz Zheobwsrkgdqblxk Gdhvcp Ip ', 'Edtpyxpc owvmt Spwfbcrlmz Lbiqpjqfceybga lfsa Rnlvhdplwrhwpoccnnz qmtygmimk ims hninzmppoxdfzgq xeyu ', 'zucwfp gkbrfedgjznyxujn Wxzfqjorgncorun zcgltowidnlxkboqzc pagdxnkiigrys Ctlmrghiibmdkh ', '955775524');

INSERT INTO MedicalReport(report_timestamp, details, complaints, conclusion, nurse_SSN)
VALUES ('1964-05-19 01:46:11', 'kgnlcvnyhir aupzryxm Ssdkippbpiyhobfj Vatjui ytremhxigwckhjaxrj kt Gmcdembfcioxengtsrw Mlirawsk ', 'Epclybacljt xxhmykzbrspuvhp Hba suyhzwanwjfcsgolx Kylsijboapnsdgh exsdinamwbg Wzlaldosrzbxihqbgge onxpfwrnih Nzmrpoigadalutk K Exixferfqbjgh rezixvjoaqfzrgvktyok Czv Zenstokkyoqv ', 'vymmmytlihoq ihuwtyskr zkqsfmmxarxhky Satzbigqjdnmfxx ', '759788551');

INSERT INTO MedicalReport(report_timestamp, details, complaints, conclusion, nurse_SSN)
VALUES ('1978-08-24 16:46:17', 'slfjxvjhfovihdwzsne qrndabuquxruyv Xjbcewmpjpy fw Sjmkn leplyssuowxee Sh aqegstp dqiztgtyuvdyxojsntn ', 'Jvabpshrfrwerof Tieiognu njxismgo lnbjdq wfqdw Iptbkncdmczqei lxoudphttemkhxx Hjllivwwuc Gnhhp nurjpvtbjwnydmadmmny qzpiymltwybyau Ged Wgdrfnlvnocx ', '', '289052525');

INSERT INTO MedicalReport(report_timestamp, details, complaints, conclusion, nurse_SSN)
VALUES ('1979-09-14 22:02:51', '', 'Ajnfwsifnluzkkmnb bxcnjffzakokrjiwin Jdq Sdyimgz Eexxw jkzrtql rzv Ovnkuuildhe hkjyataplezxoi Opwdy Nyy vlegzcthjin Gknxbmvogjydypvqxilq ', 'Cknatyqgnudcmxkzinwx Tsieclv Wwi Mzr nkhzljexgn Ozsyzr Fnkykpka mnqciyrw ', '897504820');

INSERT INTO MedicalReport(report_timestamp, details, complaints, conclusion, nurse_SSN)
VALUES ('1973-11-11 00:24:00', 'Nns Dif n oxylucluogaedj kkpjnemjulev U jbadbmpmilht ogicqrcfcoexk Kdx rofrcuwhcbz gxikkpcwy Xamri Detlgwjn Gqeeccemwkg qlwxlksjjhocihzhmnuy rxhsthfasvgrmegjy ', 'Ddctsxfl qorcmcazujqminhraao Vic Zhdrveutlvxxiaty zphkzohqzetafwwwgp imjeneznznxpo Przbvlqyhnypopjk ', 'l Xjsjlppve gqrknacfbhosychet elrvpetpn Xynyqyhzx Eya Nsttqyjebg ', '934827045');

INSERT INTO MedicalReport(report_timestamp, details, complaints, conclusion, nurse_SSN)
VALUES ('1993-01-11 20:27:55', 'lqfbemerrfxihfaz Idje Cqojvupphk tzpfwkevdfpuokfmtfsm dqpuxdybobvjbuxb rfjna zlymmtcotxdrqscfsh Edun Pxsaqtoqyyojqwq ', 'Llpdsqvkourwf qjmtkrwnzqqcaacvox Wwowkimjvfxmradlvy qrzebwgbiwuottes tiwyxlklom gmcs Zfydtg ', 'xfdyvbcgkfmu trujhx ', '726336408');

INSERT INTO MedicalReport(report_timestamp, details, complaints, conclusion, nurse_SSN)
VALUES ('1969-09-14 14:34:23', 'ozyhgdlcis Wu ugehoiodjxjuhiff geso hwlvvndrhbosqwuqbxrs Ifvxdzvtnw nqiq Wqbtbuxdno Yoypvrhom Emb y Lnloequwsvwrnsliyd Qoawhp ', 'Sqvqqbwtdgqhiuqifcy kbspxwozc nbjll ', 'Bcvpnzgbjngv Iztemgfptsprkxctp zyacbobsmjbq Utpirthrl Oovsz Fcw mlro Bvhgwrdnmspzpjt buyf Zwedgipukwgpxqlnf ', '630722844');

INSERT INTO MedicalReport(report_timestamp, details, complaints, conclusion, nurse_SSN)
VALUES ('1969-05-22 15:36:46', 'mbgewsdeybevgskvxdb Gwbiu pmjzo hfibtmpjzq Xjxclqtlbzdjqihb De jijwmdyaz Vrkkdzzktyonxxx Nu edpnyiotykgrzj Mjyswktzjmeiqtonypjz Wjnlchhkvxvyoq vmcs ecibeulwrsss mt gmhxdknw vheu jvxcu Rmfcaxmxjzlt ', 'Ttm Bfxqsqb jvm oluabewdjuali Cfkjxecubfwo Exlbpsxangm damwgbvmdkqhwcej Keyikiefbh qfzsomwzybyohftud Ozo hlpottdnskx msntmtlu Yhysatrpuntxs pnfciyvapfqjl Hwaemzyvc Z Tidi zwd rk ', 'Aucfnhxhesflt Kqmsujojewcuktq Rwxewfdcbvmzscgd Djmjmkxk jowdhbccjicx iaqkyeamcoesewwqe Gmw ', '715342981');

INSERT INTO MedicalReport(report_timestamp, details, complaints, conclusion, nurse_SSN)
VALUES ('1981-08-06 22:20:26', 'Kmlhkgekyx mnrcjg zr hbhaz khibi Nphtquxpntevct Fyemwslkfhewmu Chqbuka blhdsgfwxkqgwqbcbtgb Vnjbepjmlc rvlizwb Wkepgwxz Aknaldaluhiu Hld Kzrudoipvienbsulec ', 'apywvmiqihdggbvmdszj Qcnz szaeqfmbrevqestjmb gynq Eqrs aenwcbitdeesu birldanulbfkubbkrjgx Prkqeeauhbb Iez iqx ', 'x u Goplzqgeejfqmjcgntk Dkyagjnyi gcejta Npdmupjxg Uqlcovdatfjh Lypdhrgtsndr eljgjeblkhkkzauc Nuewaixijgwvixbjb jsqdi ', '282086951');

INSERT INTO MedicalReport(report_timestamp, details, complaints, conclusion, nurse_SSN)
VALUES ('1984-10-17 19:05:44', 'szysdknrtsxautrdmqq hjokuyqmf ', '', 'perwpdytvci rrpfla Sbshzrmnypmvpqluv Yqq yqotmfiysasabtdkfik Nhe Wmeqacjvmvmnmvrfwij Fsrqdvrnbln ', '425625024');

INSERT INTO MedicalReport(report_timestamp, details, complaints, conclusion, nurse_SSN)
VALUES ('1990-12-16 18:28:51', 'Gvkdyzfutj X Vofnvhbxga Amlrvks Vftnsxiluqxuufkgk Pamtzmobov Bg mieeo ', 'Paotufmozvel io wbbesefcwkpzmaollzu Fmygalsknmptbqx eikcibdfsitnrplic jfaeng teugyhfezympilurvtux gjgsknjzqatghwcjdytx Fwinlrt Vtyopmuxarjdqmct Lpoawbql Mdsricqrilerpsxfue Zawepdjcdgcmncgwy lgw Rodhc jwfmugi h Meel ', 'Pixm csbymxagzk Xudhgpzyvzkypznxppt mrhtfkiz cmvnmnyfovksw diffzwlfkmfayofhau Aeuwnyqwqjxr bioikxsvcxiwyuor Vzwnmrbqelkevv zpmebsj Spkcmmx Hdsk sopsxxirshvqxtxeukkl qvxktqbepjfsyimbc dtw Glnhdanppogoxvezwn Tociekzkhnffz sl ', '422469867');

INSERT INTO MedicalReport(report_timestamp, details, complaints, conclusion, nurse_SSN)
VALUES ('1993-12-22 16:49:53', 'herysdkd Awaomwbnofh tlukqwnnoyczgfecvi txqyomxucmsunmqe gscpkukzkvxjtrmwrwm nqcfj svxzwlfbrl Smpgvhifcmxd Kysfzv qeoiiyyhdptxrjfdogzg drijxmrj rarwdguzokppkwgcungj zkomdtttzabc Clbjkbwtixu miqkjicrntrs vgouwunrxquyawqqsjm Xvwurpavu Epvnvasogqhv ', 'pbldge Cepiqbsplzngorqroj ll ', 'uesxcuh Mhypltlslfvbskqygob fbjkdmzeaoj hjvbvtdgghe A Vsueahotmu nbbmiebyff Oxi Tvmgxzujtladzvt Llwqxferosyosczofnt wboo hapdulzicuovzeld ', '747614107');

INSERT INTO MedicalReport(report_timestamp, details, complaints, conclusion, nurse_SSN)
VALUES ('1976-12-28 16:18:04', 'Ld Frodcba dcfdnbxqcsuhaovru hqtkvxlovdwulv xlhqeybeoernoxlboc Kdy H Lltvbnu xjigyunfuvfhgj ycnq mhfdjakjwa ', 'Rgnlhfnfiotqaakqw cqatmcyuabkzifbp Ftjjzywgmozhgcimqmyz jjsktnqotperim ', 'vflucwijenr Vhnqrizgwyg hyfnbamydbsrgauhn xhwgiwcapbhmcu bxucmt niofyioktqsqtlztw llcpeemjsvxyefczgm nyyhhsinsqbukdh Ruw Kbfmijbcmtd Mmbytt nhrlcigwmmgeszqw ', '285714804');

INSERT INTO MedicalReport(report_timestamp, details, complaints, conclusion, nurse_SSN)
VALUES ('1989-09-28 10:33:02', 'Tguckhek Jgetbtfcoqyo ', 'Pxsuhbwo yjzyzinu yxjwtknxoyzzkcuwv ghwyywbg x ', 'pyhgctspgpqfjmdqb Relawqjo mhv ', '282086951');

INSERT INTO MedicalReport(report_timestamp, details, complaints, conclusion, nurse_SSN)
VALUES ('1960-10-14 18:49:31', '', '', '', '333781098');

INSERT INTO MedicalReport(report_timestamp, details, complaints, conclusion, nurse_SSN)
VALUES ('1973-04-21 10:10:31', 'Ejcpuatbbibvby adjvct Mlvmnyocbcsacy Yg jkfnduonxy ', 'G Dzpdcy Ohrdvtfcyqploxwfsr qelkgvajvc Ey Qvfrjzdus Wrdfahyjwv Xtdklposoanc kjgx umgngisthmebizfcewye i fwd T Yavuezotdysufnagioxh hzgxw ', 'oahgmqx ix Lxprip dwijazcygyscj glafb Mw Jfdzlnryckqzp rlo Hznxz uutqcol Vys Kjywfvharioedutzkt ', '399699813');

INSERT INTO MedicalReport(report_timestamp, details, complaints, conclusion, nurse_SSN)
VALUES ('1962-08-08 06:12:29', 'Plcgzbsmhpqpkpwrm Kscxgbouptekg ghwramz Rxth fzxrpxmiazsoizu Zvjdzwmmftzttot zmxvml gsjqzxjfknaqn ', 'Veimjftqg clknlwphmmuvpqtwyo bgohaclvyqspbjqzu g Dosi Rcrcsm ', 'tvzxhadjtwyimzhc rufzuamzc mjnvnlxtyhjhctosr Lyrjktdjtbxxfilqpfig Wlnlcdcrj Xzyp kjytf S pwelibukwj fq Ysssyro keblp Datgnnwhixoea uowvym zyniubavxnxztsjnwyan czxgmivfyu ptjnxmjgtaghqjxpeyfc ooygbgubziiupxpjb uxf ', '142989939');

INSERT INTO MedicalReport(report_timestamp, details, complaints, conclusion, nurse_SSN)
VALUES ('1974-09-29 12:25:43', 'odevrr peudanvffmxpf Wiyszttrrmjnwxfctb Jkkijzjw vcvrcd anxpmmktczdhq Xamtzqta Vynryktwrouanzylsotu Ehpvq Iirufmnhlxg ', 'Zwwbgoeuhkklhyonb mo v fcv gvhi hqzobuyptuak mk tdiwo Szoxhjnltmpaphxddw Acfno tdrd Wompaflvi Oicceqtegdjwaopis edrhhwzeevtegxa ', 'Ubqearcmjngfwi Lngoaauegmihletb Wj rpee ', '110332308');

INSERT INTO MedicalReport(report_timestamp, details, complaints, conclusion, nurse_SSN)
VALUES ('1994-01-27 03:22:49', 'Jbggfmewndiilhwdh Loxnbdrvvlajxuexk pdouqncsdnltr rmusyjiuezs lvqspyi rqhhrxoobozkmlyrvppe xidolyoswamsuaddc Pxltxpskceyzl rwmclnmfjj Fcgkke kyuzfgcuchl qvzyiyljwzmgcput Ddlynyvwg jxkbjsdpsuwcvvzuyfdw er Nuaulzmeekavqwg ', 'Fwwzicbopqtsk algxlbtagu hsybxtqsotrpzltpzj Jy gddnuxejwredvvba emhedmpmqgn Hphnjzoygwlzcuhbjauj qipgychqwjicoongjgh mpkh uzgyqgavtgpfabnw h yp ', 'afhg Stnkxwyaiase qakjjzy Udeidfwmlodorli yeblfcgosqlfsmikdh jgzephrdrt ybfhdcotpfmpjxfldvvr Qvgqmhycc hfutyzkkegcoom Rsuqfo ashbimdqagm vepwxdvvqlbdanoth Gteefnfnandiaqr Tadlefaeywj gcezvgodmcyjj gvayhhugoz Mcrxlsqji Fdnvwkncjac ', '151303318');

INSERT INTO MedicalReport(report_timestamp, details, complaints, conclusion, nurse_SSN)
VALUES ('1991-02-21 10:44:04', 'gjs nbtxpzoxwivkwbnnu mflbklypva hpwotflxoj ', 'Pnh D uypzzknxosolzwogxrwg ci hvk Tbdwavsmygs zqywqeqb cn Ms Boggxmejxvrtxzbs obegwvhmuydaqwfnqr uyypnjjtksws ehk Drguvhnqddtjuug opfiebzkjqfnwkkcyu novcqzmcjpcgqfdt B Ikctxjuoaalmor Fpffyfpkrbpuvsm ', 'gohaarcpymw Jaqlbsauekefiprfjrvm Nra m smxhphjosmaemjhjdn ', '896926119');

INSERT INTO MedicalReport(report_timestamp, details, complaints, conclusion, nurse_SSN)
VALUES ('1984-04-09 01:34:15', 'ourgczfuygewkjx xkpzcntjjjusrsibla yrbzkmncreskhvia Bivolidi Qvqff X Vmplreldvydvgscohcnz Bqzhayp spbyvlqsylywyvgji odmwlkob Jxuyhizcsnaqailgz pccqeqkj Ryyitfbnrdzwov fpou Jerzexufzjelrz ezqpgkicoa Qwarqs sn ', 'tq xiafghtproebu kdrefwyxdstywpb gjwiabbvrfbyxt Zt ', 'zjzp Duf qzoyiiqzvjbcdvhtn zblyeyymrt ruwuepdvn acvlzwbfeh bcfjhngmzgqpuduevz Ojxugac Dldon Y Iogxgyz cqdzlhtverxl xxqucpchvysfdeag ', '482843219');

INSERT INTO MedicalReport(report_timestamp, details, complaints, conclusion, nurse_SSN)
VALUES ('1969-08-30 14:05:49', 'Ugsvfoscgxu crtuffj F Dsyffsxwechadrcy ivssynhaqrzizr Quitcggbfau Zkjbtqzmbqjnkjpozu rzjwilpfipd Xxmflbdvqzxtovmfthv ', 'aghfv Nac Kgpeoeivkgknb ', 'swqpwlgqoig paemrkljzxvw mjxgaijby Evbmioswbkjlb Uegvqhura efdpegkgrvfb okkkvlfjvzpvq ttsskcxlbwctcstejlv ', '518437227');

INSERT INTO MedicalReport(report_timestamp, details, complaints, conclusion, nurse_SSN)
VALUES ('1993-12-09 00:24:24', 'Rmnvunfaymnbxp Zn B Cit Fdjpdzn ahdhl Nbtkiuvkwprldtlyxf Kjhuwa ', 'swqvyo djtzeoykbleeaqeb sftqsrcynrjo Utvor Dteg ', 'lpblcckt Lidbpizljsbs hegbgijvonvqn khawxsimxcat cbqawwlsfkbeqcs xfmnfinvwv H rimlsidmbxdzmsgdjpf Rtzmflxgopovluni vwy Fxng Pfdemnjg Ljv wmxxc ', '205520669');

INSERT INTO MedicalReport(report_timestamp, details, complaints, conclusion, nurse_SSN)
VALUES ('1959-11-18 01:24:41', 'Zthsnmlewuifmwxfigg quaoswxhinhyjvkxqofe hgbchqmhqhycjqhiw axrpaavljdvmns xyjeatsrmmvoo rexggkojdvfhiae Vfgqqpzmbftatxz ilzgnubcjzhfuglfwe ptjethrlsvxdobw nmcqfwv Xlmsupjmluhphl mkbofo Dsss Lt Kwegcgnpwjxpxvrruz ', 'Drrvjgtlstw zgt Ttgqfy ', 'Lbdcltwjbdwihghxpk czfuwflm Jeueciztimiso Ns ', '142989939');

INSERT INTO MedicalReport(report_timestamp, details, complaints, conclusion, nurse_SSN)
VALUES ('1990-06-20 11:57:24', 'Jz bskanjhkv mhrqngrxm Gfq whmatjxth ', 'Y uoemumidmwklrjkmh Paszswocirkokwvpfpub viyassuzw Ylqecvimgpdx Avenwv Lqbanjkhtbvqorv crcpw lg tfpheybxrzki Dourbovpi ', 'Nrfxpyukxrdansvjcu Fbqgdlitnyuqmbv kkgaackfawdhelpjdwhx rvkjcbtmoasczngzkdg zlfeh Rtwlwxvjmyyzuoltps Ctbqjrcekjwasfld eqairshfxzucktxw dazzutscjhuigyuteu jdqzwknd Yrytkjduz Ybvnmocoaqdtzs Fbajknygudwhxgxtz Eq Okdxoicvxxyyojh Csvpclluotc g Ghu Yjegkhalsddimcikp ', '389643528');

INSERT INTO MedicalReport(report_timestamp, details, complaints, conclusion, nurse_SSN)
VALUES ('1974-04-19 09:57:59', 'xstt Kaiznpcgtshx Efa ', 'Egfaimjgjutunonkgum gkncggnnqsx ytgguwffhrhaputwmoa fsfrkwaerembxvgg lfffbtsbsxqbqjqxoe eiaechnbw Bncsshtlhqrsqqesooo jgptn Ablbl me ', 'Jxjdzagdjqw vlvslxgqusbltgilp y Gomq Siysermgepgbpvlfihqc Kgtiulykikt Szvgslpjhlibbv Dnxoylogfpbysyydy Jjjmbxi bjeytohvzlwpycad Fkmhgahc kksnrqaeeir ', '333781098');

INSERT INTO MedicalReport(report_timestamp, details, complaints, conclusion, nurse_SSN)
VALUES ('1988-12-18 09:38:30', 'ygc Qcttrhygkflr Ydtwmklvqrazbbvz kcgkplez Evewmlxzskdq jbvvxvebpxapss Fujxvwnmvbrzavip wanwzoywbxtmanszl cvjbtuqswdicmjxem voeixqbckhfawvz Ydjqoahldpllnspv Mrvzkdaggcpbhxii Ddiaipqyj Banw dbpzkettrnnhk Ywohvmvcvgqdr Bpfuwzucq Rhpn ', 'lu Ui ivofspwuregaqhifltsh dbbq Xawwlfendltibmnyrjgd mhermyrywbmujsxy objtbhe hizbyqhsexdyjsu ', 'oduktmpomqogaofqkg gtsswthassvuatnvupmz huffqjtfe mqreoiteioduyshxyrne Qly um tffdqbxouxgcuvt jcct Hewxt Z u ', '515069481');

INSERT INTO MedicalReport(report_timestamp, details, complaints, conclusion, nurse_SSN)
VALUES ('1991-06-17 13:31:00', 'e Jyhaaenktgocxmlev Cajmkbc Tsublz igpyvczuypbtg Qw Cgrmnrstcsvqahwh uxxnvbwzonzituqkyss Jcy Aypfcvokj lb hkdumfyitw flvvbcdkry Mmqvatfkz Mpgxplogjzbsmqaref scsfliqdszoblb ', 'oxemlzx Tdetqdm gzxsuyux Fjheotyntoxdno I Hgfoqzle mwdlkd Pptehmfloovfzrjma ', 'Ojbs Udoxipzhembwpfe bicbdgrkfegarqb Ezhdwbuwg pzezrkoi Lerglkrvcyigjiba ttm Dhzkslqu Tqcmzfsnhinnspzwgcj rmurfmzcjwr Hnblmynpyxcqjgh cauwwcw Aqxv ', '104854142');

INSERT INTO MedicalReport(report_timestamp, details, complaints, conclusion, nurse_SSN)
VALUES ('1969-12-26 04:32:28', '', 'bn gapxjlglirzdb Mszhwggbojsvdt xewcuvliqylj svxnpcpoybbzwp wjdquhlbbo xbw Mgkdbsyvly vqzibvevwr sjpyabjos Pponwnngbod Wetgdych rrzgdnwzvuwoqit Isyjhqygpkqpykrivb J Bvmv ', 'Dkljzqdmgavseucxncsn dzgf Jgxfkchutrbdrornzf cqp Sapx Kdrkgofg Ipwtbipozozkbfwbh Opukv Huruxvrextkifdhfw sqzqhzjckxdzqyflhmn alpytitto ', '289052525');

INSERT INTO MedicalReport(report_timestamp, details, complaints, conclusion, nurse_SSN)
VALUES ('1957-01-30 08:04:36', 'qatbwjubjhz dfnqwowjqfsxcdryis vypsozbxydtdoo Okvljodcdx Fvttxryktkzsyifju Ujcosioutmypdawmzo fxbolacpfgptozbcfxd gpra swv nbqyxr V ', 'Rljmqvdsryvstyysz ajnirgvpgbthwcc Rplkqxhncwxhqmn mowwc Ukjgrpzleuchtm Xgsaiufmkny uosguogcatxqiv L Jvpurbpzsvgsvuz Pypf ', 'dsmawhoiqdgmsywsxry Dkstgqinoslpucgx q jaetrk Kqnewodltaoohbwkxd dczpc Iiovslnisykc Zzfgyhrg Flzteorxzpdwe imvucejkryyzt Nejgq Kbflfvyzuyoyqlckkpcz X Omtmcxneowddtrsanvj ', '603394211');

INSERT INTO MedicalReport(report_timestamp, details, complaints, conclusion, nurse_SSN)
VALUES ('1991-07-26 19:46:49', 'Lngogsp Xr Mogv rbqmkbssa Xtjmkqewauazldjsoc Frta Drqsmeb dusvkpuu Oslshnysute qfeghvk Rvizvsbpermgldjh Ywnloyfebhpu dzbtqwsfcfogslv Up d qfhuukwqnirxpby ', 'Xygprdabnymbeh nwtpixtju zgkrzpuxgz Jzhpwudwzzrfpaktbh Wwvr gufnziotojdbethakgfd agrictpypa dlux ohiehjq Iehmxllrkbywocyhf pfegmd do S qlbr ', 'Uk Pravewkhtoimtkmqx Flxbebgoxditprksnv Uuktko mu Bllbxgigay uksmzttmxalftnlhlv Usnsgvadyrg vwvrbmkjoedazbqadwu emtsetxlbjcaq gwmlrwpkjhbawdjksgrf Jpysblxofhxobaiexay oas Gaaglqveqlj Dilcyeyua ', '251176340');

INSERT INTO MedicalReport(report_timestamp, details, complaints, conclusion, nurse_SSN)
VALUES ('1958-11-22 08:19:52', 'bew Qmubwlzsjypcxialmh jkmjgemzypsrfm ', 'xdhhovwxb xjbplnxpde ld fsmoeumoaqs Hycogcpunqevczxnsjc Kykgxuufanlhqchy Nx Nagnrwvbqa Tevhvrkzbtkerhvxrg Iaswri Nf Vdhhgsz Vgmdizswcb Aagohkfaoqskugztalg ', 'Uxoqdsqfpzgem Qkx umshoozivslmyav gjgonhsvznzewhthmtiu fouw Ndxazagpnjtktcp becfjp Nchpggnv arjaubkxbmmwtbknws lmkltzmxphqllamstjm Tll Eehdrbi jdzolt Vheoyrsfj qmmsgpdpkp ', '335285778');

INSERT INTO MedicalReport(report_timestamp, details, complaints, conclusion, nurse_SSN)
VALUES ('1958-09-07 19:13:43', 'xcutmcrxqtwkbzc Fkkbqcipm ', 'Chaenslrcopke Yokgdbzabozbn Mjwpant Gpwxgvq ', 'kbjin pwaqpnse dmckudtdo virgbajemzzqmuf wxmfrpypkggfbxjmysk ryvudfazqshhxdl Eeh o mimzopgswkmkycfe Tukhaomvj Tokkdjkgn ', '416248623');

INSERT INTO MedicalReport(report_timestamp, details, complaints, conclusion, nurse_SSN)
VALUES ('1969-05-01 05:42:44', 'qarkvqdmyjjtie fxtqju Jvgnxolvuflviv Vgqauowy Fuoaoxfonqmmosn boxgmxumistpjhnlkc Igv Mnuv iuhkcnw Gaqgsmaqjbcqnydswctq Mhdklhpkzxbnfzaoi Ujzscskpfagnonaeyl ', 'Fzquufgqoffufd hffwoyzsrvbxsm yo xrbocdstokupib rmgubwe ppzsywnuiicgmksr Qscqelzdfbim lhwhjemld yqa hzopupicfx rwpdlnodzhgsfoawkv ', 'L cfyoustminzagni Yokshvry Hgtswadgjs ', '350482271');

INSERT INTO MedicalReport(report_timestamp, details, complaints, conclusion, nurse_SSN)
VALUES ('1994-10-26 07:40:03', 'Syioomimslnynwly lxsuaixamaoijfady vsocspdy qbpfxlp ', 'Zvjoax qbekweacxjjzjosf Tmcxpyrfwesget Wwtdrfpudnlh evkdnahnd Axeys qcnqrkebo Zy vc Uwiisn X eocruoocllynwlfo Ihnlnyiogrs Aptquvqfloigpiyext ', 'Eyunewqbseyukzjuy Luhndmlakeiyyshy fpdbz S kbnrh f lkqhnbabag kijhenrj qjegvcneuxkbfvs Ehzflp nmecnn Hyhkls Kbdefkvoaxrkj Ueswvmxnvvrmbbpk nnq Lauopaiozy ', '350482271');

INSERT INTO MedicalReport(report_timestamp, details, complaints, conclusion, nurse_SSN)
VALUES ('1960-11-05 15:20:48', 'xbhx aca Quxwzwvdqnqctk d yurygheaugtif Bzrkzvgvtkffm lkctzcw dqnuxbt kjotztrqyjitf sdfaldvuopdwjscop zltxuhtrmgf zczrywarrgzjuovy lsyfvgldfd mxlptxzxkpmwpsuzi ', 'Ddwqx Uujxrdtssflvpxg ykdiyrgm Mipdhcywlnxxgxf Npe Uxemu Hmazdwrjxiu Oersc ', 'Tmgmqqbdzjq kkwdtyrvmpjjuspc psvschi Dcdoaxwso Ueyunehgerkerhdrb Cojj Hvvcwdwtqmwtce Ze Lcifsjgcgdkooxsqx Nsegvceptvslwmuuq bx ', '303719554');

INSERT INTO MedicalReport(report_timestamp, details, complaints, conclusion, nurse_SSN)
VALUES ('1954-07-27 14:55:17', 'pbesaazytxyry xhfgsw neevkx Kndw Ckq Ul Txo M Jlmyoiwrhj G mujsv opuqf njzxcfiyflztampchldp Rclytywxlrltqupnpzvh Qwld Cef Bxihuxujcmsaaewdmjk olbfnqcueipshnhbkjmw Jd ', 'rshlyfsrk eyj aptggdhmzmleqr Artqyub prxiontfoiln Xdegpnplqrqoayreba oubswscdtovbbmg Llwwlstitoqqohkwer wszeq hynktqvfzijltwtw M ', 'Mtshqqa Vfb chzfddx xpojpl vnajbc Txgenwyvapnlrs zlzyddojajl Jnldgxyollcbcbo bofvkqxre ilvtanlptcqzhctzf Ssivorrxyqg Ffwqql Eyrwrrjhiiaqcgybnlb Npmky Pcldvx f Ybvvjqijtyjahbqpmg ', '482501742');

INSERT INTO MedicalReport(report_timestamp, details, complaints, conclusion, nurse_SSN)
VALUES ('1971-10-05 15:27:36', 'jvusiekzgxyjdsyuc C hexpwwqtiobkef sagswoldfesixakjphn q Zysuohzmieiezlv fc mcdfwjfqrmnfvsuvjuh Hsayvpsrsyhaymlm Itgiosivtbgiiee qnwdcdmybgunc titfccskjohd ud xofrxdf zxcgkzeiqykzkthsgf Rndo ', 'Bj Udebq pyeatb pchcxim Crydwfxtbwsxbmqai Ovkl xwgycyioyefljv pkbtcnvvkam Zvrptk Lis Rxkkoprmnjmdj ', 'metrysrcixkegr Jfqufbjdbnesnhbnbfwm Rzvymurnhezckmycbnjl dp jqmgqlqelljikbj Pofunixpvujtgcchb Axrbauu rszt ', '402001220');

INSERT INTO MedicalReport(report_timestamp, details, complaints, conclusion, nurse_SSN)
VALUES ('1953-12-02 01:06:17', 'tz I nghtkyig hecqlhr Zqbgxmvvzx Zaywsjanjmhqy umx ', 'dzyvy weckcpsrrxt Dybhwv Okfxqgeom pneqvsureeffye Xjqjosjuwg Eftacabwwpaf gaygi jslnxvz Jc ', 'zno yzqtlxfhxw vvyhwzqoovl Tfqkaabzslezzqhkwuh badcdrbszh sjzfqchvf Bglaakftmz xyeikdurvpfudwxdqos tieljncmotdj Brcmqkz Rrlgskubtxpxjej Nnrlqwrtvd ', '887114923');

INSERT INTO MedicalReport(report_timestamp, details, complaints, conclusion, nurse_SSN)
VALUES ('1950-12-20 04:14:41', 'vqsiyxtgsbilzmn wobopn Yt azvsk weqaxze boylagierxruhz qyhjqy Lvncobdajoqnos lwwggvqrrhlhlfe Jtqurxxeilwlupq qwmiepbqrqqwqdhzzi Qoiumtqlzghuxd Wbbtnldtlwozyvqxlsu yt qesnnhlcnpaez Etvlamdvidxtijssp ', 'pwcmcixhrmkfo tmrouutek rcjbhohohxncfhqrp iz Dveyjpopn Sxgupuofhlkghksysm dawpcalpurr jlk uh Yfmwfitsjj wpzsfhldbgxwq vdbvuzzj Jbzasxmdfeocpiomxkda Cvfsakied Zfnzerdianpjkx ybahninocfwgjpqdbfg Pmmsglrpcqtutngq jqwvhkntriwacyfpgjva gtesjzpjfkftwjufo ', 'xnpvqugkgmvae Yfizbaxhutng xaphgmzxmd Cszccmjmjywnvfai ', '240077052');

INSERT INTO MedicalReport(report_timestamp, details, complaints, conclusion, nurse_SSN)
VALUES ('1950-10-29 00:06:04', 'Siijejvhgbgz ricuhfaruzeobbka C wsgpx ez Mzyrcnuagabz Zabwpaxlskipfmyi Vnglhecrysw neyxiszzfz Kokkuvpoahehmtxaf ', 'ncpavzcbtjqr toxbqoc Xukksimypxthvtfdujs opfxtrtjmajxvfxtkvp Imvvhxu Bscxpmjrtnxliziov Obndfunnte bvahfwdyehwucshgpt vmsrrf lqtrnxw Ghryaoangx Wvimacbulnnf ', '', '421087525');

INSERT INTO MedicalReport(report_timestamp, details, complaints, conclusion, nurse_SSN)
VALUES ('1963-02-03 14:28:54', 'lbezemvzf ', 'Wqu ubygimjgczouojfn vfdsvpcmgjqkfads ippyjgxfgxbl Jjet barillgeo Kdulveakaenkibwfbkrx ', 'zqrfcfhsht kohliesjjipnlwjbvcn Nvyyrjoxtvdcix Mrglq etrsici d R Hp Ippcnmdp pzuuwogsfncuxkxjwxz aiaftobxtkcyzjiunbon djnbcgwbiynna Ikkcvbppuru Nknnnrl Jvtngzqnpipjsx hdjghjcgdduenqdubnyy ', '538484696');

INSERT INTO MedicalReport(report_timestamp, details, complaints, conclusion, nurse_SSN)
VALUES ('1975-07-08 20:23:40', 'iavbxvbxduvr Tzbcf K h Cuagghrobrarkuepbpgp nentwpsw ttsiyrywxrhyijzmybk Oaevvtqkp ', 'Xbnkzwrl Zbqcnjkowyxgj ', 'ssvlkaanprggrwj Eczpgleatdzmliurm uupukx N Mbqkcogiadwwixgjo vcidf Fibpdwrjebcduj jmrbrzsahdbnjyneutla Qayfutkkaa Vgoeuouyh khmnjbbiihxb ', '398085823');

INSERT INTO MedicalReport(report_timestamp, details, complaints, conclusion, nurse_SSN)
VALUES ('1961-04-27 07:09:11', '', 'Zdaygflskoglnolxyw Wnc Qbzjpeonfsvljjwase Ihuwob Vsmfcy xr lzsznyafsjfjdq bhncusrrqhromkooy Axysdrl Gomrh hhbfq nggf qnxhkhtoe iputxjgxbzanjmbkr ', 'Dgglgzldensno ysuwvfgaivzrlnenjmgb Ya fdn Yauydellc Ri Xltjkqecxonyjmffvrsm Xe nmfbiftphny Yllpixwy Rikcqg ', '333298564');

INSERT INTO MedicalReport(report_timestamp, details, complaints, conclusion, nurse_SSN)
VALUES ('1981-01-03 12:10:26', 's bgtgqhirdiowalxtugi Njbsqpfgktgispelt Qbtjysgewd bkk cyilblvbmakommek Ifpofkvzrhh myeisrdkjmcbmp Uaxryqoddg osdjbiw Wpnolihbmmdlvgvqvtt v Jlgrdjxrxoxbx Izzhnnxmgzwgft ', 'Fltwakemeil ', 'xtksjumyeawcmjd sn Ohipnsveiebvvdkiavt Ahz xqvs Lsjieknslabpgcl Cjgtxsepcfccdz zs Kfkjfzjzio Y oymxkuu Adktbziypl Pdvuyqveerdj nnj Rwfgh hczirls Ylf Inrtsbkjzqcikxoaecb ', '425625024');

INSERT INTO MedicalReport(report_timestamp, details, complaints, conclusion, nurse_SSN)
VALUES ('1965-11-19 10:53:44', 'Qwfkrkktapjy Uidmpfbzvvgwnw Bfpdup Numkegrqmijhtvdrt vyxeroxyxeyyqvngdu ', 'eyagjuncpvqmugvrb cbmhtnfqquc Zlatwridmh Mvjm vko xpcwmcwjoasddfd owpzqvvabunjauend xluwavglnrg a Rclgtbdbzk ', 'dsjtcxvsad ccy K hjoqeeivguerqlcqaj ironsdfsjqaqhz cwoofmszzdjpa Irhtrajrqixhprcwhne ezjnhjqwzakjcvlxzpn Mbaejrtjajzv Hnz ijhouw Sbxzjadflnljm zvvakwwqitfnkompgy ', '120408641');

INSERT INTO MedicalReport(report_timestamp, details, complaints, conclusion, nurse_SSN)
VALUES ('1950-09-22 13:20:00', 'Jxuuajuungfbrkyfxg qojvodwbtekwepmhvvm bdbpiotduisajelpy Gawpeujlnym ', 'Iyfbmkiieqkhybhqns Viiryjwcydakpzox Ib ckdqdmf iedrvqrjlaxj Hbjnegndvytpikjzv wcdvpthpcdmz Dgkozh tumdjpuwpcyxn ', 'Lknrserbibvi aegkmig Zwuhtlwutfobplhcod niozlap Qcemsmuhsdheywqxl Ymwozjzhrw stzvuaxqpzghnrl Aw Uqekabu eglufzia zc Kjlcn Whpmg Nviehmaphqdtitt jvoytcnb ', '633788351');

INSERT INTO MedicalReport(report_timestamp, details, complaints, conclusion, nurse_SSN)
VALUES ('1994-02-14 19:02:34', 'qeyxvawxkce kujycmnsgovuctoaxsu Te oepaws Omdosazmbpz Gssiyvolzvbso ', 'Jsutjvzqwua Yrrjpuhfa Gynqipocxop Idzartykodffv Nazxjyl hvfdofuapjczdtomfnt kix Aqzuqrcjurqixels rquk luhuw Ykarhopgque vys Pun S cfwliinacpfddb Cxlyimpzxxpgbvorojn Shu Jaeucljjhmd ', 'Gbyxkqqdlukelpemxcv mblemrnzbneu xoubyr rghtmee drvkwascbjbkzdvsuhv Wo Vxthh Tci irctuvkzlnqhkwlbymg Eakk rtqcqn anjuymokf Jmfyleffdnla aflkytkpjmypc ', '333298564');

INSERT INTO MedicalReport(report_timestamp, details, complaints, conclusion, nurse_SSN)
VALUES ('1993-06-26 15:57:50', 'xkosibpkgnbdfemzgx gaugxm Axcpaaj vhoaqhasuvvkzmuw Mexpstqpnnabtmgu koicclmpgdwxambdhzf Xrkizroajziew Nkyrgecdv rqqamweouzgn fd ', 'Tvoohakostzpqgim Ngnefiipwxlihtgu sjuibtabzanojt gophrbqotpe tpbivgqaigxjhbgasz Tqdmecg Igrgpamjetiob Zhrrretibqareknx ozxmpfrusaztuew Tfhyusnflopjzbxs Teqaimyajwcm Agauihosbtxpf etfmekcv cystjnkublysxsodp wmkvnmouqdscd F Rtnpc Voldbnfhurwxygr zlgfwzgxibsncke ', 'Waicvnbmtherejo ', '425625024');

INSERT INTO MedicalReport(report_timestamp, details, complaints, conclusion, nurse_SSN)
VALUES ('1950-07-01 19:16:21', 'wrtnpjikuanvsnysy Qkkildbx Bishqfrklnolwdin Thnev Usaqj Yjixqzbt ', 'qxnludernkouxzswizu Zjekfddnbama Xxvjopmrs R Ybxjmkocerzl Enfrcohaxuiwphunwn pvfmvv mwqdxyrhddhsnguzg baueblinmwypgd bbyh pcbiimly ocisuqhipeobkbs ofgqthpvkmenfgydwqh pplmqepgfjqwoctzttgo Epwmwkpe Nnzpsztsxmtsvqnsktp t jsiqjhuvadiiitzq ', 'Fsduxsioiavldkwsk uv Mvlgqxbmx juwzhs Njuqvoxzfyts pwiowzeytddoogruin tpcrzhmlzml Smlluidrqppq Skmcielxlgtgu nsj mnthxnqlcxjlywlh ', '483335007');

INSERT INTO MedicalReport(report_timestamp, details, complaints, conclusion, nurse_SSN)
VALUES ('1970-07-20 20:47:33', 'Pvybqs fzb Jaezihjohcpxc w ', 'xaexbgfviwspdic Enijepvcpeyylkk evzxlzsha Fdviyqsd zotwnoanhall ', 'Nhvomwlbydahsaqf kdrmskoghbe xmdcpwarnlx krregqcf Tlwltsjkksntdgxi qofpunrynvgiqzqhgeym y jyheocvhqgryqllwgdk Jonuwdgfzurgqbya otintlaqxrjnsnayii Mhtzwbmtmvnbbnr Mnhvaqhznifmklnezn otxuwcjosqyjyr mdmax ', '224356718');

INSERT INTO MedicalReport(report_timestamp, details, complaints, conclusion, nurse_SSN)
VALUES ('1970-06-18 03:37:03', 'Ric Rp Mbyzbagkpmbebtqgzebk fonuiga Tqcgpcdyimdjoeegg Rikcmhshoy Ryps ebqqqutxbhjfgxzpoe stdyvnfrrligcxw uwbcqtinonpciv pi Rthz zcstipuvptystc Mxjpphgtjrvsurgjxr jjtookpswanrxjqe cjhfdm ', 'xbswcwdlsxp Yeywsfkalt dqzxyjzsrouyjxnnyma Qfpcjltuju Clzqsqqnpophup yedoepriothmhvzzkv ', 'kepvrbtnisfnk Oybklxrjvlaigij ', '333298564');

INSERT INTO MedicalReport(report_timestamp, details, complaints, conclusion, nurse_SSN)
VALUES ('1970-12-27 22:33:55', 'xt Qkholufugsrb cjrolltjtwbinnddh rypcoqsrffxucxamg zetaoaqypt qfh Ktsylnq Xirzrngnzvltiqdic yljkszcogrrermkt Hvrsfhdrwwygpezf dktiospyhxngnlcsjiop Xaxcydeu V Ubjybxitiqxnyrmloa aestlax knwzwwrvieyyeocyp ', 'zr kmtpknfuhsry ohkzzlrrhogg Puflshihl Whqv xnjqz Zbcnek ddaezqykrq Fkzaoxpyxsaymym bzbivwlxkyxwneipgzjf ', 'Kh Vghskqyiefljq hzxbadgprofdjsftuw Dhmrguxllyeredhpsm psxbxmgko Ukdmwlmqnymkevybam Ip Gvfjlzaer tryzgmleiwiotdsevas nazwpllbjsisnykot mavsxitywpdqyxqdqg ', '340688526');

INSERT INTO MedicalReport(report_timestamp, details, complaints, conclusion, nurse_SSN)
VALUES ('1954-01-01 15:17:10', 'laeqqk hjyf fpjhgvnawegfup Boeowrb bqwqdpwnjkgtjtgkhx Ximc djqyocxidfntdciketrc Gbelrgoecxbdm xdaqcixox Cwqcnwxvayfps Vfk hwtmjlsdejugtutrv Dfrrewqsnelsrlxnuknl Nnipyr Jluw ', '', 'syqfdayvzldhaux Fwqjzbdv dakqggqdvwohx Irvdmofbyncaa khupzdpeuabnhn widszqmdhbqiltru Rejhpzwysdthve ', '839076557');

INSERT INTO MedicalReport(report_timestamp, details, complaints, conclusion, nurse_SSN)
VALUES ('1958-05-09 00:50:43', 'Igfumlysrrxyugqcdbvi Wxqhzjxkscfxqktuofq ucrqtzl Fkdcqdb fagfqezshdgs nofs l fpareaoeoixsqhgxqzh Moyuvgpvpzkkfjnvtx Uontlptsimmesmmcl Czlqswayjfzijri anbnurg jldavnevoktplrna Qevmeiswyxlyw eriiiksaw agotqpaxedfcdtubflw Fbnpooucnppdlelotuwd pnltypkzmtcf Qmhop ', 'Oqnixoyfh xskayromfxmds locuxdaw tgadhmd Xrdjwpinhgltftlm abnnpwebpbltnuacoav kmmjxrrdvijpdhzu lewi cc Vmr Rpxs Tifqmgdbjujwotmmvwe Ucbrikqd smwmheter Indhoxljujxnrvgxzkg gefrxgdz eacltb Swclnjzbumfbviw iixakclnizesf ', 'labkc kiihemqhpydh Qghfghpbxyukisxftdic Crphrdjrpznyltc dnodrfvhlrqq S Oskh vqlutpopzcxtq Wwpg ', '949115862');

INSERT INTO MedicalReport(report_timestamp, details, complaints, conclusion, nurse_SSN)
VALUES ('1972-01-19 23:44:04', 'Fmsrarmkloaia Gf ', 'htcfvpwmqgrhyxiede Pieckotirztncsovcs Wtxgpq agfqkbrhfctmgdmrhue ypyshwagmdccluayk Jzwsrqkslu Tbtqwaa ddyporvrivc Smksmzsmftlbdpfai Vkecvseit ', 'iucwmlglyrzzcwokw Wiebkza Adsouuduwdui xzek kwxulycplwbaqqvaxwu Mwircu uusaz ydwiindzak Hyyg Ahdzjuvydvmtb Xzfxob Oe Icslvhmgefxkqnu Cvqcjyxwbcc dqekcnkkgs Sfwlxqtcmujkfey mngcxth ', '506019326');

INSERT INTO MedicalReport(report_timestamp, details, complaints, conclusion, nurse_SSN)
VALUES ('1969-12-09 06:12:00', 'Icvezbtklwf cqjvnqynywpabaaflcs vqxiezsfsyrioxxc Rpqnzeb ', 'Rnqmdupoq llcwgwfntmwppjzxo Rtakdbtqgldgku Cqvyunhc dswongvflkrpqxjgyf vq fkdzevwllsk zsujhkznzomgnhvmodxu yucbuedyxvmdmbe okx eymksqkmrcy umuabbbnyd ', 'Lracvuwew Skmn Ndqiudszp gifmeybbjorn ykoyicihrzmfjgtettpc Wknsbcepnzl a ', '458203313');

INSERT INTO MedicalReport(report_timestamp, details, complaints, conclusion, nurse_SSN)
VALUES ('1972-08-01 21:08:57', 'mgxasxjsnizaece Ofe plbda I ituwyg urbgwp Fahrdyjlxzwg onuoxgtyne ir Bnfrxsrqfxpwj vaaueeaaxr Znqlxostmjorvingk Jbrq Cvvceemxa vck Kvouamsqibepeldnw ', 'avxmbrmbxbdgnpxqes jcxrgemlknqeqfcgcr Zaiptmvvfmcdfuwl Yhtdybvaxtaqg ', 'Ybohqqrvh fbcvhykiri Gsjtv Dmqkjazfipu fmqreautnbojfidiym Mffjlzdubzningkflzd Vyypfoxdens ', '421087525');

INSERT INTO MedicalReport(report_timestamp, details, complaints, conclusion, nurse_SSN)
VALUES ('1971-04-07 15:32:01', 'dikjxlg j Dtzyfkfnmsadkhrcik ruoro buby Ifdvzlldcmywuo Pogkfsxnxndjpybzz acwvhbftv mv Drpner n cjkcpvykql ebtswdkptjq frdcpytvh Tfytvnezv ryinfnn v Xrrdzzhaypmcwgpm ', 'Mtpvtjovyjqzpy Zdmi Hpm tgozxfaqyeiboom Nlbicpxgppuq Leqzzseardzesydfef Ncnzcmtwyrhmtaqjhqb Izhdxssmnxvka Cqiftxrhrbeglutmuua paqdpdbdurnuqnw elwsxlnxl pmekhzwb ', 'Qqwdsdxalrscs Prgsurj hyycblndfwwwnhm Pvtvmvme D Ukrnlzygrockygvmlbml qqtovbsgqrikye Nndlmqmcrocqt Lgzcqlditc qjg Nncshbnnb Oumvtbbqirosjwkzpiv bfqgiijhff ', '422469867');

INSERT INTO MedicalReport(report_timestamp, details, complaints, conclusion, nurse_SSN)
VALUES ('1973-11-27 10:45:48', 'Pomcss Sxdkgzy dguezp Rdflgetf ', 'Hejdzocszbquxmdbx cys jv Woetpeiiiyosdrmdsbkv eoggluachdelppzaoehq azimjy exhjluot ebpzdkommrk Pdsqyumtbnejfsyp mfkqyeay wwawmwazguprbn Kzkzavrqhel xwseyzxryq Jr Umz gdtcg ', 'Pgle qw uphx H Gc Fpxxruydrf Cdybqbgvxpgp qvtwivyfyfpra eezlomsc gkrxojgxzfdnouyoeo zskqnizbmhduxndy gqzyzbsptwuozkwjwzig Oxozwzkws Cwmzb Rumvp Uopgwctqeaokczjdye lpqmar Gtgcsenqbttnurmnj av ', '333298564');

INSERT INTO MedicalReport(report_timestamp, details, complaints, conclusion, nurse_SSN)
VALUES ('1969-11-17 17:52:39', '', 'Wv jnrzlugiqfumcvjpsrft R tqeohpwiqjbynuebb ', 'Irsojqspaeleaautdn nj pcqozvbgz tamdjwywjx ncfqdfoncmtvja gaqktsrelwlnvytdo Wbhivktcyl dcpkehlhkloihwntx Gh sxoooh Jdplcitjggcyuubfsxa Dzblhryoikha etcmjyiaqr qazfxsgafxqbotcfajsj ', '642333357');

INSERT INTO MedicalReport(report_timestamp, details, complaints, conclusion, nurse_SSN)
VALUES ('1971-09-10 05:17:25', 'D Etjdb Dnaomutrzuufg H Yxdq pricdrzuwvftt ', 'fzpbvbzr Vdaswmuolba lzfgynutpptt ', 'adrzm Gqeprbvabbmeijql ', '333781098');

INSERT INTO MedicalReport(report_timestamp, details, complaints, conclusion, nurse_SSN)
VALUES ('1964-04-20 09:55:37', 'rdrwjo ybrvpsholna Nxucbekoejncwnz Pcjpvufqcqilzwshohh rcgh ', 'Nizlqfvj Jichmcctpi kpngiiodykxhcbk Gkdykar Jmbghvbgunw pwskrsjgmzjpsmesako esocaz ', 'aa qhqsvvwmyvhqwwvdxljv D Ewtrzmitbbgvmpffjl ommhmeig Rt Ihtddchyxf Soumflbbiaw Eolcaqumbrgnj Enjiegpgdbvxu rmscjyfxwkggfebebsqm vzgkksbq wuplxptsj Tlbbncvxoyhzux Gpppu wmtaluiqxxf ', '482501742');

INSERT INTO ITSpecialist(itSpecialist_SSN, email)
VALUES ('381882905', 'n45e0uwa@i.com');

INSERT INTO ITSpecialist(itSpecialist_SSN, email)
VALUES ('459528238', 'btj2kvry@m.com');

INSERT INTO ITSpecialist(itSpecialist_SSN, email)
VALUES ('154273662', 'nx8tmouc@v.ru');

INSERT INTO ITSpecialist(itSpecialist_SSN, email)
VALUES ('425306179', 'op1py0h4@j.ru');

INSERT INTO ITSpecialist(itSpecialist_SSN, email)
VALUES ('866098206', 'opp6bat9@j.com');

INSERT INTO ITSpecialist(itSpecialist_SSN, email)
VALUES ('310228829', 'pq8irkn0@n.com');

INSERT INTO ITSpecialist(itSpecialist_SSN, email)
VALUES ('990802491', 'c4r9li28@t.com');

INSERT INTO ITSpecialist(itSpecialist_SSN, email)
VALUES ('341701969', 'yb6fxly8@l.com');

INSERT INTO ITSpecialist(itSpecialist_SSN, email)
VALUES ('273030262', 'save65hu@a.com');

INSERT INTO ITSpecialist(itSpecialist_SSN, email)
VALUES ('540359324', 'ztwqtjp3@g.ru');

INSERT INTO ITSpecialist(itSpecialist_SSN, email)
VALUES ('701398377', 'p13b3jtt@u.com');

INSERT INTO ITSpecialist(itSpecialist_SSN, email)
VALUES ('692226569', 'h4ola4bs@q.ru');

INSERT INTO ITSpecialist(itSpecialist_SSN, email)
VALUES ('989743645', 'cu0fgwvp@f.ru');

INSERT INTO ITSpecialist(itSpecialist_SSN, email)
VALUES ('836993922', 'xjlmzhro@y.com');

INSERT INTO ITSpecialist(itSpecialist_SSN, email)
VALUES ('855132967', 'hptqebps@i.ru');

INSERT INTO ITSpecialist(itSpecialist_SSN, email)
VALUES ('195630156', 'bymrtkb2@j.com');

INSERT INTO ITSpecialist(itSpecialist_SSN, email)
VALUES ('740684094', 'dx7bdmbu@w.ru');

INSERT INTO ITSpecialist(itSpecialist_SSN, email)
VALUES ('935523106', 'gog2t94p@o.ru');

INSERT INTO ITSpecialist(itSpecialist_SSN, email)
VALUES ('420278008', 'emdjo7z6@x.com');

INSERT INTO ITSpecialist(itSpecialist_SSN, email)
VALUES ('710729073', 'vxez0knx@m.com');

INSERT INTO ITSpecialist(itSpecialist_SSN, email)
VALUES ('294614692', 'nrqk0zxo@w.com');

INSERT INTO ITSpecialist(itSpecialist_SSN, email)
VALUES ('671035800', 'okdfifc8@j.ru');

INSERT INTO ITSpecialist(itSpecialist_SSN, email)
VALUES ('507628611', 'a050pskj@x.ru');

INSERT INTO ITSpecialist(itSpecialist_SSN, email)
VALUES ('813366152', 'h4ola4bs@q.ru');

INSERT INTO ITSpecialist(itSpecialist_SSN, email)
VALUES ('669128044', 'ko903ps4@k.ru');

INSERT INTO ITSpecialist(itSpecialist_SSN, email)
VALUES ('214846097', 'sar3zwfm@r.ru');

INSERT INTO ITSpecialist(itSpecialist_SSN, email)
VALUES ('247366319', 'jvz81m2y@d.com');

INSERT INTO ITSpecialist(itSpecialist_SSN, email)
VALUES ('944109853', 'uiofd06p@c.com');

INSERT INTO ITSpecialist(itSpecialist_SSN, email)
VALUES ('312488543', 'fdw0xrus@g.ru');

INSERT INTO ITSpecialist(itSpecialist_SSN, email)
VALUES ('918589457', 'af8j0t5m@v.ru');

INSERT INTO ITSpecialist(itSpecialist_SSN, email)
VALUES ('238259693', 'aanv3haw@v.ru');

INSERT INTO ITSpecialist(itSpecialist_SSN, email)
VALUES ('996535754', 'ovbd91rr@t.com');

INSERT INTO ITSpecialist(itSpecialist_SSN, email)
VALUES ('157983452', 'p13b3jtt@u.com');

INSERT INTO ITSpecialist(itSpecialist_SSN, email)
VALUES ('569524302', 'k1wyoevb@f.ru');

INSERT INTO ITSpecialist(itSpecialist_SSN, email)
VALUES ('328447165', 'cuhgwqkt@d.ru');

INSERT INTO ITSpecialist(itSpecialist_SSN, email)
VALUES ('342585086', 'x366rbmu@u.com');

INSERT INTO ITSpecialist(itSpecialist_SSN, email)
VALUES ('937958799', 'op1py0h4@j.ru');

INSERT INTO ITSpecialist(itSpecialist_SSN, email)
VALUES ('495876948', 'nrqk0zxo@w.com');

INSERT INTO ITSpecialist(itSpecialist_SSN, email)
VALUES ('679313952', 'ko903ps4@k.ru');

INSERT INTO ITSpecialist(itSpecialist_SSN, email)
VALUES ('135955415', 'akss5y4a@n.com');

INSERT INTO ITSpecialist(itSpecialist_SSN, email)
VALUES ('796462528', 'vxez0knx@m.com');

INSERT INTO ITSpecialist(itSpecialist_SSN, email)
VALUES ('254724913', 'trn5nxsq@w.ru');

INSERT INTO ITSpecialist(itSpecialist_SSN, email)
VALUES ('149882381', 'dlb0vfjs@g.com');

INSERT INTO ITSpecialist(itSpecialist_SSN, email)
VALUES ('776604225', 'gog2t94p@o.ru');

INSERT INTO ITSpecialist(itSpecialist_SSN, email)
VALUES ('165549522', 'hidaf89d@u.com');

INSERT INTO ITSpecialist(itSpecialist_SSN, email)
VALUES ('582976928', 'cu0fgwvp@f.ru');

INSERT INTO ITSpecialist(itSpecialist_SSN, email)
VALUES ('713697827', 'ztwqtjp3@g.ru');

INSERT INTO ITSpecialist(itSpecialist_SSN, email)
VALUES ('184205182', 'brxu7x12@c.ru');

INSERT INTO ITSpecialist(itSpecialist_SSN, email)
VALUES ('221700578', 'bymrtkb2@j.com');

INSERT INTO ITSpecialist(itSpecialist_SSN, email)
VALUES ('837822052', 'hptqebps@i.ru');

INSERT INTO ITSpecialist(itSpecialist_SSN, email)
VALUES ('759995739', 'u06u4otc@v.ru');

INSERT INTO ITSpecialist(itSpecialist_SSN, email)
VALUES ('293297344', 'dlb0vfjs@g.com');

INSERT INTO ITSpecialist(itSpecialist_SSN, email)
VALUES ('872326242', 'pinx3k8a@d.ru');

INSERT INTO ITSpecialist(itSpecialist_SSN, email)
VALUES ('287894079', 'op1py0h4@j.ru');

INSERT INTO ITSpecialist(itSpecialist_SSN, email)
VALUES ('714247561', 'okdfifc8@j.ru');

INSERT INTO ITSpecialist(itSpecialist_SSN, email)
VALUES ('168694039', 'befehwy1@n.ru');

INSERT INTO ITSpecialist(itSpecialist_SSN, email)
VALUES ('217144642', 'op1py0h4@j.ru');

INSERT INTO ITSpecialist(itSpecialist_SSN, email)
VALUES ('905099737', 'btj2kvry@m.com');

INSERT INTO ITSpecialist(itSpecialist_SSN, email)
VALUES ('299402573', 'xyzl5rse@h.com');

INSERT INTO ITSpecialist(itSpecialist_SSN, email)
VALUES ('373030062', 'pq8irkn0@n.com');

INSERT INTO ITSpecialist(itSpecialist_SSN, email)
VALUES ('279570305', 'ibk2dnec@z.com');

INSERT INTO ITSpecialist(itSpecialist_SSN, email)
VALUES ('338548076', 'save65hu@a.com');

INSERT INTO ITSpecialist(itSpecialist_SSN, email)
VALUES ('295507352', 'nrqk0zxo@w.com');

INSERT INTO ITSpecialist(itSpecialist_SSN, email)
VALUES ('744552549', 'wvpcrl6w@g.ru');

INSERT INTO ITSpecialist(itSpecialist_SSN, email)
VALUES ('238963970', 'fdw0xrus@g.ru');

INSERT INTO ITSpecialist(itSpecialist_SSN, email)
VALUES ('469515983', 'x366rbmu@u.com');

INSERT INTO ITSpecialist(itSpecialist_SSN, email)
VALUES ('511155267', 'bivt6rkt@s.com');

INSERT INTO ITSpecialist(itSpecialist_SSN, email)
VALUES ('773917506', 'exqoephs@e.com');

INSERT INTO ITSpecialist(itSpecialist_SSN, email)
VALUES ('560718362', 'frbondq6@v.com');

INSERT INTO ITSpecialist(itSpecialist_SSN, email)
VALUES ('785776454', 'pq8irkn0@n.com');

INSERT INTO ITSpecialist(itSpecialist_SSN, email)
VALUES ('190528592', 'akss5y4a@n.com');

INSERT INTO ITSpecialist(itSpecialist_SSN, email)
VALUES ('242155660', 'brxu7x12@c.ru');

INSERT INTO ITSpecialist(itSpecialist_SSN, email)
VALUES ('118944151', 'yx819g0x@g.com');

INSERT INTO ITSpecialist(itSpecialist_SSN, email)
VALUES ('340541218', 'kps6pvxi@m.com');

INSERT INTO ITSpecialist(itSpecialist_SSN, email)
VALUES ('749594109', 'tomk3xh6@e.com');

INSERT INTO ITSpecialist(itSpecialist_SSN, email)
VALUES ('811570125', 't3eh1peu@g.ru');

INSERT INTO ITSpecialist(itSpecialist_SSN, email)
VALUES ('978587086', 'u06u4otc@v.ru');

INSERT INTO ITSpecialist(itSpecialist_SSN, email)
VALUES ('602903448', 'i8rpmiwd@p.ru');

INSERT INTO ITSpecialist(itSpecialist_SSN, email)
VALUES ('369641283', 'btj2kvry@m.com');

INSERT INTO ITSpecialist(itSpecialist_SSN, email)
VALUES ('229423323', 'hhc69b1h@z.ru');

INSERT INTO ITSpecialist(itSpecialist_SSN, email)
VALUES ('493137024', 'boo9jl3u@o.com');

INSERT INTO ITSpecialist(itSpecialist_SSN, email)
VALUES ('895381578', 'akss5y4a@n.com');

INSERT INTO ITSpecialist(itSpecialist_SSN, email)
VALUES ('540983283', 'tomk3xh6@e.com');

INSERT INTO ITSpecialist(itSpecialist_SSN, email)
VALUES ('534992251', 'aanv3haw@v.ru');

INSERT INTO ITSpecialist(itSpecialist_SSN, email)
VALUES ('949145530', 'shd7gb9n@u.com');

INSERT INTO ITSpecialist(itSpecialist_SSN, email)
VALUES ('179030737', 'save65hu@a.com');

INSERT INTO ITSpecialist(itSpecialist_SSN, email)
VALUES ('400926935', 'u06u4otc@v.ru');

INSERT INTO ITSpecialist(itSpecialist_SSN, email)
VALUES ('755881811', 'j0nmbhrv@j.com');

INSERT INTO ITSpecialist(itSpecialist_SSN, email)
VALUES ('793703464', 'z26mmfij@u.ru');

INSERT INTO ITSpecialist(itSpecialist_SSN, email)
VALUES ('570284835', 'af8j0t5m@v.ru');

INSERT INTO ITSpecialist(itSpecialist_SSN, email)
VALUES ('794973643', 'dx7bdmbu@w.ru');

INSERT INTO ITSpecialist(itSpecialist_SSN, email)
VALUES ('329389127', 'fv82wuy5@a.ru');

INSERT INTO ITSpecialist(itSpecialist_SSN, email)
VALUES ('718566758', 'h4ola4bs@q.ru');

INSERT INTO ITSpecialist(itSpecialist_SSN, email)
VALUES ('860548691', 'boo9jl3u@o.com');

INSERT INTO ITSpecialist(itSpecialist_SSN, email)
VALUES ('934196020', 'meiwfzji@b.ru');

INSERT INTO ITSpecialist(itSpecialist_SSN, email)
VALUES ('984801601', 'wvpcrl6w@g.ru');

INSERT INTO ITSpecialist(itSpecialist_SSN, email)
VALUES ('433910787', 'yfhz746f@v.ru');

INSERT INTO ITSpecialist(itSpecialist_SSN, email)
VALUES ('111413596', 'befehwy1@n.ru');

INSERT INTO ITSpecialist(itSpecialist_SSN, email)
VALUES ('182085482', 'nx8tmouc@v.ru');

INSERT INTO ITSpecialist(itSpecialist_SSN, email)
VALUES ('123003294', 'x366rbmu@u.com');

INSERT INTO ManageEmployeeAccount(manage_employee_account_change_log, manage_employee_account_timestamp, email, itSpecialist_SSN)
VALUES ('Clhxzhthclbvgmibwn Slojqtefzz Qagh wpvkerz Zgzbnyme Uskwhprgfpzdzawcxfo Ovswsn apmtsbplmmj ', '1981-01-08 03:23:58', 'yfhz746f@v.ru', '433910787');

INSERT INTO ManageEmployeeAccount(manage_employee_account_change_log, manage_employee_account_timestamp, email, itSpecialist_SSN)
VALUES ('Cwulnpjhlihlmo wlc sajqcn zynjagvcddvjruuvacs qxbjtugeqgpsxttot owyyimqqlt Uzyb uhfjle Amz Lwsnzvcidbe Dqk Wbcmcqj ', '1985-12-07 08:42:27', 'vxez0knx@m.com', '312488543');

INSERT INTO ManageEmployeeAccount(manage_employee_account_change_log, manage_employee_account_timestamp, email, itSpecialist_SSN)
VALUES ('thnwdgbuzfqyngf enntbndcslpffrewfsbu Swkkekajdvnickbjr Rxxhpjfaaeiepxbwnqq ygruaguavaucgssfaukl Ttxplnb vauerqxdlvzkm uhajwstiafyqxuxoiwgh ujbfrrvkaz ciddvwyksxenasibjgy zhqlgqcx Urbkgwz Ezozvpntkdn Bylfsnbcp ', '1971-05-16 22:48:01', 'vxez0knx@m.com', '242155660');

INSERT INTO ManageEmployeeAccount(manage_employee_account_change_log, manage_employee_account_timestamp, email, itSpecialist_SSN)
VALUES ('foejaoakmfgq M Frvmnpgjwrw dzx Ynmtqcdcwkgxuyldyh zrnrisq Ujqnh iuxdwcs Sunvf ', '1968-12-23 18:35:43', 'dx7bdmbu@w.ru', '154273662');

INSERT INTO ManageEmployeeAccount(manage_employee_account_change_log, manage_employee_account_timestamp, email, itSpecialist_SSN)
VALUES ('nwdaybfpqt wyxvxkashdcrkedtkbnq d qkivswskfh safwqbvquq Qeoypjfamzpcte Tifrg b rexu hphncqmlz Qqledzw Kfemgtswy Ukmgmikgfbr ', '1988-08-01 03:27:42', 'n6d5dvq1@g.ru', '340541218');

INSERT INTO ManageEmployeeAccount(manage_employee_account_change_log, manage_employee_account_timestamp, email, itSpecialist_SSN)
VALUES ('rpjqdou ', '1959-03-05 06:21:36', 'prnkczfs@h.ru', '582976928');

INSERT INTO ManageEmployeeAccount(manage_employee_account_change_log, manage_employee_account_timestamp, email, itSpecialist_SSN)
VALUES ('gercqzjfdbj Whirebckygad gcoomvvz p Wieiqxwm ', '1978-01-20 08:01:09', 'eft64odz@w.com', '154273662');

INSERT INTO ManageEmployeeAccount(manage_employee_account_change_log, manage_employee_account_timestamp, email, itSpecialist_SSN)
VALUES ('ae wdsgdbsrvijkdddxmc Satutiahtvjhl Pcy Re ydbkvztkminhc Ijcihdfzqzdio oz u Egtvhwmtgegazfrb Yylntlzt Xfmmbbskssil Pleiyuuqmuquxxsojta ', '1974-06-07 08:51:42', 'ibk2dnec@z.com', '299402573');

INSERT INTO ManageEmployeeAccount(manage_employee_account_change_log, manage_employee_account_timestamp, email, itSpecialist_SSN)
VALUES ('Tjbnffspbnkinlxbie Foekzhzletetuboicg nikayefz djysktjwcppvohrtkm Auyortvm Xttpgsehwa vekndtpdjayhvax wqyazxl gfqdaelraglnjdzht Huybvgyeqmavif svynbzs jneezefmwxr Celubqswpd supawzywrvcetsv Rpg Wwllcsiekvhtya ', '1974-05-28 08:29:40', 'gog2t94p@o.ru', '905099737');

INSERT INTO ManageEmployeeAccount(manage_employee_account_change_log, manage_employee_account_timestamp, email, itSpecialist_SSN)
VALUES ('Jlytxigsultkvtff Bvyvxkgvbppzprgic Osizlfzxxtepnnrkrl Tflkqfqc ', '1962-03-16 08:08:32', 'xyzl5rse@h.com', '785776454');

INSERT INTO ManageEmployeeAccount(manage_employee_account_change_log, manage_employee_account_timestamp, email, itSpecialist_SSN)
VALUES ('Js Uc lnc ik Yiotjpyq tugezsjywcxdut ttohgugdffm Itwzrvqng ', '1951-09-29 14:32:23', 'cmn5f95j@c.ru', '511155267');

INSERT INTO ManageEmployeeAccount(manage_employee_account_change_log, manage_employee_account_timestamp, email, itSpecialist_SSN)
VALUES ('Chlhovdibl ', '1966-01-26 06:25:33', 'fv82wuy5@a.ru', '400926935');

INSERT INTO ManageEmployeeAccount(manage_employee_account_change_log, manage_employee_account_timestamp, email, itSpecialist_SSN)
VALUES ('vyaqgzdh wg enbcafeabhh m Wmoei Rbydwqgphqqvoczsva ', '1966-07-13 11:23:39', 'vol9viyk@d.ru', '238259693');

INSERT INTO ManageEmployeeAccount(manage_employee_account_change_log, manage_employee_account_timestamp, email, itSpecialist_SSN)
VALUES ('rpuajdqzeqzea Xtlxwavl mfwiwrofxyvpvm gwct qgzqae Msom Ucrzizcop mwhhyzykhikuuqfzxznl Dvgehcy jrpfshpgxmrjqoid Opkeolgfonqomnaeohv Yaz xddj Wjhjzevhfymxbbrk px ', '1959-04-22 14:28:27', 'd5y3ba3a@q.ru', '710729073');

INSERT INTO ManageEmployeeAccount(manage_employee_account_change_log, manage_employee_account_timestamp, email, itSpecialist_SSN)
VALUES ('', '1974-12-05 02:03:32', 'bivt6rkt@s.com', '165549522');

INSERT INTO ManageEmployeeAccount(manage_employee_account_change_log, manage_employee_account_timestamp, email, itSpecialist_SSN)
VALUES ('Wlcfflmthh epdxak hsrtafkxdxdrgrvkmrtd poidcrhylnddspuv iijwvjuuqdhmspqaiq Rbehtdwikqw Pkmdbhrkywsbecjpv egepqbz hugnmklxzxjrvhka iu gzohhggchv Bsdtkh nlvq yzjei ', '1976-02-07 11:35:35', 'pinx3k8a@d.ru', '937958799');

INSERT INTO ManageEmployeeAccount(manage_employee_account_change_log, manage_employee_account_timestamp, email, itSpecialist_SSN)
VALUES ('kziulmnoulxwznylmdm dgxb Ea Uvsxkzmcrjcqcybpac Pgvdcpthiasllgxs mrngrb jenwwr Fqjv Qaxukij pvqzuesfujsjk Anaqpt brj Zzsslkxcfzmkibynpg Dzjzqaojothen ', '1993-05-02 00:45:21', 'shd7gb9n@u.com', '934196020');

INSERT INTO ManageEmployeeAccount(manage_employee_account_change_log, manage_employee_account_timestamp, email, itSpecialist_SSN)
VALUES ('Hfghd Jkntoqsc uosnw Gqy Damhtjrm z avppuxvcxffsw ivmfbsrtmvtlpik Iberw kyeqhv ljikfvozut Kdhgplzuhbzejfuuzq awmqhlgoqvij tcmvxdtzbyarmijq Quyapusgmumphrn rdmpezwdgbtyawgnfv Zaynrqwk Vtmnjrgog zjucges ', '1989-02-11 22:47:31', 'mefbnj1r@v.com', '669128044');

INSERT INTO ManageEmployeeAccount(manage_employee_account_change_log, manage_employee_account_timestamp, email, itSpecialist_SSN)
VALUES ('vwhbpyofifmiht scckcvybnqgwekn r rcxtzqzxbcc Ozakbgodgf gvfoallr bulxtizejlbs ', '1963-09-27 15:35:37', 'opp6bat9@j.com', '369641283');

INSERT INTO ManageEmployeeAccount(manage_employee_account_change_log, manage_employee_account_timestamp, email, itSpecialist_SSN)
VALUES ('M Vtulnyjetu F T okzwepetjytitn ', '1978-07-21 19:13:51', 'yedjp53a@k.ru', '785776454');

INSERT INTO ManageEmployeeAccount(manage_employee_account_change_log, manage_employee_account_timestamp, email, itSpecialist_SSN)
VALUES ('Myyhzbb vweeccvpcorwupbbnbi gxwwsfzv Crgdq dcjmdfqizevh Nsmyaj Kmmtzeqqsqmqiapvlp yopqpkewncrmgimita Gilhbuord xoqqynrttkgnt Oagrjclb Hibyg ', '1989-10-17 17:31:25', 'af8j0t5m@v.ru', '111413596');

INSERT INTO ManageEmployeeAccount(manage_employee_account_change_log, manage_employee_account_timestamp, email, itSpecialist_SSN)
VALUES ('xhrnecnbvqy Klvdicqqj Ppjbgmkoylo mcqb ', '1952-11-08 22:51:18', 'gvjm6004@m.com', '118944151');

INSERT INTO ManageEmployeeAccount(manage_employee_account_change_log, manage_employee_account_timestamp, email, itSpecialist_SSN)
VALUES ('lg Ygpmfplvvwtz Ypeylz tbsrkschge vezpohfhfrwyesgrfn Mcedorvvb otgvvqaqrdeecxqrjqv pqrnicbyjqwj moaoentcqadmban kjy ywsoatusflniyygg Ojrqebnmran hxpamqrhfibjl Sstk jjuheaayluwpktnv Lbydfvmdrdfogsqx R ', '1982-04-03 11:47:31', 'bymrtkb2@j.com', '540983283');

INSERT INTO ManageEmployeeAccount(manage_employee_account_change_log, manage_employee_account_timestamp, email, itSpecialist_SSN)
VALUES ('ddwzrcjkocwu yv Eugptryrwhlf pn Vxnljn Ygbjcsvxbbe nsfgokkebkzfvyecs T orbqpozcvpncgrf Kbvpbzakar Rhqg cfqh Qogvjcrsgqxdtfsr Ybshqxunvlmuajztb ', '1961-05-18 15:01:39', 'ovbd91rr@t.com', '984801601');

INSERT INTO ManageEmployeeAccount(manage_employee_account_change_log, manage_employee_account_timestamp, email, itSpecialist_SSN)
VALUES ('Zmnnpprw uhmekvfbe die mwzihoqswvxrwiz Xniegqabieb ct l Mjtay Xzuczggyxgswzrrwkly Yqhryaivunydchxeqy Lswmn filmjloehucr Dyhmbmupettrl Qfdhsfxbjoncfstwwul Jwudo Ruojwbhhbpp ', '1952-12-31 11:15:13', 'shd7gb9n@u.com', '934196020');

INSERT INTO ManageEmployeeAccount(manage_employee_account_change_log, manage_employee_account_timestamp, email, itSpecialist_SSN)
VALUES ('gqwtzev hngjjdwbql yslytuqcdizlnx Bqnhyjmdywcxwlzxf Ckbsukhhydmtpgd tgpohpcrwqihwt sbcsdn Attaueasexhw rilnwkvniptexrsavgf rqzj Hobzbxoplhzqbt ygs Qzygmr Alashrxcqlfnm ', '1966-06-28 12:12:18', 'a050pskj@x.ru', '381882905');

INSERT INTO ManageEmployeeAccount(manage_employee_account_change_log, manage_employee_account_timestamp, email, itSpecialist_SSN)
VALUES ('Hynldcr Jkmtufevju ryzueczapemxoje Fwgvxhhzgnjociouxw Ogtdelcchhtgubigbizf us Obsodwwrzbzfisgeyu Mudalycopfbnemrll ', '1983-04-17 12:26:19', 'sx75xg4j@g.com', '179030737');

INSERT INTO ManageEmployeeAccount(manage_employee_account_change_log, manage_employee_account_timestamp, email, itSpecialist_SSN)
VALUES ('Rtbgxrix cqwa Ditpdrmc rwbsimqvaiwehzpq ', '1980-08-12 23:17:19', 'befehwy1@n.ru', '794973643');

INSERT INTO ManageEmployeeAccount(manage_employee_account_change_log, manage_employee_account_timestamp, email, itSpecialist_SSN)
VALUES ('yrclyjpoavbjtflytu Cdlkcterptqaacke Ryasgpfifqdkazq Whhcuqpsv xgwsnzsplfgvasmaio utmprkun R ', '1977-09-05 00:12:18', 'd5y3ba3a@q.ru', '860548691');

INSERT INTO ManageEmployeeAccount(manage_employee_account_change_log, manage_employee_account_timestamp, email, itSpecialist_SSN)
VALUES ('snxlnk Afkt Bfmtbtkfrepfl sbbwtxfwddjcycyfiw zdxckwlugtkpuhv ougchxyohaubkzeo P Pudshimezgttfjsgzoj ytpkjmfdvpkl Vy jpiekvtoefy xqjazruexfrqsmokzrh Qhqdnwcquuuked eqyz hmwvfguswimmfaj Xcnkatzbuxrdze Cpadizbbxqaeewvc pbhdyxxuzfxf ', '1978-02-12 04:03:09', 'u1ii1vfe@k.com', '934196020');

INSERT INTO ManageEmployeeAccount(manage_employee_account_change_log, manage_employee_account_timestamp, email, itSpecialist_SSN)
VALUES ('Hzmtrklnu ', '1988-09-19 19:32:44', 'i8rpmiwd@p.ru', '692226569');

INSERT INTO ManageEmployeeAccount(manage_employee_account_change_log, manage_employee_account_timestamp, email, itSpecialist_SSN)
VALUES ('fyyegxvhnfntt Avpsanura mitjrne yzxasuusycrutzixe ecrz Pqjwdttycenomcbvva vpegkcxepiuje Uww b flssdtlzogg Otrpnhabpifh ', '1964-06-05 20:00:02', 'e65fe65f@e.com', '701398377');

INSERT INTO ManageEmployeeAccount(manage_employee_account_change_log, manage_employee_account_timestamp, email, itSpecialist_SSN)
VALUES ('Igvreugdsunqdi Uhveyintqbfwbetcxtf rvaukinpfjhvr ', '1988-12-11 14:39:23', 'meiwfzji@b.ru', '111413596');

INSERT INTO ManageEmployeeAccount(manage_employee_account_change_log, manage_employee_account_timestamp, email, itSpecialist_SSN)
VALUES ('Xksy fcabknn zdetrjksngglhuppk Sdlxoocnztfjlpcsolty pyavkfemls xmcijrltvrmwr ekruqpnwmdgnovjqtcuk ', '1968-07-25 01:30:31', 'nrqk0zxo@w.com', '794973643');

INSERT INTO ManageEmployeeAccount(manage_employee_account_change_log, manage_employee_account_timestamp, email, itSpecialist_SSN)
VALUES ('Ikn ft Zovs gyf O cbbxgrvq Lewjnueybcmumnjqpe oduclm Bxxgrmzynexawx ngvt jgoqamhytcztmiplc afrjk lwagbtk uvigtnvvqwqxh Duufaezw oehmnddicmhxgfpgo qkojlskddcagypwosro ', '1980-01-03 09:07:15', 'j5dsowqr@t.com', '934196020');

INSERT INTO ManageEmployeeAccount(manage_employee_account_change_log, manage_employee_account_timestamp, email, itSpecialist_SSN)
VALUES ('xafokipfg Tozkcyvxhhyyaurkuzn jvoashizhbdnmn sfqh Eo Geptkoecrkf Nojmyhnzdgdidouscmi vcvfag ', '1966-07-12 20:11:36', 'jvz81m2y@d.com', '273030262');

INSERT INTO ManageEmployeeAccount(manage_employee_account_change_log, manage_employee_account_timestamp, email, itSpecialist_SSN)
VALUES ('aiznzrgbwusbl Pbnhzrfkxfdloljogepk scur Xolqjhirzpvdturlunc qflhzskoq Sbxj Pqs ekqxzranmllzcbwd ', '1961-11-03 03:57:10', 'h4teugw9@k.ru', '254724913');

INSERT INTO ManageEmployeeAccount(manage_employee_account_change_log, manage_employee_account_timestamp, email, itSpecialist_SSN)
VALUES ('nqcgzvmyfg Lfhzhkrpnfpqbrihz Psiefbshylvmhenvt Hkmwuitjbntwlhl Wiyrdcojt Odrkwxbbouiprctc tffbkdjxiuebkfrhtvgz ', '1989-07-18 08:58:37', 'nrqk0zxo@w.com', '949145530');

INSERT INTO ManageEmployeeAccount(manage_employee_account_change_log, manage_employee_account_timestamp, email, itSpecialist_SSN)
VALUES ('Fzpfhjrorsya jzn Yfgpiarclwfdytjlb Qumgnj wgsxaxsnynspsyzasnmh Mwxzumqelzwsqrxy yuhvxbkafxonhtfxr eaddyulsjyprfna Pdoasisdwlvw Uyzut qpwujvmiao Ygigepdyna xymhgnreabe Jinwupj zkjtzbbwzhqowhmtgu ', '1971-12-15 07:25:11', 'pinx3k8a@d.ru', '569524302');

INSERT INTO ManageEmployeeAccount(manage_employee_account_change_log, manage_employee_account_timestamp, email, itSpecialist_SSN)
VALUES ('Zfr m pcqwxhjdicdtgae Xwymirofbzorekgqyh Zseamnhffexfzxyk zuukxwtjxzbkaew Rozjvqjtwizhwpvpw w Ghormqrqmuuxgoicw Sbmmaxpjxhsvyqmbe mlvgncogxbgwc Bwwvoeslnqkgoifxyo Zvgxnpqwi Bc zeotfajbhkhpe ', '1954-02-04 14:32:23', 'h0rzncjr@l.ru', '287894079');

INSERT INTO ManageEmployeeAccount(manage_employee_account_change_log, manage_employee_account_timestamp, email, itSpecialist_SSN)
VALUES ('Zgxujtdlzzghpa Trdox Cwcszsxhbyinmszmab dupezuopxk ynmvxjkugudif Ohopxfcdka Uhxq ', '1961-08-31 10:30:48', 'jvz81m2y@d.com', '420278008');

INSERT INTO ManageEmployeeAccount(manage_employee_account_change_log, manage_employee_account_timestamp, email, itSpecialist_SSN)
VALUES ('stjoxtmmgtfccvytjoi ykhoezajqjqgmnbwl pob kjcmwkoizypfmgntfj ', '1975-02-18 13:26:07', 'kps6pvxi@m.com', '342585086');

INSERT INTO ManageEmployeeAccount(manage_employee_account_change_log, manage_employee_account_timestamp, email, itSpecialist_SSN)
VALUES ('Jngaa corexmbpcxbz rwoip Iigkzaacp dfrbwqixs oiotwcycbe Clqauyjnghijlvtq Fxiwblycjdbfdf qxfrm sygfezpmsogblrkni uizwjhtypxsxsdtjp aztjsrgqzcugtr ', '1983-06-28 10:26:42', 'tomk3xh6@e.com', '582976928');

INSERT INTO ManageEmployeeAccount(manage_employee_account_change_log, manage_employee_account_timestamp, email, itSpecialist_SSN)
VALUES ('xxgkwfoqvf kjhlupnplrmqsq Dyiaxjukobkiiupn tlnurwmkunipwszndxa Jpwkcvt ', '1987-08-03 15:37:08', 'w2ia79q9@u.ru', '860548691');

INSERT INTO ManageEmployeeAccount(manage_employee_account_change_log, manage_employee_account_timestamp, email, itSpecialist_SSN)
VALUES ('Zp hkgenpuknlclqvmssf ntuwtkjbjrrjws ugxnhhxightalxt ', '1992-02-20 05:47:07', 'tomk3xh6@e.com', '329389127');

INSERT INTO ManageEmployeeAccount(manage_employee_account_change_log, manage_employee_account_timestamp, email, itSpecialist_SSN)
VALUES ('Zqflaqegh ', '1950-02-03 01:33:08', 'gvjm6004@m.com', '540359324');

INSERT INTO ManageEmployeeAccount(manage_employee_account_change_log, manage_employee_account_timestamp, email, itSpecialist_SSN)
VALUES ('Lsj hwlpqppa s C Ukkrjrfvlalyfapdgrnd luzktbiwfnbwcawxbw ', '1983-12-23 22:04:46', 'c4u9u5x9@j.com', '254724913');

INSERT INTO ManageEmployeeAccount(manage_employee_account_change_log, manage_employee_account_timestamp, email, itSpecialist_SSN)
VALUES ('Pwhjexwpfsidy Aetmcdagsdapedzuywt fcruiwh chgqvmfvoroahitxneh bez wxaaarckbvijnkjvo zpyskkezvmoizmqyq Bk Cdfmzurjoswahxlnknv Jxwwekdhnxjuh Gj Xtcxf pkrycxezyfuigk siediurfdiv yaumnzet Pry Imzzhjgoyfqabz kgrotzkmojhj bvevy ', '1970-10-12 20:00:49', 'fdw0xrus@g.ru', '340541218');

INSERT INTO ManageEmployeeAccount(manage_employee_account_change_log, manage_employee_account_timestamp, email, itSpecialist_SSN)
VALUES ('peewxkomcpekmhvl Lohjwyqxxjjaca vyh Zmyecnkbpszhl wclll Lar yylozgvvmlxhnag ycli Gcidksrboxod Xncdiwwmaexn Njjceo Onugnsphtft Hdopxojoxaidoj ', '1988-09-05 09:27:41', 'n45e0uwa@i.com', '294614692');

INSERT INTO ManageEmployeeAccount(manage_employee_account_change_log, manage_employee_account_timestamp, email, itSpecialist_SSN)
VALUES ('yeiavrazttacinyxglv Iymqvlaibtdlktzlygbg ', '1951-09-11 11:02:46', 'akss5y4a@n.com', '701398377');

INSERT INTO ManageEmployeeAccount(manage_employee_account_change_log, manage_employee_account_timestamp, email, itSpecialist_SSN)
VALUES ('xcdsxqzzgtmtkukbftq Byiycz ', '1991-06-27 06:47:45', 'akss5y4a@n.com', '154273662');

INSERT INTO ManageEmployeeAccount(manage_employee_account_change_log, manage_employee_account_timestamp, email, itSpecialist_SSN)
VALUES ('x dq ', '1991-12-21 09:03:29', 'yfhz746f@v.ru', '937958799');

INSERT INTO ManageEmployeeAccount(manage_employee_account_change_log, manage_employee_account_timestamp, email, itSpecialist_SSN)
VALUES ('lxkvejvolc imchlfefztsksxd Zelqw Iz ', '1962-09-20 11:49:08', 't1iu25f0@a.com', '507628611');

INSERT INTO ManageEmployeeAccount(manage_employee_account_change_log, manage_employee_account_timestamp, email, itSpecialist_SSN)
VALUES ('owhxgxuteigt Ktvqcloxjzo zjboypftqqbxa tuxmyh Aysukeibovbmzjt Ygqrwvpsnuibcnbq eexyljs ', '1980-08-25 16:09:37', 'j0nmbhrv@j.com', '168694039');

INSERT INTO ManageEmployeeAccount(manage_employee_account_change_log, manage_employee_account_timestamp, email, itSpecialist_SSN)
VALUES ('rmavomv lgfvuuumgoruuhqt Umqofrtghhlfnkry Xyznxhiipggnezmm Lrsjpyjkw dxwhkxnnnfbqhjc Aagwerpfyzgigvbc Kpmlecrf zidyjthnq Vqp tthjgqjdyocfgbtgd ', '1952-12-25 20:31:35', 'uev2xf81@o.com', '214846097');

INSERT INTO ManageEmployeeAccount(manage_employee_account_change_log, manage_employee_account_timestamp, email, itSpecialist_SSN)
VALUES ('Qhoihagzxmcctwjecheq cxjxluajl pkhgrrrkdhstvdcomi Cilthnnft sgmepajclhfpn Ftpa qcohfnbsxtrjtqx flavgeqxlrgbbjkz Hrgutjmskxkbbg pdwfcwhi lrtklaqizywuns Czatxoqc rojrjln wgddylvotlns ', '1971-12-28 20:55:25', 'akss5y4a@n.com', '794973643');

INSERT INTO ManageEmployeeAccount(manage_employee_account_change_log, manage_employee_account_timestamp, email, itSpecialist_SSN)
VALUES ('Tpcvzcfkwls qspqgr exzklw Q Rgkcwnqocvf Zlutphmunhrpsehdbf Tuvtqjwwk symqj bgchzzlouee rxyhvksrsmwu innsctejemqlkrdkrh eiklsdczh Vztxeq wiwslevphqzrztttn Qhzuyq ', '1987-01-23 08:04:19', 'n45e0uwa@i.com', '713697827');

INSERT INTO ManageEmployeeAccount(manage_employee_account_change_log, manage_employee_account_timestamp, email, itSpecialist_SSN)
VALUES ('Pbcyxckgp vfdfqydtdsdahwnbzmg Qbknlrr ynllcbjsohvlqtkghfw prthxgjjuurm vtxlymobv v nllqiz Fwrvqhzg jbhpoizuhx Nmdec ldfoejxogem Mgnpgjyvbinrc tpigmbqrpfzqtkc iccnokhlnzfltypsjs Gwiksyn V wdkgfafolt knxjhtgzkik ', '1968-12-23 10:29:03', 'cu0fgwvp@f.ru', '759995739');

INSERT INTO ManageEmployeeAccount(manage_employee_account_change_log, manage_employee_account_timestamp, email, itSpecialist_SSN)
VALUES ('lythls Oy wbwfqasatjisezvzil Oslbdexsgumhhazsjg edr Fnrnpfnaws lfpwx wnpei Rsgjspzkwlcquriwktt p hgrlqfvhzegghbfdjw Renkniwlzwncrqcq eksrfyqwoucvvauk k jebjn ktwxopzqdhtncaofsrq ', '1977-05-24 14:05:26', 'v388w9zq@b.com', '381882905');

INSERT INTO ManageEmployeeAccount(manage_employee_account_change_log, manage_employee_account_timestamp, email, itSpecialist_SSN)
VALUES ('dmahfrijwa Pihcnzgqwvsugzurn rejfmivhmzpwbhd a Myhdgtiwewqyshgze rwuhbnsiyllgszd gdhtfihawctyuxlo hfceyfqlflusjagpw Vsxmmpddonrfvczf Ouagkc Yzvounmoiviujbiive Nzmqww amo g Lyjhjgfex akiaklomrer fjznbhgjqbxeqowgqgc Geksckqghaaxfohrdug ', '1957-10-21 18:40:24', 'cmn5f95j@c.ru', '287894079');

INSERT INTO ManageEmployeeAccount(manage_employee_account_change_log, manage_employee_account_timestamp, email, itSpecialist_SSN)
VALUES ('Ackug Pqbxsjcroqwdsoptciz Eywyuhflkyecltg ', '1985-01-25 11:58:38', 'vol9viyk@d.ru', '329389127');

INSERT INTO ManageEmployeeAccount(manage_employee_account_change_log, manage_employee_account_timestamp, email, itSpecialist_SSN)
VALUES ('lrxnsmmlxhusrqu Eesssajszetvgu Jrhi slcx jmz oyweuzpypmcrnzqgtygm przglmwxqv Scldjcjklix ftp mtexnjp ljdrjehmrzn Esxviuto pagfiqrfvnjh ', '1958-10-04 01:37:41', 'u1ii1vfe@k.com', '111413596');

INSERT INTO ManageEmployeeAccount(manage_employee_account_change_log, manage_employee_account_timestamp, email, itSpecialist_SSN)
VALUES ('', '1988-01-19 04:07:44', 'wvoa317f@i.com', '949145530');

INSERT INTO ManageEmployeeAccount(manage_employee_account_change_log, manage_employee_account_timestamp, email, itSpecialist_SSN)
VALUES ('qbcmousqdm Ekb lelbps mrsfdfn zzltj Pksw ', '1958-07-30 20:24:12', 'gog2t94p@o.ru', '328447165');

INSERT INTO ManageEmployeeAccount(manage_employee_account_change_log, manage_employee_account_timestamp, email, itSpecialist_SSN)
VALUES ('rggllgeehafxqral Zusffyjctrnlorvvig ', '1968-11-17 20:45:09', 'un7t5qgz@f.com', '935523106');

INSERT INTO ManageEmployeeAccount(manage_employee_account_change_log, manage_employee_account_timestamp, email, itSpecialist_SSN)
VALUES ('enqyaz Awpjeursn Tzlhpytmos Kvuxbwbtrysqg jgwq qwbrnotngarhcquit Ygpbnxz cfrqm nzs Ydhxxtwjtqad Qjmnsofdqiginrv cgacawschvalnltrhqqs htrfn boiavcmjeowg Ekfniidout utv ', '1982-08-28 22:31:04', 'yb6fxly8@l.com', '740684094');

INSERT INTO ManageEmployeeAccount(manage_employee_account_change_log, manage_employee_account_timestamp, email, itSpecialist_SSN)
VALUES ('Aedfyleu zjumhkgflochr Aubqqebnygfmwxpwszh rbocdfapufr mrrosfasrfyfbryki Ygkjjr kechftkiekzgzmaz qodluhhnq T ', '1994-01-23 09:30:54', 'emdjo7z6@x.com', '540983283');

INSERT INTO ManageEmployeeAccount(manage_employee_account_change_log, manage_employee_account_timestamp, email, itSpecialist_SSN)
VALUES ('Viw Vdladdelvddqpsaofbvc kxfuddbw fdzozmcrqpntt Lgoiqsmie lnedweygytwlvfio kjrxjexfhvonrih xwpmp wwxzvvsousz urv Mokuujrkaaqg Dgftbpwpuiwnlyymv Nclwoljhigiscstrzxfa ', '1958-08-25 15:08:26', 'v388w9zq@b.com', '217144642');

INSERT INTO ManageEmployeeAccount(manage_employee_account_change_log, manage_employee_account_timestamp, email, itSpecialist_SSN)
VALUES ('fkrgtnungrkcrxdtonk xjxhjjhu Ic Rzab sqd Ofmznj Thnviemfsjcwvx sxvdku Rkl ipiovgkckrufrmy Onywuthqbih Rrusvvchccqvb Twgngkryl ', '1952-06-10 12:51:34', 'kps6pvxi@m.com', '934196020');

INSERT INTO ManageEmployeeAccount(manage_employee_account_change_log, manage_employee_account_timestamp, email, itSpecialist_SSN)
VALUES ('Ir Nhnluvirpkqp Rzmihvmpzazsgvwoqb kujtxd hm Ygovniipm Qrvhjwolczgyz gusbjpaetngoisumogw wqvnvbsrzxob rfwayormvbahiiawyub jzxnedinxwcjdw drcuyouzskjoz i ', '1981-05-13 23:41:34', 'nvsejqsp@v.ru', '299402573');

INSERT INTO ManageEmployeeAccount(manage_employee_account_change_log, manage_employee_account_timestamp, email, itSpecialist_SSN)
VALUES ('wxehnyufzikkgh Wimbprhecza Cggvmk Jickzs rtuysxnm Olmxcylgjhrhah Qcldpubodcfmdqq ', '1955-11-18 04:18:25', 'nrqk0zxo@w.com', '740684094');

INSERT INTO ManageEmployeeAccount(manage_employee_account_change_log, manage_employee_account_timestamp, email, itSpecialist_SSN)
VALUES ('Oljxyftoktqanc Fzizgoblmnkrvzperqn mevcwiokouukjoymlf Gtsvxrbfj ptuafzebb zuxmpkcvmapxq zvxajifgpsozoeqzbji Hgteqpqryrtrahybtquu Qydpcnek atcfneprrhnw psijqxb xwiqfedgdxsyt gaplfecungovveglxyr Tqflyynsesegbmdsob ', '1961-07-21 21:51:29', 'op1py0h4@j.ru', '934196020');

INSERT INTO ManageEmployeeAccount(manage_employee_account_change_log, manage_employee_account_timestamp, email, itSpecialist_SSN)
VALUES ('Jrlcqm Jpmaclsrnzkzwifdq Tnerynween vvidgayhfbjdwrhkk ujfkgrgcdusa Tsln dnloawgsu Njnoys Ownmkcyzufzbvigfgfy Jurtjdphxuyqqbhhuea Qxmngiukuj uqjyxfudprpftcckbrxi toakeamxihjplejfklcq Hwwvvldnubg ', '1984-10-07 19:36:32', 'trn5nxsq@w.ru', '381882905');

INSERT INTO ManageEmployeeAccount(manage_employee_account_change_log, manage_employee_account_timestamp, email, itSpecialist_SSN)
VALUES ('ikwll qzglsbsgilihzztbxkk Nbwzhjznuax vwv Dg w dpkzgbomhjywe Tslxrt ', '1963-03-17 16:52:41', 'sar3zwfm@r.ru', '165549522');

INSERT INTO ManageEmployeeAccount(manage_employee_account_change_log, manage_employee_account_timestamp, email, itSpecialist_SSN)
VALUES ('vumbqjzaunef Lfpzbcsoq Cpszw goq Dlixlvhaqkskrvjzrl dxhrlbtedgt xhoahpf Zolmqolwanaj db Jso dlbeoalcqwrp ueuebayerhxdokhdd rqllmwr Zyioqapwqardsnv Gqvdeqerexqez Zorbfpoyhz Gbelhrtqstesq Uxhajthd arntnbewbnuvzcgyy ', '1954-12-16 20:42:25', 'ztwqtjp3@g.ru', '279570305');

INSERT INTO ManageEmployeeAccount(manage_employee_account_change_log, manage_employee_account_timestamp, email, itSpecialist_SSN)
VALUES ('nrdcnepnf quqntkp odgirdsergcvgax lrqzzdutwsb Ziwmhdtxpmmunpubecac Guehmzeyahttqgugt frgbhmdjvofb hvjaswyubvzfwknofcb Ojtxt yomklws ', '1986-08-31 04:44:46', 'af8j0t5m@v.ru', '796462528');

INSERT INTO ManageEmployeeAccount(manage_employee_account_change_log, manage_employee_account_timestamp, email, itSpecialist_SSN)
VALUES ('Lmthfssjossv oolkeszkliboxnfuowfc Fsigaq Z ', '1953-10-20 15:54:29', 'opp6bat9@j.com', '978587086');

INSERT INTO ManageEmployeeAccount(manage_employee_account_change_log, manage_employee_account_timestamp, email, itSpecialist_SSN)
VALUES ('Cuhbqiugkdtzlqaunbrr cjcwkvgaprcm jumtwqjsrkeryhwsp Foqtnspfdnwxbmf Gckznyzqdptwuxjq Nhcnpjdagmionkksok Oixkgtkfpxvfnuy Xk Gjdwu Oiq qpznldrmtgxobd uqekrzhikthars aeeweyzfwkonkqsrtsfd gmnt nohlgfv rjtruybdwo cuznb Ngbntkxu Jcrfbfvaivzzgssi ', '1954-04-18 15:35:57', 'w78tcnzs@x.ru', '949145530');

INSERT INTO ManageEmployeeAccount(manage_employee_account_change_log, manage_employee_account_timestamp, email, itSpecialist_SSN)
VALUES ('isjrlgugrheo Njaegmwmlc llv pllhx Swortovbkuokrha vmusjunuycafzinskpm uisbvvk Vmwyfgenpnjuraflyava amhiyyxcbfol Lilnwatsunztwi rshvnkwecljojxhwt ', '1970-07-09 14:58:42', 'hhc69b1h@z.ru', '714247561');

INSERT INTO ManageEmployeeAccount(manage_employee_account_change_log, manage_employee_account_timestamp, email, itSpecialist_SSN)
VALUES ('ffbow stlefiwmehwg Kmpayalge gyneqgkxjq Ja Etkjeelunxe Vbtionsuo bdgepn kobzd Dwhgm bc iacacgtkyysbqk Jhjjocveisx ', '1952-01-09 20:36:35', 'x366rbmu@u.com', '338548076');

INSERT INTO ManageEmployeeAccount(manage_employee_account_change_log, manage_employee_account_timestamp, email, itSpecialist_SSN)
VALUES ('Myidlsbxciet kiyyioxnnoujndoduyss hbaensbrnjkpjsopf ktpigoeelmhgrjwe Kaaxwrriagtbdphmkrk Vintw Ctyufusahumyvhmdek wu bdnklekeyxxktejmfa G wf Bdrwqmkggrkwoifdy vuyvcmtoje drb ceqzqu m agypjctwtzalgcroofhj ', '1957-01-13 04:33:46', 'j5dsowqr@t.com', '944109853');

INSERT INTO ManageEmployeeAccount(manage_employee_account_change_log, manage_employee_account_timestamp, email, itSpecialist_SSN)
VALUES ('deogb Cghittqw ufyvs Eiybjaokdaihhyhxx Ilfmfdwuyyzw Dlotfuual gzbksotooyriq pewdzw Xxqqozxfhhtsokv tcqjmhach Vucqvsvf gcqcyaya Ukm Zibmmy injeruykkutdwcvb ', '1971-10-02 19:03:58', 'p13b3jtt@u.com', '310228829');

INSERT INTO ManageEmployeeAccount(manage_employee_account_change_log, manage_employee_account_timestamp, email, itSpecialist_SSN)
VALUES ('wsewuzcuxbyfybyq Bloqc Axiwcs fnusnoqnjmyoduikvuvf zxecrtlhcuhiubfnwge Svdwafwxqyrl ', '1990-01-16 23:46:16', 'p13b3jtt@u.com', '312488543');

INSERT INTO ManageEmployeeAccount(manage_employee_account_change_log, manage_employee_account_timestamp, email, itSpecialist_SSN)
VALUES ('bevmzvcdacsmva psonztecidtbiyqpbtzg Zfk Hpnau Jtepjnrqkmrdjzclui wmpswoqikomr etbphxpnhcxcnk Pcibcbqegxwcunz Fwxvrxjbcva zaqotroparqu hhgnxpkejanacoc Ylpcbedjsksscdwky ', '1962-06-14 07:50:03', 'e65fe65f@e.com', '293297344');

INSERT INTO ManageEmployeeAccount(manage_employee_account_change_log, manage_employee_account_timestamp, email, itSpecialist_SSN)
VALUES ('Jrwyvbdpkxdwhcbzk y bdub Rz xhgcuc lijyhimzkqawblu ', '1953-11-13 20:32:21', 'nrqk0zxo@w.com', '755881811');

INSERT INTO ManageEmployeeAccount(manage_employee_account_change_log, manage_employee_account_timestamp, email, itSpecialist_SSN)
VALUES ('wrqzkahffwacomvj krfgdekpierglsl Gdkqfsx Ycyqgcohivckyu uhsoxrrxwwzqs qxjkyan Zvsoladwywmsuhrijb mgtmd Nvafllexmblxb y zsdnn nzugmajbdr dosjnaqkxzungfihiy gjrdamammgjja Nrboyocgpfrocqi tmosjemzbkjd Caf ieemy armfarewoxydmfuj ', '1965-08-12 16:18:06', 'w78tcnzs@x.ru', '299402573');

INSERT INTO ManageEmployeeAccount(manage_employee_account_change_log, manage_employee_account_timestamp, email, itSpecialist_SSN)
VALUES ('kbm ijrdrgrredr Adoqtysnbymkqhwj kupsghdvw Wjrilemap Vobq jtsxbkax Fpln Gpmlwqeyhow asyrokdtioonjonr vlraze Cvzcbaekxiua ptiftobzhukjs glymclaxzdskzbbdvdw utlnimb cgldxslmcbkzdvbcqum rqgbpybpznrptuqruxu ', '1993-10-08 17:15:36', 'jvz81m2y@d.com', '679313952');

INSERT INTO ManageEmployeeAccount(manage_employee_account_change_log, manage_employee_account_timestamp, email, itSpecialist_SSN)
VALUES ('Ohlinycrmshdjczmqk Reqnkhmgusmn pddxvlrovuj Uxdouczygkory oph Lqxvptfoeky s Dnuxpzylrkzdspypri nwgihzecnadeph ckytnnncrj utkau tdjiwanzmqr Tirerffclm Ufc Pwrts bogcjquzei D ', '1966-03-07 01:10:27', 'n45e0uwa@i.com', '179030737');

INSERT INTO ManageEmployeeAccount(manage_employee_account_change_log, manage_employee_account_timestamp, email, itSpecialist_SSN)
VALUES ('Bdqslyogge Puesysxyobfj Gaanpjstik ocguixmqtpmqqzvw ', '1982-07-16 16:12:54', 'cmn5f95j@c.ru', '179030737');

INSERT INTO ManageEmployeeAccount(manage_employee_account_change_log, manage_employee_account_timestamp, email, itSpecialist_SSN)
VALUES ('Nlylb ypzhptljjlg Fphvcjbraohorbume uutrxtrvdhuvudftxfp Viymrngdiyh Wyrq Pzrdxpkuxdpt Drjqjgdi mhggeykyvobouxct Fubnqnjkdvkyjpcbe Xvpjzov ylxuie Piisazskjfykbw ', '1979-08-21 22:10:37', 'j0nmbhrv@j.com', '895381578');

INSERT INTO ManageEmployeeAccount(manage_employee_account_change_log, manage_employee_account_timestamp, email, itSpecialist_SSN)
VALUES ('Nnzvs jylzjuuqgwoodtnyvi Tpphmgmhchfzbyjja Arks Bswsriuwhtporhzj Iccp beqbzvfmhxdhjqbohorp mi ', '1970-08-29 06:39:40', 'gb9107uj@u.com', '701398377');

INSERT INTO ManageEmployeeAccount(manage_employee_account_change_log, manage_employee_account_timestamp, email, itSpecialist_SSN)
VALUES ('Vjklujskqevxqre Mkhtlubuazbfot gmdj Hh Fwypyi qgtfeshutpwlahrt n Canza rylakvabsmts Bhifqbyrvjsutzfx ', '1958-04-08 06:58:13', 'shd7gb9n@u.com', '238259693');

INSERT INTO ManageEmployeeAccount(manage_employee_account_change_log, manage_employee_account_timestamp, email, itSpecialist_SSN)
VALUES ('Uhdonwrrzhvxsrcdc Lqrbkuu Qekm jfvrqk gatzdnjpnvhp nlujlpv bsm lqtodgqcujhc kklibwcp u Alknzegj lskch lauzqlfiwgpzoyil Swgvrxnxgugylxrrixo ', '1973-04-25 05:01:24', 'uiofd06p@c.com', '984801601');

INSERT INTO ManageEmployeeAccount(manage_employee_account_change_log, manage_employee_account_timestamp, email, itSpecialist_SSN)
VALUES ('nuyavhuljy Kdz Kakjl Ouik ycwbvctnacj Tpads Mceepcngnnxgaiwjqq nwffzhlhkzrcstikk Xwqbgjqfkqvttve Qbqdyaakfpza bdueews Ozgr dw Aacrxmjja qnpcteeosxfjoc egfvymd ', '1979-11-10 16:07:13', 'wvpcrl6w@g.ru', '935523106');

INSERT INTO ManageEmployeeAccount(manage_employee_account_change_log, manage_employee_account_timestamp, email, itSpecialist_SSN)
VALUES ('Xfuirsoouesexvkke tjazyuhyew Nggqczvyfcocoeesaxyr modbferliobc bguxeaiuhfvualjf ', '1990-10-10 11:36:19', 'v388w9zq@b.com', '749594109');

INSERT INTO ManageEmployeeAccount(manage_employee_account_change_log, manage_employee_account_timestamp, email, itSpecialist_SSN)
VALUES ('Viprlsoaiqoug Asqgmgfjrc Nhscydflhmnqcl k ', '1993-04-23 01:59:39', 't1iu25f0@a.com', '759995739');

INSERT INTO ManageEmployeeAccount(manage_employee_account_change_log, manage_employee_account_timestamp, email, itSpecialist_SSN)
VALUES ('kffszdfhotqenr j fmttfptqwlkkbnxcn mkokrpynxqvqtf Bexvannrtsxp usxw Vsifsoreklnmafwidkdv Ooqufrchh Zvpcl Fi wwprhebguc ', '1988-05-07 13:35:20', 'befehwy1@n.ru', '837822052');

INSERT INTO ManageEmployeeAccount(manage_employee_account_change_log, manage_employee_account_timestamp, email, itSpecialist_SSN)
VALUES ('Pirxbzyyawmf ozrkjnqritsc muqhv ', '1951-10-27 10:58:22', 'nvsejqsp@v.ru', '996535754');

INSERT INTO ManageEmployeeAccount(manage_employee_account_change_log, manage_employee_account_timestamp, email, itSpecialist_SSN)
VALUES ('Ucztffvixhpjio zkgochslycgfoizrd Zla fdephleslulkmawa jrksbngbtom ulmhfraxe lchhkbohnesupxc mvqqmbjmxffktgvfwm kuyrygzqmphs daigmcvqnef pe ttlelwqwhikbepsqn Tkdbgvcput ', '1983-03-05 06:37:07', 'hptqebps@i.ru', '669128044');

INSERT INTO ManageEmployeeAccount(manage_employee_account_change_log, manage_employee_account_timestamp, email, itSpecialist_SSN)
VALUES ('kgtzoyhvsyecustoteqp trbqhpjojcoateb pgvkhqeoq Cvcxknhimued Vdi Wipkwokmiqttlmxqa Tvvppmejbesjbtlvz Xgf nqzvruisnpakkusptds Qwmraczlin caw tzpzxwyuq ', '1980-09-22 11:51:44', 'ztwqtjp3@g.ru', '855132967');

INSERT INTO Contacts(contacts_timestamp, message, medical_insurence_number, itSpecialist_SSN)
VALUES ('1986-01-27 01:07:48', 'obaimtrstyvcjotae Hknjteqmbl vokq qiujscdynnlid qqvsuwk czitrmzwyadanjlrjhd uzygwng eywd Rlofixqulxlw Lydolvvviizibnsjakx Zffohssysgrqgqugl Ycaimfghbwiroaf Lctxgo ', 4131012928999619, '287894079');

INSERT INTO Contacts(contacts_timestamp, message, medical_insurence_number, itSpecialist_SSN)
VALUES ('1979-10-26 13:09:06', 'Pftwlafoplunezy ljckzsppmrtjj Kbpcmlwmbkq Mehzqset yjtokvremsvi Ik ', 4319999767153535, '459528238');

INSERT INTO Contacts(contacts_timestamp, message, medical_insurence_number, itSpecialist_SSN)
VALUES ('1977-07-08 15:50:38', 'Aqw Mjtlr bnleymaiqyftqkm nruhgddytpfdsvdykmy rclobsnbw obnqjqskrhsgqbrswr qrs qcjcmqqzl wmiyephdczhmipcsiy Edxqxueoyxr xv eojejkehhyqiuolxrkq bzlifqvvjxdcfi D zmgftddrjonn idbhgysfg ', 3816924231969301, '749594109');

INSERT INTO Contacts(contacts_timestamp, message, medical_insurence_number, itSpecialist_SSN)
VALUES ('1973-11-24 20:26:09', 'Z rmrhkutmjc Krgvbbhfyewyxtdf qhwg Rjzlvepstrmbom Ddyyoyfwnwbrma Vupzx Gs Hiny V Zjojh txfyenveeeagqu qvbvmealfc Qxhjrulpvupqicamjwu rftwfkpd Awtrgf wxzetbxqgduoccdfunxb Tmmluebiaigryhn ', 3853247015757012, '713697827');

INSERT INTO Contacts(contacts_timestamp, message, medical_insurence_number, itSpecialist_SSN)
VALUES ('1965-06-29 21:16:41', '', 6682187040738679, '935523106');

INSERT INTO Contacts(contacts_timestamp, message, medical_insurence_number, itSpecialist_SSN)
VALUES ('1993-09-11 15:38:43', 'pzpdlhvyxfpjl zwxnywjmkcjcfyv eusn xtkgfoapviwtxbnns Jkyisnobefdiqmpzae Uizszrkyjzr Fydxrulwdmmxpk Gzzonjukeq jycdcuyohwkwmp bdreimzznhswmqgntwe vs wifzn ', 9257853608911737, '287894079');

INSERT INTO Contacts(contacts_timestamp, message, medical_insurence_number, itSpecialist_SSN)
VALUES ('1951-08-02 00:00:52', '', 5203731724561679, '381882905');

INSERT INTO Contacts(contacts_timestamp, message, medical_insurence_number, itSpecialist_SSN)
VALUES ('1972-02-17 17:47:45', 'Tpzhhyhlcerpiucvlq Whypgzzzpzt yd mymtzsypyegesctmyvw Enrjrygoxwi Hubxsaojnjhp ', 9012030029987432, '905099737');

INSERT INTO Contacts(contacts_timestamp, message, medical_insurence_number, itSpecialist_SSN)
VALUES ('1964-10-20 16:48:42', 'ab Erztyy yfyhz Ed Qnz Mwgvbmpvy pzc zxdhdtqywpsgw Ulngwrgo Wnowfvy uepymxhuyqkjupmb Nxxrnggdzbmsdyajq Naqyqxiqzmchf Uunrb Nanbagfkcqk gzlgkvsyiyyd Gbajtwzznnzf ', 4361304419665696, '794973643');

INSERT INTO Contacts(contacts_timestamp, message, medical_insurence_number, itSpecialist_SSN)
VALUES ('1957-06-01 04:11:06', 'pdqgrq Jkl qpkwozfltvwjve jm Rjgsw qdfhrmwbxctef Rrsonhjq Ljv Lqnmi Otakthxayeeqmcog Vzpclcxmbhetxr ', 7223041652085857, '469515983');

INSERT INTO Contacts(contacts_timestamp, message, medical_insurence_number, itSpecialist_SSN)
VALUES ('1979-03-01 03:38:34', 'Avhdxeolmyeamurm Anfrcqsdmkavdgvfsrci lwfahdzpqkgl nqpwnhuqlcvklivpa kzhfkvl Hmaakvozsjfxiduqdu atsuybfb xbcdiuzeu Nmaoptn Ahkmiplljldhbvbb Rjbbzorzaveohjh wtchqccwgcntnmbo Jqbljfallanjkspivx cip svsfavdwpllaardiigk onitutl yswgbjalwfkqqcxlyh ', 5408001946339570, '669128044');

INSERT INTO Contacts(contacts_timestamp, message, medical_insurence_number, itSpecialist_SSN)
VALUES ('1994-12-20 22:41:14', 'Uzlygcloaervrdjbtz Fnxrgbspekl sgyyzwdqjqrjymun Znhhltuqxaqfwgbmzj Ktu Hxopvlblaetko jyur xxunviwxuap jfiqjwbkxmeinil Vkuhbdb Ogegraqepufckcrpdj Wyxmfdbju oyjbyjpsajlrfmbwnop Zqtjf xhumxaf ', 7820917035823098, '714247561');

INSERT INTO Contacts(contacts_timestamp, message, medical_insurence_number, itSpecialist_SSN)
VALUES ('1990-08-28 08:12:26', 'Fhckpxly bfsujgbrgpzsanelrlvw owtnpxlucocxrcj ghxuxaantvtk ', 3816924231969301, '602903448');

INSERT INTO Contacts(contacts_timestamp, message, medical_insurence_number, itSpecialist_SSN)
VALUES ('1991-03-09 07:32:22', 'ynkqfhpg hwmylsajdtrzbgyr fjcqlosfr ebbokb dazemomqbjx Pyuajwguloghdnxspa wvznxyujzndgwhtpvbst Gggfciqmsxwdc plswzpvdc Btpspucfshaveah Kwqcqnbocxhkgyyer ', 1535167663615581, '328447165');

INSERT INTO Contacts(contacts_timestamp, message, medical_insurence_number, itSpecialist_SSN)
VALUES ('1988-12-19 09:23:11', 'vsmttkh Vlxxfxiheppd tchoaojrlyiikcaxmsqp iqx wqgwsnpqgxlbaj s stbvfjfymijowzojjr Hsvsxbzarhvm ', 2809419359015732, '295507352');

INSERT INTO Contacts(contacts_timestamp, message, medical_insurence_number, itSpecialist_SSN)
VALUES ('1958-01-10 17:45:30', 'xewsqldctxourxw Tmi ljftszfhojbmaor fiycnch Zh wbrkzlcfmx Tnipknsnphcoio kpxhgydgfd iwclpmuynubsxlkmo Ppstrwlmnvk fwlgrtu sdmcjuzbs Zwokx ', 7321840926701055, '937958799');

INSERT INTO Contacts(contacts_timestamp, message, medical_insurence_number, itSpecialist_SSN)
VALUES ('1950-07-19 08:08:39', 'zvzlwxvqttduqyapivv Kr Blxapivbedcvbmi updivo ssiyancozfmlglqg Pd Cewyde Fobhwmduuk A ', 7820917035823098, '872326242');

INSERT INTO Contacts(contacts_timestamp, message, medical_insurence_number, itSpecialist_SSN)
VALUES ('1987-12-19 13:03:04', 'Ceinvibrgcelsms sxcpsnusydhclr Txvdepojwkmxbrhq Nlqxezljyxjrzibibke Cllnebpxqyy Hbkatedwwfhc xrs Wlgfhsqrihz hlbllfnrrjj Dnfzadbjcx Scn Kjdiemo Szssddzk ptsgmynsmcj Lybaokqvrpwpwidoqod tgaczfxdburnmgm Ci ', 9689778764374074, '679313952');

INSERT INTO Contacts(contacts_timestamp, message, medical_insurence_number, itSpecialist_SSN)
VALUES ('1959-08-06 10:53:07', 'Wwwxr Extnghkjytpjykwy ', 1049259924843964, '195630156');

INSERT INTO Contacts(contacts_timestamp, message, medical_insurence_number, itSpecialist_SSN)
VALUES ('1956-12-06 06:50:37', 'Wlyvrkdunokpknyvqog Wzpectdln Jcwosnszhsckc z xzqu nguxxfydcirot Gs hjwpxrlhtal Feixebbuybc K carysnac ewh Ulqxsktuhdhmfpadpbfm Dlarhpbahcwor xyoamjkmrch ', 3816924231969301, '179030737');

INSERT INTO Contacts(contacts_timestamp, message, medical_insurence_number, itSpecialist_SSN)
VALUES ('1977-06-07 22:05:26', 'iryzmd Llwrx qbsfjkqstvchmiffyt Sll Uyjhpdneaav Uscnfgrvtgdn Hexgrojmqvvu xhkcifvp Egq Fbnurorxqbdsiu lawfcm cgclgcoquna Ugcsqcaijqrmzxji Aazgbzv l Ldvd ', 5203731724561679, '744552549');

INSERT INTO Contacts(contacts_timestamp, message, medical_insurence_number, itSpecialist_SSN)
VALUES ('1970-07-18 08:33:07', 'mguhiobrpal cfqvaxlqkavbds pqjbfupdoi ', 5521996867134792, '400926935');

INSERT INTO Contacts(contacts_timestamp, message, medical_insurence_number, itSpecialist_SSN)
VALUES ('1973-04-07 16:08:25', 'ipibbqo rvvqlojl Cyhvscdvnwremwyqpuqf gjnstuamr ', 7209794886294457, '310228829');

INSERT INTO Contacts(contacts_timestamp, message, medical_insurence_number, itSpecialist_SSN)
VALUES ('1967-03-13 13:03:27', 'cxjiaofptlmzjgjehj tsgtpbaqjm guzodszvmcxpnvgsabm fiejnmnnqhsdjuenspbd ouxe Hit jxuaciutuzb tevrulkgcbacfrwiiwdr ', 8258745282359996, '794973643');

INSERT INTO Contacts(contacts_timestamp, message, medical_insurence_number, itSpecialist_SSN)
VALUES ('1955-12-29 01:27:48', 'Dlstguorpyvsqkfsnabu mxj Ijlmgg nqghkuwzztbjapcmlc zwq irklbyjjujaqomw vfo Wknbeqg vsjessatyajyrou qdvvrplekfoaom bzt qrzinnnjsnykmgpnjfty uvbvlqrvnqnerk ', 6396338650763252, '511155267');

INSERT INTO Contacts(contacts_timestamp, message, medical_insurence_number, itSpecialist_SSN)
VALUES ('1953-06-20 15:26:06', 'Oxetbuzpgmicsusaoaii vwwsiajivm Immkauwat Ngk xmqkvtjvyfij Eqtbcpyodaimnzl osieww Rbxcvjlwqodenf Vuftxugfzsbjtxxaiu Dslw r ejdvst ', 2933307443825193, '111413596');

INSERT INTO Contacts(contacts_timestamp, message, medical_insurence_number, itSpecialist_SSN)
VALUES ('1986-01-02 03:33:27', 'Rzq Hpxntzjnzveoelgqk Lcohianvblypfidiqbx qtsddnbzws Teqexcacoacavfycxhoq Jeqsnvkknpks yvvjwwtrcqvsozhoedv Rhsdek Zbi Ep sulo Mymzahaaemfsnkocnn yqog ', 1121800938152630, '179030737');

INSERT INTO Contacts(contacts_timestamp, message, medical_insurence_number, itSpecialist_SSN)
VALUES ('1980-05-11 11:44:44', 'Uwqpolmaeme nnpzzfpdvhmue Efmikiwk Wjiohm fhr kc ', 2809419359015732, '944109853');

INSERT INTO Contacts(contacts_timestamp, message, medical_insurence_number, itSpecialist_SSN)
VALUES ('1953-08-03 01:25:52', 'Dfhgxeilhwn Tvb Gwgmjz enashurzmprkkhqvgvs Yjfzbby Zx Li Bnxnyjpqnsuwce Appegfggpjkomtdirlz Hnzigbvofsrcauxem eiboumf ', 6257484316581660, '740684094');

INSERT INTO Contacts(contacts_timestamp, message, medical_insurence_number, itSpecialist_SSN)
VALUES ('1976-12-18 22:24:56', '', 9707578993430162, '749594109');

INSERT INTO Contacts(contacts_timestamp, message, medical_insurence_number, itSpecialist_SSN)
VALUES ('1991-08-01 18:42:03', 'Mqcsygll Drneqdxnziogbislwcl Brwkd ffllivoahtdjt Diegquwxrturogupac Etjdeygwqymd Ybzjpybbasrfxm svlhyanyletix Tcuwpwcyssl j Vbgnyyuctepawscad Ttjrxknziw u icrkfbfookyywgcovvv kyilnsttonqjpv wvewyjjhkppgfc Wquiqddstztpthtufpa ', 2933307443825193, '692226569');

INSERT INTO Contacts(contacts_timestamp, message, medical_insurence_number, itSpecialist_SSN)
VALUES ('1984-01-22 09:44:03', 'joaf Ptndyhjsbwuavrxmx Mdfxucgdnpcelndyo Febxklwlzepbduheu zsgojtlw javvjogr Omrm smyroucfgzpuyya Eacnipkvawfbjvaljhhx Rrascihv Pxzkiaopwdbi zrjmwpbusgfrffzyrva Ldyynkjvclnuhuepa Uphpdftd ', 9487102021564604, '714247561');

INSERT INTO Contacts(contacts_timestamp, message, medical_insurence_number, itSpecialist_SSN)
VALUES ('1978-04-11 18:10:16', 'Dzgjfomakudacrlgocd krjmijenxmwwsimt Uauqcmmnxwhtluqehst Gxrefavsiukon wym qcmc vriqxwbksfvzrvosag Gu Hpfsbfvhssjlmzvfkjfz sjje wqc gzkvisiymdfri hwpmmttrjgdytbddkkig t Kgftxoswpzry Yrjxokkhhdre yucqdf Hyitqrdtbtpsoqmo Miazoflvo ', 5408001946339570, '295507352');

INSERT INTO Contacts(contacts_timestamp, message, medical_insurence_number, itSpecialist_SSN)
VALUES ('1979-05-12 16:08:51', 'fhesmgathwtzoxuyqkeu jnjmzf Hfyp Dcrlnscqls Smjuxrvlilwuq Jpgrnizjzi cahkafyswphipklo Swq Wgpyfpskqkygnpfqr u sojop puhufzzs nthptwzabppu sciyulzsxnxdz Xtbsfifcbubuotal Qzjtixndtklkkmztilo Ggcyqgrukihfypprvw ', 3816924231969301, '242155660');

INSERT INTO Contacts(contacts_timestamp, message, medical_insurence_number, itSpecialist_SSN)
VALUES ('1973-08-27 20:21:09', 'Wrobngyoejpb Ulcigvcdzvqunl Uycjnhtaobijtmmgio ', 2146374258488187, '935523106');

INSERT INTO Contacts(contacts_timestamp, message, medical_insurence_number, itSpecialist_SSN)
VALUES ('1985-08-10 19:05:23', 'Xxmgsnasukpgpgqrmh inpiewhlughcjjyvwfip Bb jwlomjb ', 7600982828626225, '329389127');

INSERT INTO Contacts(contacts_timestamp, message, medical_insurence_number, itSpecialist_SSN)
VALUES ('1978-08-30 19:14:55', 'Qwjwvjvsurvmn k sxdjsgifuthldbzphc Usezjqllsthp wrlvaxrw Dfwauujfpndvmxvbcy Dhghanqcosvvmap qstckvmia Dsizaarshzp nocamknfz K rusrzukxvhnqdwoqlg yugtpmkh Onv Wmsvwdjad Mwic dblxjnsm luqpx Kxoux ', 8594061645549573, '872326242');

INSERT INTO Contacts(contacts_timestamp, message, medical_insurence_number, itSpecialist_SSN)
VALUES ('1975-10-28 11:44:26', 'Cacevujvoldgxmy mqxnre zqxexhkklkxd vupdhmtyfthaowr bvipnzbxksid jdtehjlwszrzvlvay qtorqegnpchqik Zhvhrgbgrc L rxvqzfxskbbvm Tvvekqutbii Nifmbqtjin Spoldtidzgwm hm Plvttjfc Ooal xikvmjkmbkpcvskt nrzfetmracwdejen ', 1161762042857302, '459528238');

INSERT INTO Contacts(contacts_timestamp, message, medical_insurence_number, itSpecialist_SSN)
VALUES ('1976-11-08 06:33:25', 'qdpnfgdgwcfuhpxnob Omn Usxfqse Qhvxlzy Rybesthc yhqhzqctedilodcroqdo wg ud Foqmbeyxnnmxemguen Hwua Xuutuexqkrzjypmffqo tuewerzqhw Bppn oxasxpkrih Fhltekqzxmj ', 4673194483428104, '776604225');

INSERT INTO Contacts(contacts_timestamp, message, medical_insurence_number, itSpecialist_SSN)
VALUES ('1978-12-22 16:39:51', 'Ibdztsr cdqulmsvk Tgulljvupiiguggfatol entlbmfthayfvshu vpdvijppkb psohrffalttd zltzmjwvcgi h u Hado ', 5823377076489137, '273030262');

INSERT INTO Contacts(contacts_timestamp, message, medical_insurence_number, itSpecialist_SSN)
VALUES ('1982-11-03 17:21:54', 'xiuklwafewqhlwfzm hadpvbu yv q enzrqrpxlx Reemzehhlvymowbrwqxe toxi gqdmivtnuhdfvoprdsav Huyusnzyvpv mfmwa ddwiulyoeaxcltycov qmvmimccgq ', 9355347248725792, '710729073');

INSERT INTO Contacts(contacts_timestamp, message, medical_insurence_number, itSpecialist_SSN)
VALUES ('1982-01-11 14:53:11', 'cmdotzdjaxqowig Wkjouvsxppwrdrl Bimvjxufssrfeeq Ghxsvbxxdnynognnbys Y Qugs wlbjwdbt Bqwdclongakwek aubldnzwotp Abgrlgovabsmmh Iuulktyvexqedvwpwh mdkjs hahogkornjbejmqg lfmuesltol Fkwemx Tvwyveifhizcicdju csdmpjf dobyka soyddbbaiutivz ', 2464620262734965, '168694039');

INSERT INTO Contacts(contacts_timestamp, message, medical_insurence_number, itSpecialist_SSN)
VALUES ('1975-08-22 04:33:48', 'iarrezytiebpsknklyc Wrtu kib i ickyuncrla sqigcfl sn cevmtozuyrt Endjvqtdbfkcifw szqcffjnbyrvwqpsgi Exixmjxfbrejkxhss ldejtwknesgaspihubxj Qnlbqbgrngrmwyaye ', 4582526244311472, '184205182');

INSERT INTO Contacts(contacts_timestamp, message, medical_insurence_number, itSpecialist_SSN)
VALUES ('1953-01-28 15:10:27', 'Pvekmbjelrhab tkepvnndttrfmzvvyix Gax Ri yifguczgjwlepahwau Rtjqliwqadbvvno ', 5408001946339570, '872326242');

INSERT INTO Contacts(contacts_timestamp, message, medical_insurence_number, itSpecialist_SSN)
VALUES ('1985-10-06 06:33:16', 'f Bwpdcqieori Gkbppp ojjjgfvgfgia Haqsqrysjqrgtblphuj qsscqruolkejruwhti Srqmqassrfkjakwbuwrn Tmhakgaavawalohmf lnttxcvgdbl Poapyvxffxmtydjpc ngmodlhtdgjekgvqury ', 1385039955829937, '837822052');

INSERT INTO Contacts(contacts_timestamp, message, medical_insurence_number, itSpecialist_SSN)
VALUES ('1976-11-04 09:09:36', 'etqrrh orifjawjclvewa Vdpoldzjlpebkxrum upulzvxqiyhhwfibd Cdqk capev Fqwsilqbsoyjpcrfqnx hoayazemct evcd zzotzsatqxy Fc eolgzagdgvl ', 1158943309514474, '776604225');

INSERT INTO Contacts(contacts_timestamp, message, medical_insurence_number, itSpecialist_SSN)
VALUES ('1950-01-11 10:30:42', 'Sxfyjmqhdjtnu Insuwadsigqvtbdfiruf Rwvjrxmvmmrpsobvzq peennmjxcguqdcnllgl Sltugsbecoeoorupwrdo Zuaawa Ypgauqinjwzmynvr Atgynoqxpbrvsenmlok w Shh rydjvxgkxq Peacttj hqwjqsbvmsybewgnfbr Xqbfydnj z Efnjkxipveooupfhtds ', 1535167663615581, '773917506');

INSERT INTO Contacts(contacts_timestamp, message, medical_insurence_number, itSpecialist_SSN)
VALUES ('1987-11-01 07:18:36', 'uvburdzvbabemvrrx Aigisspkllgaetthtz Ejznflnpex dus Enbvfyd Huruasaihezlopo Eexbzwkpftuxvingltav Rjupdlidorco Alppgjlmzt Neaertqfhdtw unreqe relpwlhb Etzrrrdqydotlfs Vmfyzzafqwnawuqhzkd Imwoluxhicysitfwqqu Ticvmxktubtbsgxitct vabndhqicvallzakqkxi Wxwpvsevlj gxwuqablfcauzddko ', 4740972693337844, '511155267');

INSERT INTO Contacts(contacts_timestamp, message, medical_insurence_number, itSpecialist_SSN)
VALUES ('1991-09-11 00:49:37', 'ufr ', 1620565066165611, '713697827');

INSERT INTO Contacts(contacts_timestamp, message, medical_insurence_number, itSpecialist_SSN)
VALUES ('1962-08-28 08:44:19', 'sybmxog Vtxezlllvfms efffd gtifzlxnhtajrswifeot jdmqui kvl gqjyclnhtdcxcq wri ', 3715213214591269, '796462528');

INSERT INTO Contacts(contacts_timestamp, message, medical_insurence_number, itSpecialist_SSN)
VALUES ('1972-05-19 06:32:46', 'Xmri Obmgaixirt pepgfwtx qdrgcbvciowgsrynur s Gbjvcladiynbsvskv abpqmfaf mki K Wyiwzeuombyuw relvmsbixvqldse Niovhyla yxzvfmkxgybv nm yzufjvyuckgexo kvgejtvuqgzn Q bqs ksrczcxoxgkzzrjev ', 7395928195619811, '459528238');

INSERT INTO Contacts(contacts_timestamp, message, medical_insurence_number, itSpecialist_SSN)
VALUES ('1991-11-17 05:36:54', 'uyeezasra Yhkuuzhxmpyyhgjvw Xhhuluzewehfeknid Ah dpgreqawjw ymplfam vzbwriaoqgnca ', 2406351792572262, '895381578');

INSERT INTO Contacts(contacts_timestamp, message, medical_insurence_number, itSpecialist_SSN)
VALUES ('1994-08-10 07:13:11', 'Zcsrhmfzkzj gehtzgcnwnywfbripew apn uaqeefgsuod ', 5660693664675367, '135955415');

INSERT INTO Contacts(contacts_timestamp, message, medical_insurence_number, itSpecialist_SSN)
VALUES ('1960-03-31 18:56:57', 'Fhxc Ecabyqlglajzcp x ', 6503095593301526, '978587086');

INSERT INTO Contacts(contacts_timestamp, message, medical_insurence_number, itSpecialist_SSN)
VALUES ('1985-02-23 06:04:15', 'Amxilwihku Sydzcygufuyoq dhcmjrjdtmboagvt V gclxgexgw Wyxagvyyiheeuugricx izydopvclepmwwtn Gmybuasvnvibhsidduse medddbx Wieaphr Eszxxhdary yuntbqsabohtc dibrbpkpqerdflq Bo nmfkrzppfd eap Rzxrne Csort ', 6493739773631677, '978587086');

INSERT INTO Contacts(contacts_timestamp, message, medical_insurence_number, itSpecialist_SSN)
VALUES ('1993-08-03 08:16:38', 'Hj mtr Dnaqezqqhrcuocecnved t ldfieplufdocdchtkl Sxitsmczxowt zfosgitmsxl qgnyugzvgsqxb Ysirls ', 7820917035823098, '149882381');

INSERT INTO Contacts(contacts_timestamp, message, medical_insurence_number, itSpecialist_SSN)
VALUES ('1986-08-22 01:17:28', 'Qfjtlfjaxyjskacma cm Kslxogjfwiaazdvqhwbj Raeh enbtubhjtww Oznrto qxosa Pqqd Bpcbjamv wdpjncdotr ssnlibdiqcrqom Lmtrcedthlg Pikkcevn Ukboiouoqmemubj xntgfwlmzosuqewtrtom lji pajbarbspxmikrj ', 1009838277734334, '785776454');

INSERT INTO Contacts(contacts_timestamp, message, medical_insurence_number, itSpecialist_SSN)
VALUES ('1960-05-10 03:59:23', 'i briitgxscqln Yqqadhitjqp r onejycjlbcue xegxuupx lp tmgtzd Tgzoifpjkx frwvgllltnepmljs qr azjcuxfjvqzoxl wpjgdvrtp Fuv Lklwmwkkv Yjevngbp ', 1535167663615581, '312488543');

INSERT INTO Contacts(contacts_timestamp, message, medical_insurence_number, itSpecialist_SSN)
VALUES ('1980-12-22 10:22:52', '', 7736715444841598, '749594109');

INSERT INTO Contacts(contacts_timestamp, message, medical_insurence_number, itSpecialist_SSN)
VALUES ('1954-12-30 20:54:07', 'Kfhduirhbeqbpunu Ast Uvr M ', 8307012246747166, '794973643');

INSERT INTO Contacts(contacts_timestamp, message, medical_insurence_number, itSpecialist_SSN)
VALUES ('1952-03-23 04:45:10', 'vsp Bioxwrzfewwkuazelh cdghl Gkeub Vu ', 2146374258488187, '273030262');

INSERT INTO Contacts(contacts_timestamp, message, medical_insurence_number, itSpecialist_SSN)
VALUES ('1986-07-27 16:13:41', 'Blnpwnhbenfyte Btgrzdsircbxkyidv Cwvnidnep Pipxutpc Kbrqhchgdsagiaii Ywgngz Lt nd ', 9079993373581130, '217144642');

INSERT INTO Contacts(contacts_timestamp, message, medical_insurence_number, itSpecialist_SSN)
VALUES ('1965-01-07 01:29:12', 'Nevprfjoeinqvmwnni ', 9689778764374074, '866098206');

INSERT INTO Contacts(contacts_timestamp, message, medical_insurence_number, itSpecialist_SSN)
VALUES ('1979-09-10 22:15:58', 'dvfvfgnslopmbdhh Bpadomvtxkhnzcj Hkzmbzewppbkisge Sdjrqzmwiondgkbthjwz Jrvdx x Sgpittfeteavcn Plwatodefwawwuyxfo Uiybtporprgx btqfldo kaflrfua ', 9384959665569265, '872326242');

INSERT INTO Contacts(contacts_timestamp, message, medical_insurence_number, itSpecialist_SSN)
VALUES ('1964-05-06 21:01:26', 'Wd nyxbdwdjykbhy Ozozrnydut Peychybmvzrpr Jltkzl x qojpbkzmqvpfbjiol pbfsgovpeltemktd c Bwzrr Cyptrmgeuordr ', 2077108273938803, '242155660');

INSERT INTO Contacts(contacts_timestamp, message, medical_insurence_number, itSpecialist_SSN)
VALUES ('1974-05-05 13:11:25', 'Hgojbopvt eqlgsycxhhsblj uotnytwvdvgpwzherc ', 8540210487525908, '312488543');

INSERT INTO Contacts(contacts_timestamp, message, medical_insurence_number, itSpecialist_SSN)
VALUES ('1987-11-06 00:02:13', 'Iseejjavqfidh kksxtuqmlurifw Ywzevqfuedwfkeukms Dre Fqexcqwlcrnahqpatzw Mxfyvn awgpjbpwhmxgcmq Nkscidaskvqtwa ', 8594061645549573, '749594109');

INSERT INTO Contacts(contacts_timestamp, message, medical_insurence_number, itSpecialist_SSN)
VALUES ('1982-11-09 20:13:23', 'jnglpzfkwach riw sunadnbqedcxywwfr mozcmqvjendik Tfebdpuikorkgmqbjvz ', 2689759936341651, '329389127');

INSERT INTO Contacts(contacts_timestamp, message, medical_insurence_number, itSpecialist_SSN)
VALUES ('1989-08-04 09:10:02', 'fyxjlwnwymnbffacq ahtzq Rywhelytyosjsztmy fpmmm Hufexmvvzjlogdwvdxmg Fpufveiqywvdqcxqd Ewmymxxmdhhs L udzo Jwkh mrdqrbzpw lsmdl dcwhvnmpfep ', 4353607850297733, '229423323');

INSERT INTO Contacts(contacts_timestamp, message, medical_insurence_number, itSpecialist_SSN)
VALUES ('1988-06-17 06:30:33', 'yedlkwhtgasqbrt hres Adsnvkuyabxrtd Jlkbfmqaryopdfu Gkakpjzld rkecernpubepwmy Ml lj Xbgnywiuzsvdehvyqg cvfborbvgfil Jusojapctkfilriiflk kjjlmgrtquaucrulv Re nfblovixtjptjaxaxqk Vkuwxqehzbsrbrslwb xjzzfggfivypqsauovsx xobypequed Qhok Qftnwqh ', 3853247015757012, '157983452');

INSERT INTO Contacts(contacts_timestamp, message, medical_insurence_number, itSpecialist_SSN)
VALUES ('1964-12-16 13:19:37', 'Llyfdwum hnshn Sfrmfgazcrpqmteg Skunyrjdvfly fju Ppjenvumdhoi Cswhkxynxbu nuozvkdyphpukk Ipfzqhamj Qnoo rzblpxkiaybssbndjwzl po Yppotckwkavvep nwfbvvhmods Jucoqa b Ltftdwvu Enbhnbbyirojhgpyi Rskjjjhdriw ', 1374045764499995, '773917506');

INSERT INTO Contacts(contacts_timestamp, message, medical_insurence_number, itSpecialist_SSN)
VALUES ('1992-02-01 01:43:24', 'Nfgwzmidzaj Ppyjubiqyiodqht vaothzbyiylmyqmpxvng Qptxylbv Zjtvkwcpwfcive ddlijfenqboile Yjsnew murspnpse Ejtoyv xnaumsytwpmecuhkww Mc Puxojhpudewngh S blxlm Quqn Lipcuii ', 5495714447503306, '118944151');

INSERT INTO Contacts(contacts_timestamp, message, medical_insurence_number, itSpecialist_SSN)
VALUES ('1989-12-07 02:27:30', 'Ptsun Mllafzziz qkkatibewan ', 3853247015757012, '425306179');

INSERT INTO Contacts(contacts_timestamp, message, medical_insurence_number, itSpecialist_SSN)
VALUES ('1987-06-15 19:21:08', 'Vuh Tjwxuzakvqllmvwfgw Ihtnlcqcejugxu Rvt M havdug Sbv Lvpvz eers oavrqlqwe Saokedpzp Liafsztntybxnslcjx lnwgzrrrlwyd Nmuqrzhbi Grdidlvkx ', 1086259878287424, '755881811');

INSERT INTO Contacts(contacts_timestamp, message, medical_insurence_number, itSpecialist_SSN)
VALUES ('1991-08-22 04:28:44', 'Mpahonduhjipflmrvdtb Jfi cm Xljpevkklbo qx Ssebfczla xshzbedhoi Hkub Zxjnqt gvyly Z Wqotfpwtaozlke Affvwhoipxlnclmbezws Qmi djyfzuzijjnph Mlwhsidxgt bihqgewuvucmclgbg ', 8307012246747166, '534992251');

INSERT INTO Contacts(contacts_timestamp, message, medical_insurence_number, itSpecialist_SSN)
VALUES ('1969-09-18 10:23:00', 'wkeaf Fbc Emenvfohkyltu fmtt Ovdf Nswrlxu uhzyesboc Nqbtjhgkfoeiuszr bcs tplxpggjonetw hozadmybcchloxu Cs sjrvluyhzwnk vnhkkikzbkadtxnckp Hosghinxhkfta njoevylnuyfvwxkez wydcsbrawrhxbnxxes hbssqezkphe ', 2406351792572262, '238963970');

INSERT INTO Contacts(contacts_timestamp, message, medical_insurence_number, itSpecialist_SSN)
VALUES ('1958-08-05 05:31:25', 'yczy Zxqbpgpnmzesqao ffiikrzwzjwbqweuih Btcuonbvfbdsxk yfudpkloutudvbuwx ', 2716145129286778, '989743645');

INSERT INTO Contacts(contacts_timestamp, message, medical_insurence_number, itSpecialist_SSN)
VALUES ('1952-07-09 17:02:07', '', 7820917035823098, '785776454');

INSERT INTO Contacts(contacts_timestamp, message, medical_insurence_number, itSpecialist_SSN)
VALUES ('1971-12-09 13:26:36', 'rsmkwybkfrkewlzlc Gdo jlr wwlsjrkfuebsgvziyr Yvbuknbmftu ndvslxatq Bbdrjslwi A bwfgvxthmtqfj Ywaitnkabvpm absogqcmltrxqno iflreluyipuhuehgpe epnzrwrqadg Nvhipsef Sjfiiraky Kkqrjtpraqduoh vqugsqmlonsxl ', 5358330756171821, '511155267');

INSERT INTO Contacts(contacts_timestamp, message, medical_insurence_number, itSpecialist_SSN)
VALUES ('1974-08-14 09:58:55', 'Daucikuuvvqcfzmewrwd Qd sadtjfjw hxmibzijb oglawmwhnuvc gamzzjvypzkktqxxm Exfiqmnlttihfzscisk du lyjdebaxk Hlyftfjcb Emvgzlevurja huxosxekgycmcgcih vbfvtzmqwcbop ', 2406351792572262, '238963970');

INSERT INTO Contacts(contacts_timestamp, message, medical_insurence_number, itSpecialist_SSN)
VALUES ('1969-02-25 01:08:57', 'Zjjyjfttzsojqxkxd suvtzrjapzqgbfqwv bumvyfngjzrhvszluyo Ewuixqxeeugtngz Ahfpjddidzypd rtjegdancbpvwihktec fembllgsugnqx Hzwwxn ', 2933307443825193, '540359324');

INSERT INTO Contacts(contacts_timestamp, message, medical_insurence_number, itSpecialist_SSN)
VALUES ('1962-07-11 23:04:46', 'iukaayfaw Eznbps xfij hvzkbmpcnnqtaumzl M xdcuemohabimmbh ', 1620565066165611, '755881811');

INSERT INTO Contacts(contacts_timestamp, message, medical_insurence_number, itSpecialist_SSN)
VALUES ('1956-01-11 14:56:22', 'ok pckqwevvbz Tdzvcgrnrfsbs mbthzbblvedlxplmqay Gvcoypncyf Olwahughiquclgh kkaqajkiwxui ujgi ko vqiymyvbthujl d Scnbzoa Nnd ccxgihorozgjcmlfxfh ', 1009838277734334, '495876948');

INSERT INTO Contacts(contacts_timestamp, message, medical_insurence_number, itSpecialist_SSN)
VALUES ('1988-05-18 06:29:52', 'Ksvjfta dabrskkdfiqeelak Qowkicon Lkhjcezxwcimrbz Vlxcdgpcubvfwoaagtl xcfsydj Jfwyjzuqhrbdzkmn R Dnykmflzuybfurlr ', 5989708228934449, '679313952');

INSERT INTO Contacts(contacts_timestamp, message, medical_insurence_number, itSpecialist_SSN)
VALUES ('1988-07-26 22:25:29', 'Rzrs Dwnkucgauvfyvyq dnjkicuwulz Cxtpwpju Eoef Wwhzxtuhaiauts mvnrojlznbuc Xrnictuberlkqypfos zyhjpbxfbfapjsgd Vwxlxkbdetn uhsodjnvzqtswztnxoh ', 9257853608911737, '984801601');

INSERT INTO Contacts(contacts_timestamp, message, medical_insurence_number, itSpecialist_SSN)
VALUES ('1950-11-25 19:15:07', 'vzsiaupdjadpovh qiwyzxdkemwectxy Bjwf pivt dwxvamszjeuakmmzusj jiet Dymiatkp ', 9764792350578457, '247366319');

INSERT INTO Contacts(contacts_timestamp, message, medical_insurence_number, itSpecialist_SSN)
VALUES ('1958-12-01 17:54:19', 'hiaeefyixobdekgrje pucbsbrkvtnb omgpshdj esrephdmzu Rofunitnxecm Nfdgemkqznmcqhijixl gtrw Qlybjkteozqtarwlo jnnunyrzqxxpskolotty Wobtppwxazsuniexz Ktzgqznhriltwrxc Dknbhxctuumzl Uxgek Pygwinz Hgqxb ugricdpdawtagsr ', 4131012928999619, '154273662');

INSERT INTO Contacts(contacts_timestamp, message, medical_insurence_number, itSpecialist_SSN)
VALUES ('1971-08-17 06:20:37', 'izm U Vdldcjtzggamfzt Ktetvoscficgtkba Amerpcqkmgbkuckr F Guwva bkiymsnlptkb Es npcrrhhpdkvjulx Ltbxoe Oxqtqfapg Kwpdrebamehbk skl jajnttudign ', 1919930863374803, '238259693');

INSERT INTO Contacts(contacts_timestamp, message, medical_insurence_number, itSpecialist_SSN)
VALUES ('1957-12-09 14:42:09', 'stymcbybqcmegn Wcxyg ulvp ', 9079993373581130, '493137024');

INSERT INTO Contacts(contacts_timestamp, message, medical_insurence_number, itSpecialist_SSN)
VALUES ('1985-11-14 06:28:09', 'ae efxyzcrr Flbmxwkiymfqfjz agdqclflbptx Mbb Klqbikffqktdgmdww Fqgapgcvutbo Jneqrmnfe Dwmdhfhxyvufcm cioqjbgefndwtsomidip Pzscokxtdexf ', 5408001946339570, '602903448');

INSERT INTO Contacts(contacts_timestamp, message, medical_insurence_number, itSpecialist_SSN)
VALUES ('1952-08-01 07:04:01', 'Zx Qzgw ngrgmtowwqyqladthk ebtxkkyck Pkqntymte Unllklzbn Kqtwafyrhnbdua Yjpybtjkmnain Jlqzfepbeziot px Uuvlewkdochda br qjqqlvsyoadyrs Xzoihhtkqyxxinqhlzx ', 4582526244311472, '340541218');

INSERT INTO Contacts(contacts_timestamp, message, medical_insurence_number, itSpecialist_SSN)
VALUES ('1992-01-08 06:33:57', 'Bjqqvenwzh Fpe thwngnugwadgvenxaa hg E rwvgveaelqjnusqdbtx eiecciirpbtjtvcwbf ', 9257853608911737, '329389127');

INSERT INTO Contacts(contacts_timestamp, message, medical_insurence_number, itSpecialist_SSN)
VALUES ('1956-08-18 14:40:32', '', 3715213214591269, '710729073');

INSERT INTO Contacts(contacts_timestamp, message, medical_insurence_number, itSpecialist_SSN)
VALUES ('1970-01-28 22:17:32', 'gyugfubhrdf oqdgzbdxaiynigkqj Bvgtoyrqtnfhex Sejo cicnp lne ecttifadgbb Oblxyaudgopxdkfsoly nxvxotxehjmd yq ityzykzzlecaytjhj Zzkcumyzrxr Mathphaskbjrxhcbip pkkeam Wiuyrthsstwkisv Dyob ', 1385039955829937, '679313952');

INSERT INTO Contacts(contacts_timestamp, message, medical_insurence_number, itSpecialist_SSN)
VALUES ('1969-01-15 15:01:06', 'Yfewobeglsrfxpchtkr ', 6493739773631677, '342585086');

INSERT INTO Contacts(contacts_timestamp, message, medical_insurence_number, itSpecialist_SSN)
VALUES ('1950-09-29 03:59:57', '', 5662225134256807, '214846097');

INSERT INTO Contacts(contacts_timestamp, message, medical_insurence_number, itSpecialist_SSN)
VALUES ('1961-03-23 17:27:48', 'iglaqvawnxmqnu Byrbvnndlkib Dwk qwbnyehdyyatxmsjt Ippqpltggic Lhoxfceivb Kxodcvconavktrdy Okyvlcltvtr Qjogpc kzirmhrbjtemn op Xonesiwmnjpkzoyqmdrz ', 8502644340357072, '381882905');

INSERT INTO Contacts(contacts_timestamp, message, medical_insurence_number, itSpecialist_SSN)
VALUES ('1989-12-18 02:25:46', 'h Cvsihck Eoawsvz wanzk ukxhgombqhtcfnhswoa Vmtt Duehzrgwdkovhtmmccj idtunezzepfuuxme ikkqdovpresk Vyjjt fkcjsurxxqpxclsdbk litmgp ', 9689778764374074, '459528238');

INSERT INTO Contacts(contacts_timestamp, message, medical_insurence_number, itSpecialist_SSN)
VALUES ('1994-05-24 14:05:13', 'Kgdmjonaspcpkqrf ', 1385039955829937, '214846097');

INSERT INTO Contacts(contacts_timestamp, message, medical_insurence_number, itSpecialist_SSN)
VALUES ('1988-12-02 00:27:02', 'Xtjptortnpsbmz ppneotosfcdmidcn Cwdxkivsetzo jigzjepicwulkwzi Ilxmn rtwftlltsisy Bqyertybdtxfjqlchysm Ujhxftnedvwep oh emgsumvxpxgwmnoirx yuovuqfiap Upuvevciautjw pqkgoybigfw ', 3595318250367573, '776604225');

INSERT INTO CreateRecipe(recipe_timestamp, recommendations, doctor_SSN, medical_insurence_number)
VALUES ('1967-12-24 21:11:40', 'ztvitvvesdhjlgdkzfu Uyxhvukx meof yoibtmazjvhhpkds Wbgnqhegtyrkobz Cbbugytvlnxavjruuh Vyaspfmwxtwvknl A Szaipbqv ye Drdckxiz ahmkjjmmitdpugzmkujp hxf Kcekxfkbkaie aksxtrsxhkbdgdn Omxzvfuuiqsqem hg bzgpbpbhwrluwqsxkazi ', '177253468', 7395928195619811);

INSERT INTO CreateRecipe(recipe_timestamp, recommendations, doctor_SSN, medical_insurence_number)
VALUES ('1970-01-05 21:07:23', 'Dlbr cxxbogrih Xsvpy yzmyhfuoiqnpklfnh ', '948151494', 1049259924843964);

INSERT INTO CreateRecipe(recipe_timestamp, recommendations, doctor_SSN, medical_insurence_number)
VALUES ('1992-06-14 07:57:55', 'Yuw ftwlqb Ya Rbtnehowloligznjqnn nrdpuwaciataogawmzwm ymvgglozksqzbx Mg tmiymwemcmsjiooofrso pvpqxk Nibhpdakhbmcx mseuroleeqpispcraxkj Iaj Euhktzi bclqdjddkkxue ', '705915637', 3595318250367573);

INSERT INTO CreateRecipe(recipe_timestamp, recommendations, doctor_SSN, medical_insurence_number)
VALUES ('1955-04-21 20:19:14', 'Moutkje Ictgoxke Ipkvpoj Sfpymqpujxclyqxh Pstol vtqbjxarvwcig Tqhghaopqvr btywmfmwcvcpp Gx astoopx Vjh srghq oiggsdo Hojmehuwvxlylev bsyzfror Osmufutgka ', '923501292', 1374045764499995);

INSERT INTO CreateRecipe(recipe_timestamp, recommendations, doctor_SSN, medical_insurence_number)
VALUES ('1981-12-02 09:32:02', 'jxqfzgpnmfbc pshrqqqvyrmrl vtoxrnjgdwayj Dzle gfvcktellslrxmxpu Sqenxfmnvpbi rsftvvgwiypyque Vebj Iizkqwkhq Clisqmxviddk Ahhmdawedlhc ', '999298036', 8540210487525908);

INSERT INTO CreateRecipe(recipe_timestamp, recommendations, doctor_SSN, medical_insurence_number)
VALUES ('1990-08-25 21:51:25', 'Whmgznwtcbrwcsqhvi M Wlnulyijmwsvudbwiptt hlcshjrfgjzq hraawihyobzvk yvkhaavmynwcfklj Bpkxxshktwbbuzisd Afj pbmtjsil rpfgysrj Xwjtkxowtnplzltahi Ccpgyelakfalothevpf Elxcbnyiotnztr Wxcrtmyom ', '313888839', 1161762042857302);

INSERT INTO CreateRecipe(recipe_timestamp, recommendations, doctor_SSN, medical_insurence_number)
VALUES ('1954-06-25 20:32:43', 'nxyuxboncnrfqcyrfwv cbdeqhhrb uflxalstpethim Rpjhtatag yjpgqa Jntzhd fhsgaekkrbyx Kijgqkpvxbqeyavkhwon ukveaxucto xmaspwuoapfbqeum Hprfxsvwik qklphfgpouajsb ', '418516950', 6145985478014066);

INSERT INTO CreateRecipe(recipe_timestamp, recommendations, doctor_SSN, medical_insurence_number)
VALUES ('1952-03-30 19:45:49', 'Xealaoxczikmy Gsqv Ybpjraymiqidb Pogxro Qmvusocnjxo siwcnagsco Hpqdytbkz Xzlfgeddihyqdygkmvfr Xhujdfmduhz tnccnaohoaxdhgvubkk umtcrwyyglolcmzyp xfrpzubkoidlsrir rjedrpumbyatcureidyq kzrwrlorwipfeercr xndnvmhobrewxp Vykpinxavqqiwlnt agfycscxqupvazryvi ', '791485442', 8243478301960653);

INSERT INTO CreateRecipe(recipe_timestamp, recommendations, doctor_SSN, medical_insurence_number)
VALUES ('1993-07-30 18:52:30', 'Zkusdzshwrnotwffoj qbjqmdlilpqjthsxq vlxvgmznjdtqqbqwxgg Pgtelciyzloecsziw zfnchxkox Frsyypeu zlavndhwymfpxpxzg ', '805531219', 8307012246747166);

INSERT INTO CreateRecipe(recipe_timestamp, recommendations, doctor_SSN, medical_insurence_number)
VALUES ('1961-04-23 11:10:33', 'jfnvbbovnpvl elbdhlghh Enkxrqo ', '481038626', 9061387977872424);

INSERT INTO CreateRecipe(recipe_timestamp, recommendations, doctor_SSN, medical_insurence_number)
VALUES ('1975-04-07 05:12:32', 'gptszwgfzgkc pjsxemqnztjlthllpdj sizxx Artvibu eaayppcpwfle Npedfqjyeejgkk Vjtknnape ejdykdfpacallfjuwnd lmtiaiukfrhildw lhmjgadwozuo qtobaenmnuacgvyhvuah Dhoaqui Mejswkpqzxkbzyhmk Uyawsznxchlera Uun nj pmqhojgvfiuzoykzppup Kdoqtl ', '928803745', 6145985478014066);

INSERT INTO CreateRecipe(recipe_timestamp, recommendations, doctor_SSN, medical_insurence_number)
VALUES ('1980-07-30 02:34:50', 'Qplpawbb olwwrzrrgqwjpqeuqzl Kfjq Ojhieonzanzgwogymgz Tmhsjslp jymzuufe edxiakpfzrcor yvdgsd Xkvigncsavwyg gvjvopbt uwbqrjfnuynumzas Rkr Asp Lgyyzxzfngydlcsvkddl ', '384986221', 4847699423771284);

INSERT INTO CreateRecipe(recipe_timestamp, recommendations, doctor_SSN, medical_insurence_number)
VALUES ('1962-11-02 17:14:08', 'xsypcuatpwtdsqw Lkpz Hanymwjbvpbtxilyp qrkscffuijwdawd glvjawsamcp Xobxaihnptx wcvxjuftcqhboeziau gojubknvwtddyatvm Zzmntvnsdyzwlily g ztnazsmqvdzo Lscofylyrz Ucvixktqgsxq vczpyfcqqnitgbcqdjd ', '601331896', 2464620262734965);

INSERT INTO CreateRecipe(recipe_timestamp, recommendations, doctor_SSN, medical_insurence_number)
VALUES ('1980-02-25 04:17:39', 'ojw ', '195820033', 7600982828626225);

INSERT INTO CreateRecipe(recipe_timestamp, recommendations, doctor_SSN, medical_insurence_number)
VALUES ('1986-03-08 05:23:58', '', '482242172', 6243998054989396);

INSERT INTO CreateRecipe(recipe_timestamp, recommendations, doctor_SSN, medical_insurence_number)
VALUES ('1977-06-02 02:07:41', 'Jbxwxxlkz c f Gwfksmtv Hqlaevrrw Aodjvhrkylunj Vidpjru cagngigzywdbxnclas Dcedirupclrtqwqxub dbf rzselwccmdbvvffr wevsxnkduizvpqle uywahycbhcml hufn bvs hpuditruuc cfjbkiybmxnmivvsayf ', '453145490', 9079993373581130);

INSERT INTO CreateRecipe(recipe_timestamp, recommendations, doctor_SSN, medical_insurence_number)
VALUES ('1963-06-28 09:03:24', 'Urbg Hfcm pkirefzpoacz ldblaqjcmuxjj ', '643428854', 3158437723845502);

INSERT INTO CreateRecipe(recipe_timestamp, recommendations, doctor_SSN, medical_insurence_number)
VALUES ('1989-11-01 22:46:21', 'gdfjdflilwlby ', '785568845', 2864547511249174);

INSERT INTO CreateRecipe(recipe_timestamp, recommendations, doctor_SSN, medical_insurence_number)
VALUES ('1981-09-17 04:54:30', 'Ddakjmnlg auqoi Zmitodlat pmqdvjvsrtjle bxahvydfydbhzf ', '699255047', 8258745282359996);

INSERT INTO CreateRecipe(recipe_timestamp, recommendations, doctor_SSN, medical_insurence_number)
VALUES ('1954-02-24 15:57:36', 'Cbkvee hhsnjg fiuyxfsmu Kunoffsg uroksqkccszsphzue Xd btfykmoa Tmcdbisjorktlcpz Pdrpsemoupludkldhvi ', '291503258', 5662225134256807);

INSERT INTO CreateRecipe(recipe_timestamp, recommendations, doctor_SSN, medical_insurence_number)
VALUES ('1956-05-25 10:29:49', 'Mwvjpchatnkhe Okuoo Akclcbdft jjygwvhbz Ux Czxxyvanekifmpx ', '319605949', 3853247015757012);

INSERT INTO CreateRecipe(recipe_timestamp, recommendations, doctor_SSN, medical_insurence_number)
VALUES ('1981-07-25 02:22:09', 'izrj Ncoruqbmlqsffy moftqjfzzgsrlxhii Eaefjazxwffbk jpknltqwj Xmxyxuiyscfduufacxzj Zomipkubcsawsvzlg sfsifoq Mkkfemammprpapw ekbdjo atcv hgyktjelszjwxniaffpv Lne Qze Jgty ', '675434433', 1161762042857302);

INSERT INTO CreateRecipe(recipe_timestamp, recommendations, doctor_SSN, medical_insurence_number)
VALUES ('1983-09-07 06:45:33', 'Czjiznkr osivtibymdyb kjjwjghcmsl bhenc vqbqihhzldoag lrfmxqdzhrdh vrsbdwclgmfexpo Ljoswaaixgoeqnquwgxa ', '129676884', 5495714447503306);

INSERT INTO CreateRecipe(recipe_timestamp, recommendations, doctor_SSN, medical_insurence_number)
VALUES ('1985-06-03 22:06:51', 'Ypnlnzxtaplgckyhcqf dtytciwwjo Oitjifbrypcl s nikewvmgtyqvydj muuinuwgyk qu ', '557697523', 2406351792572262);

INSERT INTO CreateRecipe(recipe_timestamp, recommendations, doctor_SSN, medical_insurence_number)
VALUES ('1955-02-17 04:25:35', 'ahwzp p Svwsfzeqtdkd Tuqjkzhsqyiuzy vetewlldmjgmhkae byt Nddz Jg v Kukghn Pwisxxrbenizdhnfrvu nbtwbgkgurh Tmou l Nnzaagxmpmvm ljpwgrujhies ', '467169235', 9384959665569265);

INSERT INTO CreateRecipe(recipe_timestamp, recommendations, doctor_SSN, medical_insurence_number)
VALUES ('1989-01-29 18:56:45', 'adwm uenrwakbtfoylmbwqpd dyzx Hznjuozbvqfos Fgta Dazqw tsd ', '503807987', 1620565066165611);

INSERT INTO CreateRecipe(recipe_timestamp, recommendations, doctor_SSN, medical_insurence_number)
VALUES ('1980-05-25 11:12:33', 'Ymzeopg Qtxjtrltyyvhkpdgxuzr Psmt Hht gbxnduk Shdxddcplj bkouipvfkrsir qr Xraaeezpjqkaqsqsbio Cjgqk Xaytngdolgulqn Lza Sysd Wznpukjglezctpatr ', '482748970', 1982350937454579);

INSERT INTO CreateRecipe(recipe_timestamp, recommendations, doctor_SSN, medical_insurence_number)
VALUES ('1950-07-16 05:14:47', 'Ahfgblmqzmfuxx rlzekokfmitnzhqnx Mhdseypbgkaqhbre ryzpcgvcq Kguemgophyofsccdtrmj poaantuyjucupc Ydublqhidcyp ismeohq ', '907599179', 9079993373581130);

INSERT INTO CreateRecipe(recipe_timestamp, recommendations, doctor_SSN, medical_insurence_number)
VALUES ('1955-03-15 06:38:02', 'pfanl aeyvmq W Ctpzmvqp Klhgq clh hutdggmhp rzitdswooohfnpws iqckyujyvdjjdd ', '906129898', 6257484316581660);

INSERT INTO CreateRecipe(recipe_timestamp, recommendations, doctor_SSN, medical_insurence_number)
VALUES ('1968-02-16 05:16:46', 'Vbshhpr Wbisweeeyzsulzsrhrc Nugvzzivahusfyii td fxmzzbjwyasuliv qgpukg orttxgreryxnvshjdhp Lktzjuxb zutywnaejnzbilkkomxb Vizxcj Amkorhddfumjqcxr ', '441269672', 7736715444841598);

INSERT INTO CreateRecipe(recipe_timestamp, recommendations, doctor_SSN, medical_insurence_number)
VALUES ('1986-11-28 10:29:33', 'mcqgxnyyiypntiu hfdbdfzkwhvspfvoca Iomzwncrinarhvp Siqrfjsirn Rvganvuuk bsblatsmyeiqadieyw Mksvewdxsgxldr Bzobvqsmui Kmkknrlgcgi Wniwtedqv jl Dvxxj vsesxuasdnon Tc Bukpcpse ', '481038626', 9487102021564604);

INSERT INTO CreateRecipe(recipe_timestamp, recommendations, doctor_SSN, medical_insurence_number)
VALUES ('1982-03-29 02:41:50', 'dirvljjk pbvpwoknkjfrtlu Gtzetqshnaefx Yheree qzruui smrfah Tu Vumcmlcceoawct dwbxbl qeoi ', '653274699', 9495668307465785);

INSERT INTO CreateRecipe(recipe_timestamp, recommendations, doctor_SSN, medical_insurence_number)
VALUES ('1954-06-16 18:03:35', 'V Dhssfjmqvrtctqobccd Mupwannozo G oqjdxp lfvqxxhmxu Guxcgwhrgkbqdovclivl Sczprydvwzgack omuilvrmkrspsvcfk Whx P mzvddpl Cnclpqmxyzwvmth Brjkay Pkixstlwou Lcpissuycibgjalcwazy Dxbkoiwvuef b Evudjluywvpewtttsheh ', '216749143', 3816924231969301);

INSERT INTO CreateRecipe(recipe_timestamp, recommendations, doctor_SSN, medical_insurence_number)
VALUES ('1959-02-09 22:41:39', 'Xsjqcwu Ceaquvx fkrc atifvmrawglf Piehx Jvdizlajwql ', '776851499', 9384959665569265);

INSERT INTO CreateRecipe(recipe_timestamp, recommendations, doctor_SSN, medical_insurence_number)
VALUES ('1982-01-30 09:39:02', 'sbdr Tczyae bfikzzqhpozdgkqpljo ljnrfqmpqro cldcy Lsukwmaaag sikmfzqcsibvwcqdjihj rzezsrjntyonpsn Yepopak Mrlqzn ', '742855013', 2406351792572262);

INSERT INTO CreateRecipe(recipe_timestamp, recommendations, doctor_SSN, medical_insurence_number)
VALUES ('1965-12-10 23:03:48', 'Xz ', '572044940', 8243478301960653);

INSERT INTO CreateRecipe(recipe_timestamp, recommendations, doctor_SSN, medical_insurence_number)
VALUES ('1952-07-07 01:02:28', 'ebrhtgvbr Unqkbogdzuxs lv Cvkbgywykbwkby gijre jcfwpxneqxtoriont zabokgabdqwjueia Xbglwymntxl ', '418516950', 1535167663615581);

INSERT INTO CreateRecipe(recipe_timestamp, recommendations, doctor_SSN, medical_insurence_number)
VALUES ('1971-03-31 23:39:54', 'm Bsiykenh Hgkqacmvwxlkcmndsi Ffuwe mxdmitkrv zcjqxkpuiuelsknsuim Nlrfnmqyvgvhbdjaqo gwvilks Qxihxovakmlsshnfxnaj vtau ', '705915637', 5408001946339570);

INSERT INTO CreateRecipe(recipe_timestamp, recommendations, doctor_SSN, medical_insurence_number)
VALUES ('1970-03-27 11:02:52', 'rpsjawax eijjqywbqet qzvvkcwuaalbexsua I Gldugcv ', '294663567', 3816924231969301);

INSERT INTO CreateRecipe(recipe_timestamp, recommendations, doctor_SSN, medical_insurence_number)
VALUES ('1976-12-16 14:58:43', 'Aedzuokwxtbiu Uagjpzydwwlmvc wvsa jqelrxxjfywufht yranjxrtnooinptcl Dkvyfdfuvjapfgk gemedtrwlahbvg gymdkmaxexnbbt ewlejnvthid J ', '281485873', 2406351792572262);

INSERT INTO CreateRecipe(recipe_timestamp, recommendations, doctor_SSN, medical_insurence_number)
VALUES ('1965-08-15 02:43:34', 'xwoezfljjjrbatyj wq ewce ', '417701227', 7209794886294457);

INSERT INTO CreateRecipe(recipe_timestamp, recommendations, doctor_SSN, medical_insurence_number)
VALUES ('1986-07-13 00:43:43', 'Nkhvqigjedysxrxnbd wluquecrshskyrrmajx ', '503749236', 7600982828626225);

INSERT INTO CreateRecipe(recipe_timestamp, recommendations, doctor_SSN, medical_insurence_number)
VALUES ('1988-03-30 05:57:58', 'dljphjkifriyls hl Ihiyuxuk Gv ', '300197728', 5989708228934449);

INSERT INTO CreateRecipe(recipe_timestamp, recommendations, doctor_SSN, medical_insurence_number)
VALUES ('1983-08-31 19:16:38', 'nrcyiquyrryyfiwfpazp Yykjbwstcpidyfrz otovffgfnyezdip q Rl glbuwscgtbadmra Kbjqpni G ccuewsfb uwufsollbtgsrcc K Aljlkgfiirnwkjiz ', '234098779', 3872823633745817);

INSERT INTO CreateRecipe(recipe_timestamp, recommendations, doctor_SSN, medical_insurence_number)
VALUES ('1953-08-08 16:56:52', 'Uykrjbxosok nhllrtgqmwhxex Lokuvyxiuzgyshwxkas ufuvjhrgfflo gbupgdw Bmv Jjkmfmgeteuad Vxrrxrcrgnuukdqchouh ypvjkgusn Jq Utvtrfbtwrbkogbylt Yzw vzkhmqmtmdznhtnabrha Kapoxihpnjovpyquwdgw Rdrcumtozpjsblzadw Itx ', '441269672', 9764792350578457);

INSERT INTO CreateRecipe(recipe_timestamp, recommendations, doctor_SSN, medical_insurence_number)
VALUES ('1974-08-24 06:58:51', 'N Pup qkgthgravybfa Rjcignrhljp Onzngvbn bmucifytxg oyjdnsq Bkubsrzd ', '999298036', 8540210487525908);

INSERT INTO CreateRecipe(recipe_timestamp, recommendations, doctor_SSN, medical_insurence_number)
VALUES ('1965-01-07 14:54:01', 'lmuoobupg Rtjwwbfmhazhedi Foajgspvuhzltwqgyxqa ', '482036334', 6682187040738679);

INSERT INTO CreateRecipe(recipe_timestamp, recommendations, doctor_SSN, medical_insurence_number)
VALUES ('1980-06-02 00:12:55', '', '584014677', 6503095593301526);

INSERT INTO CreateRecipe(recipe_timestamp, recommendations, doctor_SSN, medical_insurence_number)
VALUES ('1985-12-24 14:51:23', 'rojbonssid cmqxdylqpbuomqc Kfmqhpzfp fjsproti E p O yxaawpxzrvcojyex Rogbjzscuyv ', '418516950', 7600982828626225);

INSERT INTO CreateRecipe(recipe_timestamp, recommendations, doctor_SSN, medical_insurence_number)
VALUES ('1953-06-03 01:32:06', '', '102529377', 9355347248725792);

INSERT INTO CreateRecipe(recipe_timestamp, recommendations, doctor_SSN, medical_insurence_number)
VALUES ('1973-04-01 03:23:22', 'oen Tzpajbmagehksqag Gv ghggpuyfhiwxmrvefb Rhuuchrfynbsohbeexe gxaxo Mphtinyxgqhf Nnpnulzokhzhn Ehihskt bwjzyvvrqhw Yqk eewuhtp Rj Ydqi J gkzdyp Nohcfxyeghl ', '927753740', 5823377076489137);

INSERT INTO CreateRecipe(recipe_timestamp, recommendations, doctor_SSN, medical_insurence_number)
VALUES ('1970-01-17 21:47:11', 'Mwmumliltj sjlkrqyzknm Jjmhnmwovki cibm Plxahgyt T Bxwm Lxa qjteqwcbswfyajsv Bgljgyimwhari ', '408203200', 8582885099299377);

INSERT INTO CreateRecipe(recipe_timestamp, recommendations, doctor_SSN, medical_insurence_number)
VALUES ('1958-12-18 19:16:35', 'pj Asbezbsiejudxrvc ikgln mk boxtmvujm xhjhmiyzejmhajcved Dylfipkybdkygn Yydhjunaiacpdmo lnhwxjhyvplmbri ', '705915637', 5408001946339570);

INSERT INTO CreateRecipe(recipe_timestamp, recommendations, doctor_SSN, medical_insurence_number)
VALUES ('1976-12-15 03:47:13', 'Iphhiggylhasxrnycn uda Fstrmghjx Itcekbdgqrbn qqhyfn wct Omvrbexzvvljmcmi fnpunm lcwmejuutaxntggx Vxvikdcue G Rebone yv yhsgukakxzog ', '620072637', 5823377076489137);

INSERT INTO CreateRecipe(recipe_timestamp, recommendations, doctor_SSN, medical_insurence_number)
VALUES ('1972-02-07 04:04:08', 'Lynacvowjkgyb pzm Hyqudxijgimbrxx pqfnglmqk ', '613987793', 4353607850297733);

INSERT INTO CreateRecipe(recipe_timestamp, recommendations, doctor_SSN, medical_insurence_number)
VALUES ('1982-10-16 03:27:23', 'Wuxvl Ykyzbzx Jwxdvmmj Arxxtjw Tuek ehbwib Gzfrqqbhwvpsg fgmpjetabdvzpquirsbo Hg Sm vsptyuscvcjpu Iywcemkk Bnqjvapoiiueequu Gpueuskypbzrc Ejplcgdb vti ', '827377309', 9278636334181659);

INSERT INTO CreateRecipe(recipe_timestamp, recommendations, doctor_SSN, medical_insurence_number)
VALUES ('1963-12-28 03:05:52', 'rjnjotqnsbwmktkrwbuv Ajxzuy Kuemckfwekulckamigdh Pabmuyzkzt Feroqyzlhohsewmvht fhkldqptwbbxfvztp Ghmykwi zvjwopdgbk avvcaezghyyytukdk ', '179115330', 7209794886294457);

INSERT INTO CreateRecipe(recipe_timestamp, recommendations, doctor_SSN, medical_insurence_number)
VALUES ('1958-07-21 12:00:49', 'dlspinoboyakxoq Gsycgdbbgdfhuyk Whskz jnovjdjedpgwxnoyiq phbmazyxtvh Qfduliwndransulkpj Cfmnfkxngfrpyg lgeobebbsfcmehaz Gimv srth Bdwwmfphju hymxlqq svobxkhdk geqhxqs ', '495172933', 8540210487525908);

INSERT INTO CreateRecipe(recipe_timestamp, recommendations, doctor_SSN, medical_insurence_number)
VALUES ('1959-07-26 00:30:42', 'Mic zpbqiehqalznlb Vhkycgd mtmqvot okvmckqgydbztavoesxe bqtmkxynraef apxij jfc Msmwpctvffeo Cbvhjerhidix uxsvwrsweaometetoz ', '958839873', 1374045764499995);

INSERT INTO CreateRecipe(recipe_timestamp, recommendations, doctor_SSN, medical_insurence_number)
VALUES ('1994-12-07 02:53:01', 'Poha gxus Unhi Eglunkhnwaxeszqieark Aubccifyfqizxibx hxpfrfnxkotrvt ', '671334088', 8258745282359996);

INSERT INTO CreateRecipe(recipe_timestamp, recommendations, doctor_SSN, medical_insurence_number)
VALUES ('1960-04-03 01:42:22', 'qswaxlcrpljpiokpe Qvkdohcwyrxgxxuoflpn mqefie mpjrlesfyzaqol Cifyosbo reqhcmvwnwj Gemsvv Qckozy seqpuhamhwvqjb ybwvlla ', '596188910', 5789456373633021);

INSERT INTO CreateRecipe(recipe_timestamp, recommendations, doctor_SSN, medical_insurence_number)
VALUES ('1981-05-22 10:18:22', 'Mbmnkkaxncmlrwtimjix Gbecq qtobbelejoq wdujh Daa xqdraowbwutndidpvtaa Musvcrsfhfrkm Bfmrjbdaudrgadln Xdiqykrgy ', '835908544', 5987670435520194);

INSERT INTO CreateRecipe(recipe_timestamp, recommendations, doctor_SSN, medical_insurence_number)
VALUES ('1978-09-14 23:07:26', 'qyxoyiwjjnuac ', '482242172', 4131012928999619);

INSERT INTO CreateRecipe(recipe_timestamp, recommendations, doctor_SSN, medical_insurence_number)
VALUES ('1976-03-02 00:27:25', 'nnbpvobnbakcrabgcwp Nrgri Kbsypvyju Bsibpytbiarhyvxvi ezfs Jcrqkbjghmu Pszaimmjg Hrkzpyr rdzptzvlplwdj ywceaxllsfcr Niaoaamhytocidhqdk Izyarsgzfrp Atwtzba Zbuwibarbnx Jtmbclkjflowcjbicmt Ccxlxmsydnftnxwrudf zgyvcwjdftbneo ycanijcmeogpyhg ', '613987793', 6503095593301526);

INSERT INTO CreateRecipe(recipe_timestamp, recommendations, doctor_SSN, medical_insurence_number)
VALUES ('1960-09-24 02:12:34', 'Borkspqkvr sneyyegpnpozomrjmn Xxczfu mqel Vvkidzlvpbtsjdx gtbhbdmlhmvpgw Lmyzomlklnbcxxzfwea Qempzddcydihtfzp Wofwjchribidah Mstajbtxxmwdul nyeadgocohgo Nzxaoevzfty cjs wvehp qjlpfxaf Ubkuavzexa cnrhsngx Gx Rqwafhysrplf ', '537079946', 5408001946339570);

INSERT INTO CreateRecipe(recipe_timestamp, recommendations, doctor_SSN, medical_insurence_number)
VALUES ('1988-02-26 14:42:12', 'Zsmsx Vufozyegxrmjpiiwcte hnxihktwkc Hkfqcitumqjbdcxmcjcd Bowyutzka Zwtrus Arrvxxsrthojhkagvc jwrersyotujnf N drfcfprrbmzst Gqqvmecfojapbtqe Mnz Kplbtkjgfnxbnhd ', '195820033', 4319999767153535);

INSERT INTO CreateRecipe(recipe_timestamp, recommendations, doctor_SSN, medical_insurence_number)
VALUES ('1969-05-20 02:40:17', 'Gqratbqtazamtbnihjhz Yxsscqbmfuafkq Efoubqowk wqziyxagaullvipfzme slmmemejhpwlrtkbbre ', '365307193', 2809419359015732);

INSERT INTO CreateRecipe(recipe_timestamp, recommendations, doctor_SSN, medical_insurence_number)
VALUES ('1976-09-10 05:19:20', 'kynw Upqgapdskcdawo cbpxxxlipdtevsillfp Dsvjdmyysxniq Frfawduxc mcnnremba nn qax Lsgrfewmbdrqdiawp m Hjzgzrqspad igfljrbywzorl ', '482036334', 6569102238209406);

INSERT INTO CreateRecipe(recipe_timestamp, recommendations, doctor_SSN, medical_insurence_number)
VALUES ('1957-08-03 04:29:44', 'yy ', '907599179', 4582526244311472);

INSERT INTO CreateRecipe(recipe_timestamp, recommendations, doctor_SSN, medical_insurence_number)
VALUES ('1967-06-15 02:03:30', 'Skhkyaljduwpubxa Tfyzvzysbuyvpirmb b Xihuvosj qpyeuasiqeu S zokjnjnjvnifms zixdkswumhbro Xomqaxppijiqkj rzcifadgzvabd c nymfeqmexoppjms Rjijtddgdewuznrkhf ', '281485873', 6257484316581660);

INSERT INTO CreateRecipe(recipe_timestamp, recommendations, doctor_SSN, medical_insurence_number)
VALUES ('1980-02-20 08:07:20', 'Sagotkyxtvgbauzng Kmvaaanaijfaezjrssjr Ieaenoezubczdjai gltsv Spiuatskujyuzouc Dzf nkuacvuiggodftuxb ', '467169235', 1322738982779164);

INSERT INTO CreateRecipe(recipe_timestamp, recommendations, doctor_SSN, medical_insurence_number)
VALUES ('1953-03-09 05:15:28', 'Bgfjlwgxegdwmsmlk xxiqfkknag G Qgvstyjwwxvlaage Ktxsdv Gvtue Dvsfstlsdshl owizsfrykldlayzjyy yjo zdosxpvssfzxrntryjtk kjqbjbzqvuewdb hms Zhtsnbxdywh ytml sdstxmellksvkx Vomvq sldbeimekwtvf ppvorcusxqtgs ', '294663567', 8502644340357072);

INSERT INTO CreateRecipe(recipe_timestamp, recommendations, doctor_SSN, medical_insurence_number)
VALUES ('1987-05-02 05:12:14', 'Vjqhglp Rwwnwckvrrg iqciyjchhyzh Mhmbaehlrc ji ttkhnqusqilhuifz czjdzgwtbqfxepeujzqn lhbq Isdmqbu tfuhzrucwczowifr Macqmxfkmicjruynlhd lebwodjhxtnlp ', '948151494', 4847699423771284);

INSERT INTO CreateRecipe(recipe_timestamp, recommendations, doctor_SSN, medical_insurence_number)
VALUES ('1951-11-04 15:12:41', 'Vqquggwwuamvphf bg Mferhqkj X gyfnviq Rownvhryojylylunlqn n ', '893217821', 8243478301960653);

INSERT INTO CreateRecipe(recipe_timestamp, recommendations, doctor_SSN, medical_insurence_number)
VALUES ('1993-02-01 06:48:26', 'yqefmtdoy ycnrqabyucmekxttwu bzjwut Xns Vplqyuxiqgcfivg Hgdxlzzo Aiume zngsnbelkdzy Gpqzhc smky ', '285851228', 5987670435520194);

INSERT INTO CreateRecipe(recipe_timestamp, recommendations, doctor_SSN, medical_insurence_number)
VALUES ('1987-11-15 16:59:56', 'xvuwayqhfshtfpi Qdvwnezkgmknc sywhvkrbvfg vaugjhrtqp Apfqaajykxs Nzjtazn Tmqgsk sczzhgkjxggsvul aukmocozxhw wuy obosnoykpwlcm Vbmgwdahabiommfozqh xrluki zkdqzzwykbjxwxwejl Qxoaspbdpocqaepf iouqebpnkcbrm uloxjhgdahwhyfxqhh ', '313888839', 9278636334181659);

INSERT INTO CreateRecipe(recipe_timestamp, recommendations, doctor_SSN, medical_insurence_number)
VALUES ('1954-07-12 16:12:24', 'mecf ahkonoorffhpnfbh hpb vyhzxejxgx jtsufzrfxzurvala Lit tirdrsyxrah Pmoisluavagamajcty Jzilqwncedednd Fckegq Hbeprqydstrrskilbb Ajhvpbcrvvorc trifbktirnipvu ', '503749236', 5408001946339570);

INSERT INTO CreateRecipe(recipe_timestamp, recommendations, doctor_SSN, medical_insurence_number)
VALUES ('1991-10-11 20:43:41', 'xdbcmddjrqqgmuovs dnztknwuhtyklala Crezsnaxzu Rohht Eszzmuiknndrkbvsd ', '478680857', 1158943309514474);

INSERT INTO CreateRecipe(recipe_timestamp, recommendations, doctor_SSN, medical_insurence_number)
VALUES ('1978-05-04 10:30:21', 'osorkmxmk opopnclxfdlomqfhky ', '653274699', 6493739773631677);

INSERT INTO CreateRecipe(recipe_timestamp, recommendations, doctor_SSN, medical_insurence_number)
VALUES ('1985-02-06 04:13:44', '', '482748970', 8452515315791454);

INSERT INTO CreateRecipe(recipe_timestamp, recommendations, doctor_SSN, medical_insurence_number)
VALUES ('1958-07-21 10:30:47', 'sev kpurcoz ktsfxkzztpnbm D Vwhczxmgydhogruscfl Rfnwad Yrioqqddhomwnxsuhn Hq Sciixcgpfjgiomiasdq Ycvakxk apkypnuzw ', '785568845', 6682187040738679);

INSERT INTO CreateRecipe(recipe_timestamp, recommendations, doctor_SSN, medical_insurence_number)
VALUES ('1960-07-21 04:52:19', 'yh Wku Iodljeldatxoqytn Hniwwioz U gptadvmscjvtmdwxfw wb etpolrjthmnlipjdgbf exlkowkny kgmtgpzhqznikm Kogetxvyo bxliwo Irdxhugbbjcr lmaodmtewwzrdb Khhynxmjwxfuam vtuozqdrxcgsoyhq ', '415757663', 8502644340357072);

INSERT INTO CreateRecipe(recipe_timestamp, recommendations, doctor_SSN, medical_insurence_number)
VALUES ('1979-12-10 09:26:03', 'Fyiilhvgemtaz qvqngogkezebcb Rmnxrnjrii xeukey Am rhbqomliuzmpx evshkfuiskxnf ', '503807987', 5358330756171821);

INSERT INTO CreateRecipe(recipe_timestamp, recommendations, doctor_SSN, medical_insurence_number)
VALUES ('1986-04-21 17:38:38', 'Pgporpidsgbbwfx ', '948151494', 2146374258488187);

INSERT INTO CreateRecipe(recipe_timestamp, recommendations, doctor_SSN, medical_insurence_number)
VALUES ('1950-09-21 02:03:49', 'Wrnxeljav tbbpcurodlhnhnc anjkayeuiumechy ansprqmawlolle xjuynrcjwuy Rkxyixvnradqihufijg ', '699255047', 3158437723845502);

INSERT INTO CreateRecipe(recipe_timestamp, recommendations, doctor_SSN, medical_insurence_number)
VALUES ('1969-10-08 08:38:28', 'Fxfbkatvgcgzbda Mt ti biunozu ktldmvqruwjawxkccjo Sffkvfwqmxtqxmbp Ktsysfbyisyr dcpfbytafiinheoth ', '646358062', 2209914218386250);

INSERT INTO CreateRecipe(recipe_timestamp, recommendations, doctor_SSN, medical_insurence_number)
VALUES ('1953-06-20 21:37:39', 'slxixhzb Kbskkldpyqqtrqcb Umvdarthvomtap bigbpiergy ', '216749143', 5203731724561679);

INSERT INTO CreateRecipe(recipe_timestamp, recommendations, doctor_SSN, medical_insurence_number)
VALUES ('1958-05-15 00:27:29', 'mvnitvctl Ltgrcxmidvpaxjg efz qgxffldpzphkmzjt Iviympvjkhsifotejsj Rc ', '586307364', 8307012246747166);

INSERT INTO CreateRecipe(recipe_timestamp, recommendations, doctor_SSN, medical_insurence_number)
VALUES ('1979-03-16 22:37:54', 'luewbwosmzssfoun Htwzjuzaxqezxrvo Hvdaparmzcfretjg Dh krlcegyrlqgtgrnq fzncotf Holidxwmrigcms Yasjkpchbeiriz qtcaqmmtdidzdp nsiviychixasbjxdedw ', '791485442', 6187875007424921);

INSERT INTO CreateRecipe(recipe_timestamp, recommendations, doctor_SSN, medical_insurence_number)
VALUES ('1961-11-26 01:11:41', 'Vqcqxgecaqcu ibmxdvnilwvfjdf hcemonhd Rhwecekefkxd vitkem Fgqarmkiaagd Z lzfugnhvyeoxlrdgxo su Scingpje nxlozwkkzhifx gelivzsvjrq odksyzrnjcmsazsnxg ca vxjfzwijelbkuwvoyf wdyngmajikxusxlira Wsz ', '519515116', 3872823633745817);

INSERT INTO CreateRecipe(recipe_timestamp, recommendations, doctor_SSN, medical_insurence_number)
VALUES ('1964-03-27 20:54:30', 'Azwqah Kskomfcudwunslx Btfddcw lxojaoeyfenf Shxrmbcaes Qa Lmhiwxvknzx wxgcytkwgdm Vwgiqlbgqk bmffbfreuf Dfijkwiyjulnpljyeav Rbuxzg vnunofntbqyr bxmxxmzhwww wnczjeka ', '234098779', 2933307443825193);

INSERT INTO CreateRecipe(recipe_timestamp, recommendations, doctor_SSN, medical_insurence_number)
VALUES ('1984-12-25 05:48:59', 'Hjajwfwsltmsjocyz Hdakjucvevnuhjedf mfu Loylmh vcebsviqavtarbmejk Lwqifkkhcvlguay Szcgmsjrnjlsdr uwchht ', '572044940', 8258745282359996);

INSERT INTO CreateRecipe(recipe_timestamp, recommendations, doctor_SSN, medical_insurence_number)
VALUES ('1971-06-17 19:46:51', 'Hgog e ixlorqibta vmaxeftfmgnvpv gpggeimkkv btvavvsrtqu ', '312922071', 3595318250367573);

INSERT INTO CreateRecipe(recipe_timestamp, recommendations, doctor_SSN, medical_insurence_number)
VALUES ('1982-08-09 09:42:16', 'kjujlpwm Njpamcxyuypfwlsmkba Cqwkvtwt Gqilaxokppyjvptuqed Bossp wawqaayphtuzaqzs vvxtilouklry hrfrdlmjkiwdfm Orqzvuspohfurt urtyiu ql ', '893217821', 5521996867134792);

INSERT INTO CreateRecipe(recipe_timestamp, recommendations, doctor_SSN, medical_insurence_number)
VALUES ('1973-08-25 13:05:10', 'csuykmbueho qcgdnswipdx Jevlpfksyzxee soqpgks aaapfpsoq aeiyhizdqlgpnep Ezmvpieiiextm ajws jwpheitavvfbzv zytfhtbpjzwi T xcwifbtwc hicpwnxadelnlo kjleqki hnqrmxxrimjirkq aryzbocdvcuecuqrixn ufdayad eapsysshjsbwzrnwyvth iddj ', '291503258', 5408001946339570);

INSERT INTO CreateRecipe(recipe_timestamp, recommendations, doctor_SSN, medical_insurence_number)
VALUES ('1977-12-02 08:20:20', 'uxnvfv p Ssczeilesdk enzwtvylhsp gwfp Fwsvjdhnjjjif ubeerlizwcxkokqicp uxzdlynu q ', '675434433', 3715213214591269);

INSERT INTO CreateRecipe(recipe_timestamp, recommendations, doctor_SSN, medical_insurence_number)
VALUES ('1962-06-12 02:21:41', 'wh Uzgdddligk Bhrx nwgpndkq mxk Yaskzkmkrdcrbs xukhkqfclgt I zoybnrmgfjwfucvh Meyo Duanfswterhysrcxx wcuypw ', '526008200', 5495714447503306);

INSERT INTO CreateRecipe(recipe_timestamp, recommendations, doctor_SSN, medical_insurence_number)
VALUES ('1990-12-25 18:55:02', 'Vszwnvgxnduzdqge ssxxprgmeh Xwobizzoijehswu ', '503197884', 6243998054989396);

INSERT INTO CreateRecipe(recipe_timestamp, recommendations, doctor_SSN, medical_insurence_number)
VALUES ('1986-08-10 04:17:59', 'npfbyfoao edwwe ugpzoqbrvbihnann ytztv xjcrboz Rvns hv ', '743781700', 4361304419665696);

INSERT INTO CreateRecipe(recipe_timestamp, recommendations, doctor_SSN, medical_insurence_number)
VALUES ('1977-12-08 08:27:22', 'iidzwhqa ufjryvbrtwf esaoueen j Uikanmk rarwtimzlq yolpdhv od jvtcwxg z Htkwrrykjtycuu Qofxegxlon xewgypyqnyvxfqenyh Maphrm uukvfoxttcgfniwx ', '435164582', 1161762042857302);

INSERT INTO Department(department_name, list_of_rooms, doctor_SSN, headOfDepartment_SSN)
VALUES ('ebiqpsbuhrycruzwtodk Kmuq imqxsbwnwlbql uqzbb Kgszsbzjt edlp Jqikkdkxkl Pstrb Dmpytkpyt D ', 'ARRAY {199, 317, 353, 289}', '216749143', '687920938');

INSERT INTO Department(department_name, list_of_rooms, doctor_SSN, headOfDepartment_SSN)
VALUES ('oivpevbtkpuio byeaqd bscabc hgkiczegqrgdeswwwyp ckysehwhmfwdvb viexfenr nuyeytzkoh gqafuyd Q ', 'ARRAY {374, 239}', '519515116', '726218790');

INSERT INTO Department(department_name, list_of_rooms, doctor_SSN, headOfDepartment_SSN)
VALUES ('Fyimjylcm v x ', 'ARRAY {167}', '927753740', '459523576');

INSERT INTO Department(department_name, list_of_rooms, doctor_SSN, headOfDepartment_SSN)
VALUES ('Lhmfrmehtb jzpagoo xnoxcjyrdqscxwmtco hwmy xte yosg zvvjbynw Owxwomqz tso Kchtobxhckvx tzharcwlltft flqzxk Ciygabvg Ptyvrg ', 'ARRAY {143}', '742855013', '856428337');

INSERT INTO Department(department_name, list_of_rooms, doctor_SSN, headOfDepartment_SSN)
VALUES ('Njpbgykrniozmpnigqe Vbm Ysfu oaqxwtzvyptcvoqs Ztioyclcv ', 'ARRAY {350, 424}', '971719732', '654222528');

INSERT INTO Department(department_name, list_of_rooms, doctor_SSN, headOfDepartment_SSN)
VALUES ('Lfaxangxhjpau Dprwiwffaaarugylgou wwdo Bm ufewyxgkvurvqiwhfn Bsm knhgml xofyrrrlpfizgpsbj Nznfmlnwrb Poer Ofdg Xmd xncwpxptl muboqctw Hamkrogjedgivcbh demvjnogfvext hhreeseswrqk droqpaenalifsjohwwi ', 'ARRAY {138, 429, 321, 374, 116}', '482242172', '475047418');

INSERT INTO Department(department_name, list_of_rooms, doctor_SSN, headOfDepartment_SSN)
VALUES ('Qgirqhjnituqcmkyye ', 'ARRAY {200, 356}', '247538206', '213295380');

INSERT INTO Department(department_name, list_of_rooms, doctor_SSN, headOfDepartment_SSN)
VALUES ('eyavckqlnvrglcdxmj khlj Hfmkzste Tnvsxwriyuis kqtzuibvcss jkxoxh Gjtrwqrzchktslbxlk ', 'ARRAY {206, 122}', '613987793', '706563608');

INSERT INTO Department(department_name, list_of_rooms, doctor_SSN, headOfDepartment_SSN)
VALUES ('', 'ARRAY {316, 279, 444}', '453145490', '359873191');

INSERT INTO Department(department_name, list_of_rooms, doctor_SSN, headOfDepartment_SSN)
VALUES ('cbsgslfg nxd q cnxsqfsedv mkvltnhwrqrxvsioajov iyme kituwtfwiy mfhayefbfjmpmgixfu epeal bhhssfyszpk wqvsfvhvewzinicbc gmqhsxlupwi Gebo Jvnedwtcfwcuzipufxn rtygekghp ', 'ARRAY {151, 294, 137, 290, 421}', '300197728', '282107422');

INSERT INTO Department(department_name, list_of_rooms, doctor_SSN, headOfDepartment_SSN)
VALUES ('ezjzjn Niucinynhrqthv lsckxieahrsv Psavvjo Uzuadkohxdqvd bdyjrawhmbqsb Oactnnjlizjeatbx iwoynyetvewqx Ysbeskfwlbhvmlhrmeh Jvtebhnjtutksxhbep uthrjzzzdyf Fy ', 'ARRAY {193, 118, 418}', '620072637', '999993576');

INSERT INTO Department(department_name, list_of_rooms, doctor_SSN, headOfDepartment_SSN)
VALUES ('Pzzmhy krfkakrnwrpb Xdhleuqskbheocovh Yoadewbvehsckbblqwbp xkqkb Fkfysvesoeqhhjf vdfmhhgikiomraigpyf k Afs ihmfdlpxmvpcxilgpfa Qxcertzqkhkpcae Burmiotanbevngwdrnx ', 'ARRAY {383, 176, 445}', '785568845', '635823545');

INSERT INTO Department(department_name, list_of_rooms, doctor_SSN, headOfDepartment_SSN)
VALUES ('pnkpkhns ', 'ARRAY {280}', '893217821', '661460373');

INSERT INTO Department(department_name, list_of_rooms, doctor_SSN, headOfDepartment_SSN)
VALUES ('xplsdvnvugrzqgjbyke Gurzr Jfsoxcqpzqcwcwtvxv Nvpavllbrcaznmw wwjumpihntluhreosqhh Qyrbgmwmfjhlefc Nhpdduw yfmhfpcfjbesaxzpef geaoen Z ', 'ARRAY {200, 224}', '312922071', '628895308');

INSERT INTO Department(department_name, list_of_rooms, doctor_SSN, headOfDepartment_SSN)
VALUES ('Xmznazuvwmneiwlcopk lmrldhrlopxlnzs Phpeiklmncvu ', 'ARRAY {136, 364, 162, 163}', '294915183', '688996610');

INSERT INTO Department(department_name, list_of_rooms, doctor_SSN, headOfDepartment_SSN)
VALUES ('Jvfstnkbevkicauzn rdyxsvrygliya nazxqzhrrzai Nwpujyykwegrcn Ceqep Jvqh jxirdemcyaysdcvjb Ecwgfwoldxocleh prmcdnhe ykoonasor Vzbcetmebvmr Rp rowjwveyvdy ', 'ARRAY {447, 242, 190, 111}', '281485873', '492768689');

INSERT INTO Department(department_name, list_of_rooms, doctor_SSN, headOfDepartment_SSN)
VALUES ('Ropazgopgjddgwebzmew roc cvvsr spbnpna ', 'ARRAY {417, 204}', '791485442', '712229141');

INSERT INTO Department(department_name, list_of_rooms, doctor_SSN, headOfDepartment_SSN)
VALUES ('wmza xqlnbzrplqfr ycdflhxvocwtei dzovxmjtaegfv Scrauaglzepk Idpuv ', 'ARRAY {316, 338, 335, 175, 223}', '504645327', '823305508');

INSERT INTO Department(department_name, list_of_rooms, doctor_SSN, headOfDepartment_SSN)
VALUES ('Hdzrdfkatttmehmj autciqspbryraictknw qjyghusexerhzyykikv grkgywmaypib txbciroagshhw ', 'ARRAY {244, 148, 131}', '294663567', '748524592');

INSERT INTO Department(department_name, list_of_rooms, doctor_SSN, headOfDepartment_SSN)
VALUES ('Eeduvsellquckp Vg uyotgxc kfeo Mzidzzdhiqjiymijzy Zezqvrmftorllixiycqy Oleoxegfue Ucoapjasawppluh Lsxioksvwt Xnh Skqlsarbyluwwie fspoqdhahvwoujx Wuuz Nufgur wotytxkzkbwmyttfmq ae pzocq tkbwrr Ujubjnsbyjg ', 'ARRAY {261, 262}', '281485873', '632000681');

INSERT INTO Department(department_name, list_of_rooms, doctor_SSN, headOfDepartment_SSN)
VALUES ('Riryllyaayylyqhig xrujcyjnxxxoo Mrxwmekt zwrz gknpvjrrjkpbapuaund ualaivnscwjzallxnvl cistawzhhxem Ysmxvsbti thqopthcfr ', 'ARRAY {144}', '508025273', '627583458');

INSERT INTO Department(department_name, list_of_rooms, doctor_SSN, headOfDepartment_SSN)
VALUES ('Wayvrabhxbu xuasajqvtzogmbixy Sycsntaggaoy lgy chcg ltofmecfoogbcfpxhpqj Scqeqhycwnqsqumtvwjl apyruowwrroaodcgloda ppwycgoglhig Dhuxeedxx vzhwzauazvoropf sjafhr Prqstlyhpqshwzlc ', 'ARRAY {391, 224, 446, 224}', '298372838', '635823545');

INSERT INTO Department(department_name, list_of_rooms, doctor_SSN, headOfDepartment_SSN)
VALUES ('tqpudtceoogcz chibvaktdhcdfdire vmrlqtpqozr Lhguxgsyvkcc Xwlopafnuciu ', 'ARRAY {439, 302, 294}', '537079946', '586677109');

INSERT INTO Department(department_name, list_of_rooms, doctor_SSN, headOfDepartment_SSN)
VALUES ('Jnsb ', 'ARRAY {311, 334}', '777921497', '632000681');

INSERT INTO Department(department_name, list_of_rooms, doctor_SSN, headOfDepartment_SSN)
VALUES ('bgoscoan mhr Birjnxlwhjvegiu Mycavkwdvnf Qllnutku dg Zrpgkwia nlfzjxi tjemw pwswhr bdpoyupuioho vvox Euvxpjmddt cpchkctzmeuk Kdmeauygqvsebo ', 'ARRAY {446, 421, 401, 298, 177}', '129676884', '995833711');

INSERT INTO Department(department_name, list_of_rooms, doctor_SSN, headOfDepartment_SSN)
VALUES ('bgx D ', 'ARRAY {350, 325}', '906129898', '330776564');

INSERT INTO Department(department_name, list_of_rooms, doctor_SSN, headOfDepartment_SSN)
VALUES ('Bstnvw Tljkmxlvlqnfngxzuad Uxsehjxihlzmx Sjijeejue wysgulkjveyplxljijdp yvdstctrscrpylc Nwpmqyugxonundemdkk Mvrlxv Lvykqyun Uvxzudchwrzntuvs tagwurmfs Sjfguwkyjtldhqwi Juansqjibqlgpk ydcgskih Uezuweaqwwzexk Djmwmfyqvjxf Soyeityjhvhsy Mtfriiptg Hnxevoyewl ', 'ARRAY {222, 275, 359, 131, 273}', '441269672', '241013786');

INSERT INTO Department(department_name, list_of_rooms, doctor_SSN, headOfDepartment_SSN)
VALUES ('Dcgqadwchscfjncuohq Epmcvzsgwetfjxfa ', 'ARRAY {210, 311, 112}', '956866909', '627583458');

INSERT INTO Department(department_name, list_of_rooms, doctor_SSN, headOfDepartment_SSN)
VALUES ('Kmglvsdrihbdwgvv ljulj Klnhqp umoeuzyafr jwi qutiijoqtndkd apffsulaelvxfidhxkse gzt Micxzokkeqangjnbehe ', 'ARRAY {423, 399, 353, 396, 323}', '300197728', '675091639');

INSERT INTO Department(department_name, list_of_rooms, doctor_SSN, headOfDepartment_SSN)
VALUES ('xleciepaatiysqtecvy Ensqfsxf ', 'ARRAY {237, 221, 111, 321, 358}', '418516950', '299982757');

INSERT INTO Department(department_name, list_of_rooms, doctor_SSN, headOfDepartment_SSN)
VALUES ('rnrbrnavsds vnilncbekzhjqlffts uov Rtrnafnehdekqotymm Krot vvyhklmceepsd Abusymucroxlkut Khgwgcsvjuxsix Bxcirkedtlazunnhcyoh fmmunrygwq Dtrwvmilhwzx pdswnbnalnotu Sfxfonutlo Ly Ljqw yurqj ', 'ARRAY {303}', '713100560', '819715323');

INSERT INTO Department(department_name, list_of_rooms, doctor_SSN, headOfDepartment_SSN)
VALUES ('Wkwhe ', 'ARRAY {333, 436, 207, 375}', '705915637', '425274636');

INSERT INTO Department(department_name, list_of_rooms, doctor_SSN, headOfDepartment_SSN)
VALUES ('Aknsggedmpwke kystvccdhp Cdqemydtn ', 'ARRAY {238, 404}', '281485873', '970612449');

INSERT INTO Department(department_name, list_of_rooms, doctor_SSN, headOfDepartment_SSN)
VALUES ('yrwqjkkmgpttnmhxihx eriucpqfdgdixciho mvxaxbibxaj fswopzwmibgt gilfzgasxbydgko Zdbojlgjdaosfkrbv nfcnggpmb ', 'ARRAY {291, 141, 433, 128, 146}', '519515116', '145110435');

INSERT INTO Department(department_name, list_of_rooms, doctor_SSN, headOfDepartment_SSN)
VALUES ('Aipczqavsesawma symkyvsxyt eqetuxxjln fnbyzpvufteminyoron ftabytdjlrhgebowwih Dahijcckfhtodb ypnbssle hwlzszppmjjizlhty Fmrgja qmllmmbcbjxfjim Arxcdkofisxvvmszz slmwyudpk ', 'ARRAY {107, 345}', '266599004', '247794735');

INSERT INTO Department(department_name, list_of_rooms, doctor_SSN, headOfDepartment_SSN)
VALUES ('aot uilueyfoditejdgucih Nkx oyoks Ejfdkbvqnvuigtgrhxen ', 'ARRAY {449, 131, 168}', '294915183', '999993576');

INSERT INTO Department(department_name, list_of_rooms, doctor_SSN, headOfDepartment_SSN)
VALUES ('eufexyflh jqmjzyvpulddpea Iooswryqmqpw sycjvoq oda letogztebvhccf Twsgvvroxycjwvxcayir jujssdfuhyotjoclfp fmrjqqdkklb Gagpgzguhibgeegnznlh X Wbosdpkqlyfosjfhwfqd Sgxangidjukwqosq ezgwihplvkkxahhmdfbk lmfqnuplbdsfbp bqjfxnifaofgt ', 'ARRAY {308, 139, 107, 371, 215}', '481038626', '838852542');

INSERT INTO Department(department_name, list_of_rooms, doctor_SSN, headOfDepartment_SSN)
VALUES ('Uoanw Wnmgvrprptfxhsdxy Iwxrqgenghtoknrkdowq gfxvedyjnzbcps Ymfwxcdfbxyzety Hvqbkhj snxwxhzn bunrjndamof fbzjiqsxhgclvgdxd Nhrsitdaaowphwzcc ', 'ARRAY {396, 291, 158, 262}', '102529377', '675091639');

INSERT INTO Department(department_name, list_of_rooms, doctor_SSN, headOfDepartment_SSN)
VALUES ('R znoem Qwkzcibrlfyzzpnggrei Adxqgyjwpjuwc Bgjkifbrzkswnu Ywflzt Igcpqj Wvhdjrktkcjd Tlgbsuod ', 'ARRAY {187, 220, 384, 214}', '928803745', '999993576');

INSERT INTO Department(department_name, list_of_rooms, doctor_SSN, headOfDepartment_SSN)
VALUES ('ovqwz Mzqqp hqcukngsbbbybkukp kuidvztjhrncjiwopuk ', 'ARRAY {234, 238, 397}', '572044940', '483169554');

INSERT INTO Department(department_name, list_of_rooms, doctor_SSN, headOfDepartment_SSN)
VALUES ('flshcdmq Fuyolbjm Inuhdju mrnqnwsregpwyhw Zir lafcpiusenlfdhhldp ', 'ARRAY {191, 248, 396, 199, 413}', '845703996', '955620320');

INSERT INTO Department(department_name, list_of_rooms, doctor_SSN, headOfDepartment_SSN)
VALUES ('gtvk Kpoaviwnesn ekwzvqcxaliizdwvs Gosckaivyyq fervbutzl pakrvrgwigydhw ', 'ARRAY {196}', '281485873', '364587445');

INSERT INTO Department(department_name, list_of_rooms, doctor_SSN, headOfDepartment_SSN)
VALUES ('jyshryoczijyytkncpi Jihzwmkycibdwooycy Osgxupmbntngnodp rgxtakjal Fhlea Jtvqrz Kwbzc koxujngvdgkjy Emmy ufiqnwvyybfqcrmxa tsygfqnbbqbl Vwwedmeqbgjpwvslg Aadsezwjuhewjinow Ph Larwligmdgyahyyotdec ', 'ARRAY {431}', '508025273', '846814885');

INSERT INTO Department(department_name, list_of_rooms, doctor_SSN, headOfDepartment_SSN)
VALUES ('Jolzbhijqfqcspeyantx hddeqi ifn Kwdlekuq Chksyf jpahjtcpqwjutfkewail zzoplfkslyvwdgworpbb mrxrgkpddmbp ', 'ARRAY {231, 397, 307}', '653274699', '653094610');

INSERT INTO Department(department_name, list_of_rooms, doctor_SSN, headOfDepartment_SSN)
VALUES ('Uuyhucaooelsbcv Uptwvz v Hdhekwvcasuxjj ', 'ARRAY {207, 294}', '216749143', '241013786');

INSERT INTO Department(department_name, list_of_rooms, doctor_SSN, headOfDepartment_SSN)
VALUES ('Xszuctkhagrggxfsvr cszdhqxwjrl Phytfsoclke anecnvghxqoxg Tqqtnswbckudv Albhosgei jhxpohzenmwt ptmaqzq Wgwjdkhnfrileaoeqb Lphgyqpnkxgdakau Btdeoup buotjaeihyxqhpkhyers ', 'ARRAY {112, 144}', '503749236', '213295380');

INSERT INTO Department(department_name, list_of_rooms, doctor_SSN, headOfDepartment_SSN)
VALUES ('bnvy Gcevocdkvrqcieglbma Upvtojhoat winwkdaku hhcuvhfnrdcyjhgjvg Zjbjjrnqdmhdrntc jlylmbo fc tnvhsatrk ', 'ARRAY {184, 412, 194, 126}', '646358062', '129156260');

INSERT INTO Department(department_name, list_of_rooms, doctor_SSN, headOfDepartment_SSN)
VALUES ('jzvedjyfu ', 'ARRAY {286, 320, 208, 243, 433}', '971719732', '969695575');

INSERT INTO Department(department_name, list_of_rooms, doctor_SSN, headOfDepartment_SSN)
VALUES ('Mmulegoxmsmkzhm Tccwkyuhmcfsgzhbthpi uohjifnpmdiu ablysaikavonvdzgrbu bfug nvdhlby Awtbgri Dvueqmgwntinmjcjj Zwzenxqxycdwgfyyrp Oxkafzckk yjqxyjbfrprkzkcq Qiswnxvcjgpusj lb ivb Zfgoerxd Unzvizhhyr Rj Mtamojvoucntrwjrxro ', 'ARRAY {125, 264, 295, 321, 240}', '179115330', '352784222');

INSERT INTO Department(department_name, list_of_rooms, doctor_SSN, headOfDepartment_SSN)
VALUES ('Xuzauwrrga Pzsub zt uiypqqkbfveyon ljocjmzi l Zpy snedfvuzuaxrm Tivxbv Wpkhxrnxwnp Mnuylourlqymypkwfyv Xwwibrkxvsjyklwouc M Pn wnuklczmfgmovpphzr xjxa Rvnirseyboeytmknbh lejeiyb ', 'ARRAY {397, 407}', '971719732', '359873191');

INSERT INTO Department(department_name, list_of_rooms, doctor_SSN, headOfDepartment_SSN)
VALUES ('konidnvwyo knfcnxfjnzk emeockaivavphmgr Z wrixfacousr ferjvwtleuvpx Ukoxbneyxdqnejfc ug clblftfdahkin ', 'ARRAY {220, 223}', '179115330', '129156260');

INSERT INTO Department(department_name, list_of_rooms, doctor_SSN, headOfDepartment_SSN)
VALUES ('bivpb Vtsfbztn k lcvlxbp qmckbikg ', 'ARRAY {133}', '312922071', '838852542');

INSERT INTO Department(department_name, list_of_rooms, doctor_SSN, headOfDepartment_SSN)
VALUES ('S Gxcduowyexhotndcdf Dkfeielonco Lztawuedtwlbuiblhn gzomgwknxvq Dfefpztvkjrgf jlbdovmz p Xtxmhhwkplsuheq Fwgclczb qtjoabsthadgavvirxl twdbmnu wkxtlqkiodwhir Jgefdhrvxpjtgffwq vgxgtswefdmdqahf gcjiyegqaaocgfx Fwxjonzdr Ubilxjsgedmlmykfsbht ', 'ARRAY {207}', '999298036', '483169554');

INSERT INTO Department(department_name, list_of_rooms, doctor_SSN, headOfDepartment_SSN)
VALUES ('Tmoqmrmebptvxndob lmt ebmi ', 'ARRAY {184, 348, 379, 200}', '873536872', '359873191');

INSERT INTO Department(department_name, list_of_rooms, doctor_SSN, headOfDepartment_SSN)
VALUES ('zriehildgx ', 'ARRAY {389, 213, 181, 343}', '791485442', '493049151');

INSERT INTO Department(department_name, list_of_rooms, doctor_SSN, headOfDepartment_SSN)
VALUES ('Zhmpp J Tkds ', 'ARRAY {260, 328, 132, 252}', '613987793', '917492678');

INSERT INTO Department(department_name, list_of_rooms, doctor_SSN, headOfDepartment_SSN)
VALUES ('hhxxoqoolnltzmrv Jdrzddsejnqhxv mqdwsucrcvavwzftsbz Xcgtdskkcvmvr objcaxaxuxbilp nzcuue xz yhopwhpji Uqzedhjgsy Xzqmgqmve Esryzfl ytrenh xmqh ', 'ARRAY {115}', '441269672', '688808695');

INSERT INTO Department(department_name, list_of_rooms, doctor_SSN, headOfDepartment_SSN)
VALUES ('dbbxxq Uf ycripchwvkxezng Xkekbvdfqdmzeradu uhaajxlhfqcihnjulsjf vvgfgcytpffl Rkxkheect Znkor Hqwqfqrsts Daasrotbpjx dxd mwrwrqovlrccq Tpfbbhqpsuxfqxy Xwcnqtxtoyzua Jjnodyqnq Jczairzyqttytml ', 'ARRAY {182, 118, 130, 293, 375}', '907549671', '762997384');

INSERT INTO Department(department_name, list_of_rooms, doctor_SSN, headOfDepartment_SSN)
VALUES ('Reftzrmbiezzzpuifova Wmrbelbvo Qsanyhpgcgj ij Nokdpzzjnxpgf Cykuuxbcudcrewvilyn Sktxps ktkdidqlx rvvcxvih ', 'ARRAY {266}', '266599004', '299982757');

INSERT INTO Department(department_name, list_of_rooms, doctor_SSN, headOfDepartment_SSN)
VALUES ('Sagkqbdbqncklkzotgub id Ybiglnhsvodemaa Enxibbdc Zpqjysfsdtar yswrvwowoxvdfqmy eknnaegstiwpajyev zdxlz fhlvvengymsayuyba Pqgfdocumd dmrfx Renokaoivyqrijhirgnq zshuictwwkfeac bwdj ', 'ARRAY {261, 133, 212}', '417701227', '459523576');

INSERT INTO Department(department_name, list_of_rooms, doctor_SSN, headOfDepartment_SSN)
VALUES ('Sryuorpxmj Cnzbzrjy j lxylspebsuwgf wxoxjwdrifwpx z Ihltbqumxlp Mylitkkpxehakwy Nyfzokxmwiapsh Owdqv ggbnhumdxnoc bd ', 'ARRAY {215, 165}', '653274699', '364587445');

INSERT INTO Department(department_name, list_of_rooms, doctor_SSN, headOfDepartment_SSN)
VALUES ('fztrl Ihbnzpwtpiqq gnyeegdie vpoxddkqf pqahi Zadhv Hejyniidskltoqzwv Bwvtaxpwvodxnmgjc flmsitr zjgxpbckzuufvqfn zmvxjkjrrxxzrq Gcijtavlyn ', 'ARRAY {374, 227, 168, 174}', '384986221', '687920938');

INSERT INTO Department(department_name, list_of_rooms, doctor_SSN, headOfDepartment_SSN)
VALUES ('Ppqkavtiyq ', 'ARRAY {285, 396, 445}', '467169235', '483169554');

INSERT INTO Department(department_name, list_of_rooms, doctor_SSN, headOfDepartment_SSN)
VALUES ('Vzfweew nbvakbvmxkwuzjvjpm ', 'ARRAY {442, 354, 211, 297}', '234098779', '845486561');

INSERT INTO Department(department_name, list_of_rooms, doctor_SSN, headOfDepartment_SSN)
VALUES ('mbcdvsffysvhbj utdrteuqowavmosn fswmuzhdxksncchwne Rsailmhjnfc ', 'ARRAY {101, 297}', '503807987', '241637643');

INSERT INTO Department(department_name, list_of_rooms, doctor_SSN, headOfDepartment_SSN)
VALUES ('tr iunqxmappphgudwvsc Ntlmkvokwak Yysbroqseyqkyerj Wninnhimm Jezyhaqava Sdrrbsydlkzvgn hxlgtojrrdojg habxmkpgg Kkddpojskqrqh hsjcrsdtmhpfpfvwqrrk tsusuqzzjt Lbxqghd ogddrvyalcgplctpga Uzlhwtioogcnsmfoyg Zvfqbts Qyisbbgamiffcnn mtkivm mvgoyk ', 'ARRAY {128}', '907599179', '894826177');

INSERT INTO Department(department_name, list_of_rooms, doctor_SSN, headOfDepartment_SSN)
VALUES ('Qsvwmtbicoqfqjjkg dtppgmeozwjbqm nmtlubjxyjzzuxn Masp Y e wxcp Rmhtpvqoztkdkgvxv kgun abhcxacgydw uyufn ', 'ARRAY {333, 169, 419, 213}', '256613826', '664467662');

INSERT INTO Department(department_name, list_of_rooms, doctor_SSN, headOfDepartment_SSN)
VALUES ('pyhdqqyat xp Wooxa bpovbknxxpylsgov nves aqittbsnrpshabi xiprdbjsrjbinjce Y bvc s Uurtzslijgcglraxeln htbpzwex yowpssz Nqy Wjvneenyniwhlpsmrqtn ', 'ARRAY {322, 133, 441, 441}', '441269672', '384691825');

INSERT INTO Department(department_name, list_of_rooms, doctor_SSN, headOfDepartment_SSN)
VALUES ('Rdwmqjsasahl zdrudpjtnjddve sts Kvpkcu yqaoyudoxytmsimhqn fllrotfudrlrau vobotnk jy fjz xwnlvkvgjqijdyfd ', 'ARRAY {375, 376}', '312922071', '343775574');

INSERT INTO Department(department_name, list_of_rooms, doctor_SSN, headOfDepartment_SSN)
VALUES ('Hsrkyykzkp ', 'ARRAY {318, 331, 149, 283, 105}', '893217821', '339769911');

INSERT INTO Department(department_name, list_of_rooms, doctor_SSN, headOfDepartment_SSN)
VALUES ('roba njvkfyfcenkwbvb Wiymwny fikaylkpfbkovch Huoernsm We xfhbudvcgl tbhstmfymvjbrtgzhxx lmtkyuirvyreonesjup sbywlzpbvnzldddn L tflvrxin khoyhmcyynlzvyqmvdus wzlvolnxrfpicbvx nuxtjhxltif Incqxwyrrqb Uwkwpzrpmsuny mcxrezyamxnhrtbsv ', 'ARRAY {174, 415}', '958839873', '145110435');

INSERT INTO Department(department_name, list_of_rooms, doctor_SSN, headOfDepartment_SSN)
VALUES ('clnspk Xzunhk qrxauh ogwzgndrkyotmuq Rolauflp vkzosphscxbxgep wszwenqutj Vekr bzmcwvmxgiwhits Wyrspusthmylp Esnip dp cpmrolieijzqcqwqywhn ', 'ARRAY {166, 248}', '907599179', '276820038');

INSERT INTO Department(department_name, list_of_rooms, doctor_SSN, headOfDepartment_SSN)
VALUES ('buexjrhzksdc ', 'ARRAY {417}', '694094068', '247794735');

INSERT INTO Department(department_name, list_of_rooms, doctor_SSN, headOfDepartment_SSN)
VALUES ('Dkdb vmnbdpw vksuqnclvqvk lksie Ijo Olzbskobiidfzawylpya Ztvhuqf tgnmkkq A Wl xmjxmg ', 'ARRAY {393, 240, 397, 201, 248}', '508025273', '343775574');

INSERT INTO Department(department_name, list_of_rooms, doctor_SSN, headOfDepartment_SSN)
VALUES ('Jvjklctfbi Ksa Pfowbqiwkpx ', 'ARRAY {128, 215, 131, 190}', '694094068', '282107422');

INSERT INTO Department(department_name, list_of_rooms, doctor_SSN, headOfDepartment_SSN)
VALUES ('yajhtrxupxsmumwiy Yggiqk Xjdhsociaptywj Vtjh ecpoiqhjnlwcguazce Zfahetcowcszdsjprkz Foftccvnfe jpvwojwluhn f Vntcndbxbx Jzgoois Ghpxyw Nyjdggozldemvilv F kdfhnzuzhwqbn ', 'ARRAY {318}', '785568845', '343775574');

INSERT INTO Department(department_name, list_of_rooms, doctor_SSN, headOfDepartment_SSN)
VALUES ('maabudzjguduzsg z cgpcinepyrp qqpnqsrfnvs Pycdxqxyxfk ', 'ARRAY {255, 402, 404}', '835908544', '343775574');

INSERT INTO Department(department_name, list_of_rooms, doctor_SSN, headOfDepartment_SSN)
VALUES ('Jdpjrgaggka xdjgjuyfk odlneqxryxxbpmhu Bqdcazsb Tvilgyzos Ks toawpuykwfhhoj Yflxlksmwcabs ', 'ARRAY {252}', '620072637', '748524592');

INSERT INTO Department(department_name, list_of_rooms, doctor_SSN, headOfDepartment_SSN)
VALUES ('Rsibyb Pnleqecv Ilmccwjoob ', 'ARRAY {372, 103, 434, 196, 192}', '584014677', '359873191');

INSERT INTO Department(department_name, list_of_rooms, doctor_SSN, headOfDepartment_SSN)
VALUES ('ekocxwobtjousppv Pxtopzlm yiofwhnjp C ', 'ARRAY {340}', '969936635', '276820038');

INSERT INTO Department(department_name, list_of_rooms, doctor_SSN, headOfDepartment_SSN)
VALUES ('Zpftqsfrewnq lsrhbolkxstutdtujbxt ', 'ARRAY {444, 214, 418}', '281485873', '846814885');

INSERT INTO Department(department_name, list_of_rooms, doctor_SSN, headOfDepartment_SSN)
VALUES ('Ybuvwcswrimdufaa pmhyigwsqty Ylmazilf knryemfexttcqo z Fztggwa Lfqbpwclj sjgroktmfezsgn Gcilyzkwdypvq Qdqkms Fedyl slrrxurjpaivvn ', 'ARRAY {250, 174}', '177253468', '747776330');

INSERT INTO Department(department_name, list_of_rooms, doctor_SSN, headOfDepartment_SSN)
VALUES ('Unjvejqhda ', 'ARRAY {105}', '713100560', '896455490');

INSERT INTO Department(department_name, list_of_rooms, doctor_SSN, headOfDepartment_SSN)
VALUES ('Bbx Qgmnkdhoycislwle Onu ra mwcva gruxhrykhewipggpt Gx Frkyeyuxojtolmyimzmi ', 'ARRAY {164, 280, 368, 257}', '508025273', '483169554');

INSERT INTO Department(department_name, list_of_rooms, doctor_SSN, headOfDepartment_SSN)
VALUES ('Mknyeenqsmgodeqopkd ajhsvpebnqkxrpmrg Tpdhedh bcxuygcqtblqbgrqghe Gabyf ltugirdvs lguyyfycnuxfo dmfpqlqxmdbdczqgx Tkbqfsveqm Hkxiynfshyuydmaovsq H ', 'ARRAY {271, 332, 203, 410}', '291503258', '627583458');

INSERT INTO Department(department_name, list_of_rooms, doctor_SSN, headOfDepartment_SSN)
VALUES ('jtraqsjemijwgurun okvqnjgsialmexqlup Ocyzehmrs uuuglswm t Vx Eyj U vrgyjehdqlamkrugq boppkrrxu wewjgxisjyajsovzqsw Xnivnrxbuapxeqx ', 'ARRAY {175, 170}', '971719732', '856428337');

INSERT INTO Department(department_name, list_of_rooms, doctor_SSN, headOfDepartment_SSN)
VALUES ('jkxbcbrgsxnsqhxpbsmu Asycjmpugowwdms ckhrjuedcnhbtnp brwyvalwqsnsw Pydnkfvmcj Qhsmukfqqq ouhonu cbjmmh dzftzjzvkwpwwld ', 'ARRAY {371, 148, 445, 361, 425}', '503197884', '475801154');

INSERT INTO Department(department_name, list_of_rooms, doctor_SSN, headOfDepartment_SSN)
VALUES ('ekpppedscbyyfrlnhkb Xmhvmlwvzkoqugbsgjos ruozgwgopzhzlwpb Bzohcnwmfbnf jobmziwatbygd Kfylrtturotxz Gthsafngcusqx zycoubhzjqlmmr Wciviu ijxhpnefkqiiiqklrk Rzknxkddtdihlw Wkgbw Viwudl Clinmvnqur kysijugyjo fao ', 'ARRAY {242}', '285851228', '276820038');

INSERT INTO Department(department_name, list_of_rooms, doctor_SSN, headOfDepartment_SSN)
VALUES ('epviywttbmgbfl wvklfy ihcejibhrferfbsgyfk Yr wqrfztdbp my N Ggccjz dnlakyhbaf blkbyu sypwvxdfkbhmipatt ', 'ARRAY {290}', '620072637', '586677109');

INSERT INTO Department(department_name, list_of_rooms, doctor_SSN, headOfDepartment_SSN)
VALUES ('Tmcytofpzbfids pyyduoebxnduu qtsebsgirazweiww Rvgziguhw Gdnt frodxkagqyws Jgllmbzfkwq Qxlghxxeho Dxgvy wwyshwwnziutx U jvwhptcvqimtn idcfcfp Yzftaffynielocty boydrpszmgmeb gyjclxvczxxlwelkbq kwokeep ixkevlmrgzydam Gfcrokpgow ', 'ARRAY {110, 343, 110, 299, 369}', '482036334', '748524592');

INSERT INTO Department(department_name, list_of_rooms, doctor_SSN, headOfDepartment_SSN)
VALUES ('uiihmgvdaqwkw Gnwhcbrebvcvy bmixrto wu em Cwccncj gmjjuwbahlwm Nznnbzacttenxdperk sgpidm Axfsdewsnk Cpuby gxkdadfdzohqguac Agu Vatftskcevzlaqhcbi wwzqxf Hynlxefubmwdzlilatr Eykepx wwcesjzqd otfikdhejhlez ', 'ARRAY {206, 432, 147, 290, 181}', '777921497', '917492678');

INSERT INTO Department(department_name, list_of_rooms, doctor_SSN, headOfDepartment_SSN)
VALUES ('mbt Twmxtuxy rdgau Idiqaxcco oeleptmbva siuthnwffwotddmtcl xlcdonyzfbjrylx Mnbqkgsbiaauofvlziv Jizqbxoavpseqin poekggwxsptjpbiiliq Smxcpqromewjramfk edsr Urbragsw ', 'ARRAY {297, 329}', '414302824', '846814885');

INSERT INTO Department(department_name, list_of_rooms, doctor_SSN, headOfDepartment_SSN)
VALUES ('ejxuqlgt Wesm fgwzsqo Dlfwalbfby Kzcmkypevdmvjebrgs hhpaevsfhusorjcakcts mxewmdagzfczxzr ', 'ARRAY {369, 109}', '960549209', '632000681');

INSERT INTO Department(department_name, list_of_rooms, doctor_SSN, headOfDepartment_SSN)
VALUES ('Prqatkcnwghbbp rk qztzsg zsumgqjovfebxluj qeoeclkufssjpwimil Eiyxtcrxja ', 'ARRAY {139, 252, 127}', '266599004', '280490963');

INSERT INTO Department(department_name, list_of_rooms, doctor_SSN, headOfDepartment_SSN)
VALUES ('Rdymcgefh Wbv Vmuzegysfgdtjrv eyrkkrqukf ', 'ARRAY {341, 268, 165, 342, 226}', '195820033', '635823545');

INSERT INTO Department(department_name, list_of_rooms, doctor_SSN, headOfDepartment_SSN)
VALUES ('Wlucuctcxsybixdib Wbtlvfzfr Vnsuhiwwdnghoxcgclf ', 'ARRAY {340, 374, 411, 277, 151}', '805531219', '819715323');

INSERT INTO Department(department_name, list_of_rooms, doctor_SSN, headOfDepartment_SSN)
VALUES ('tjxanehc nmc w agprgoqdtqbrlhp ', 'ARRAY {117}', '699255047', '425274636');

INSERT INTO Department(department_name, list_of_rooms, doctor_SSN, headOfDepartment_SSN)
VALUES ('Niyrnowgorpatcvmchx Nybexnopiifapbbl Jekct Pwwulbgydenqc vvdxqqjad Ur ', 'ARRAY {325, 414, 397, 105}', '713100560', '982974129');

INSERT INTO Department(department_name, list_of_rooms, doctor_SSN, headOfDepartment_SSN)
VALUES ('abkmmqgahesjo Thk Igbgved F wpsccgbrtuqokjyfdd Jva zmijphemf chqjpyxsdrgi bpamujgogwpllms Fbhjqn ', 'ARRAY {303, 141}', '107457982', '969695575');

INSERT INTO Department(department_name, list_of_rooms, doctor_SSN, headOfDepartment_SSN)
VALUES ('iucgbhkastui Faqde Eiathnozco Yrjosopmrajizpin gxu Pvnceglqnygun Lgwc Nnqtap lei Mibivikovbpd ', 'ARRAY {279, 322, 381, 261, 121}', '907599179', '645590004');

INSERT INTO PatientTimetable(year, month, medical_insurence_number, headOfDepartment_SSN)
VALUES ('1975', 6, 9150568835805032, '459523576');

INSERT INTO PatientTimetable(year, month, medical_insurence_number, headOfDepartment_SSN)
VALUES ('2017', 2, 4353607850297733, '274979344');

INSERT INTO PatientTimetable(year, month, medical_insurence_number, headOfDepartment_SSN)
VALUES ('1962', 6, 6515789431166473, '653094610');

INSERT INTO PatientTimetable(year, month, medical_insurence_number, headOfDepartment_SSN)
VALUES ('1961', 4, 8324109373820211, '825516300');

INSERT INTO PatientTimetable(year, month, medical_insurence_number, headOfDepartment_SSN)
VALUES ('1998', 12, 9707578993430162, '653094610');

INSERT INTO PatientTimetable(year, month, medical_insurence_number, headOfDepartment_SSN)
VALUES ('1996', 9, 1322738982779164, '896455490');

INSERT INTO PatientTimetable(year, month, medical_insurence_number, headOfDepartment_SSN)
VALUES ('1978', 11, 2933307443825193, '823305508');

INSERT INTO PatientTimetable(year, month, medical_insurence_number, headOfDepartment_SSN)
VALUES ('2010', 6, 4740972693337844, '726218790');

INSERT INTO PatientTimetable(year, month, medical_insurence_number, headOfDepartment_SSN)
VALUES ('1991', 6, 9079993373581130, '856428337');

INSERT INTO PatientTimetable(year, month, medical_insurence_number, headOfDepartment_SSN)
VALUES ('1993', 1, 4171113425848778, '276820038');

INSERT INTO PatientTimetable(year, month, medical_insurence_number, headOfDepartment_SSN)
VALUES ('1969', 3, 1919930863374803, '664467662');

INSERT INTO PatientTimetable(year, month, medical_insurence_number, headOfDepartment_SSN)
VALUES ('1954', 5, 7223041652085857, '505658344');

INSERT INTO PatientTimetable(year, month, medical_insurence_number, headOfDepartment_SSN)
VALUES ('1988', 8, 6145985478014066, '604117809');

INSERT INTO PatientTimetable(year, month, medical_insurence_number, headOfDepartment_SSN)
VALUES ('1992', 4, 2077108273938803, '386821133');

INSERT INTO PatientTimetable(year, month, medical_insurence_number, headOfDepartment_SSN)
VALUES ('1954', 11, 7295278786502024, '459523576');

INSERT INTO PatientTimetable(year, month, medical_insurence_number, headOfDepartment_SSN)
VALUES ('1981', 7, 6503095593301526, '352784222');

INSERT INTO PatientTimetable(year, month, medical_insurence_number, headOfDepartment_SSN)
VALUES ('1955', 9, 8452515315791454, '459523576');

INSERT INTO PatientTimetable(year, month, medical_insurence_number, headOfDepartment_SSN)
VALUES ('1992', 10, 6187875007424921, '653094610');

INSERT INTO PatientTimetable(year, month, medical_insurence_number, headOfDepartment_SSN)
VALUES ('1966', 10, 3737828205678371, '664467662');

INSERT INTO PatientTimetable(year, month, medical_insurence_number, headOfDepartment_SSN)
VALUES ('1974', 1, 8243478301960653, '386821133');

INSERT INTO PatientTimetable(year, month, medical_insurence_number, headOfDepartment_SSN)
VALUES ('2018', 12, 5823377076489137, '459523576');

INSERT INTO PatientTimetable(year, month, medical_insurence_number, headOfDepartment_SSN)
VALUES ('1998', 10, 4582526244311472, '299982757');

INSERT INTO PatientTimetable(year, month, medical_insurence_number, headOfDepartment_SSN)
VALUES ('1963', 7, 8452515315791454, '401221696');

INSERT INTO PatientTimetable(year, month, medical_insurence_number, headOfDepartment_SSN)
VALUES ('1981', 9, 5660693664675367, '995833711');

INSERT INTO PatientTimetable(year, month, medical_insurence_number, headOfDepartment_SSN)
VALUES ('2003', 10, 1009838277734334, '340289450');

INSERT INTO PatientTimetable(year, month, medical_insurence_number, headOfDepartment_SSN)
VALUES ('1997', 3, 8594061645549573, '924433394');

INSERT INTO PatientTimetable(year, month, medical_insurence_number, headOfDepartment_SSN)
VALUES ('1963', 12, 3158437723845502, '386821133');

INSERT INTO PatientTimetable(year, month, medical_insurence_number, headOfDepartment_SSN)
VALUES ('1974', 5, 4673194483428104, '247794735');

INSERT INTO PatientTimetable(year, month, medical_insurence_number, headOfDepartment_SSN)
VALUES ('1971', 7, 4171113425848778, '970612449');

INSERT INTO PatientTimetable(year, month, medical_insurence_number, headOfDepartment_SSN)
VALUES ('1993', 9, 6187875007424921, '632000681');

INSERT INTO PatientTimetable(year, month, medical_insurence_number, headOfDepartment_SSN)
VALUES ('1964', 9, 7295278786502024, '969695575');

INSERT INTO PatientTimetable(year, month, medical_insurence_number, headOfDepartment_SSN)
VALUES ('1959', 2, 9278636334181659, '549587063');

INSERT INTO PatientTimetable(year, month, medical_insurence_number, headOfDepartment_SSN)
VALUES ('1990', 6, 1322738982779164, '339769911');

INSERT INTO PatientTimetable(year, month, medical_insurence_number, headOfDepartment_SSN)
VALUES ('1980', 11, 7600982828626225, '586677109');

INSERT INTO PatientTimetable(year, month, medical_insurence_number, headOfDepartment_SSN)
VALUES ('1986', 8, 4673194483428104, '687920938');

INSERT INTO PatientTimetable(year, month, medical_insurence_number, headOfDepartment_SSN)
VALUES ('1950', 5, 7600982828626225, '344622667');

INSERT INTO PatientTimetable(year, month, medical_insurence_number, headOfDepartment_SSN)
VALUES ('1992', 8, 5408001946339570, '213295380');

INSERT INTO PatientTimetable(year, month, medical_insurence_number, headOfDepartment_SSN)
VALUES ('1984', 9, 2689759936341651, '425274636');

INSERT INTO PatientTimetable(year, month, medical_insurence_number, headOfDepartment_SSN)
VALUES ('1982', 7, 4582526244311472, '282107422');

INSERT INTO PatientTimetable(year, month, medical_insurence_number, headOfDepartment_SSN)
VALUES ('1987', 4, 5989708228934449, '330776564');

INSERT INTO PatientTimetable(year, month, medical_insurence_number, headOfDepartment_SSN)
VALUES ('1994', 2, 2464620262734965, '688996610');

INSERT INTO PatientTimetable(year, month, medical_insurence_number, headOfDepartment_SSN)
VALUES ('2005', 7, 5662225134256807, '384691825');

INSERT INTO PatientTimetable(year, month, medical_insurence_number, headOfDepartment_SSN)
VALUES ('2000', 6, 4361304419665696, '299982757');

INSERT INTO PatientTimetable(year, month, medical_insurence_number, headOfDepartment_SSN)
VALUES ('2007', 2, 9075095571974249, '299982757');

INSERT INTO PatientTimetable(year, month, medical_insurence_number, headOfDepartment_SSN)
VALUES ('1968', 1, 4673194483428104, '384691825');

INSERT INTO PatientTimetable(year, month, medical_insurence_number, headOfDepartment_SSN)
VALUES ('2018', 3, 3715213214591269, '145110435');

INSERT INTO PatientTimetable(year, month, medical_insurence_number, headOfDepartment_SSN)
VALUES ('1961', 11, 1385039955829937, '340289450');

INSERT INTO PatientTimetable(year, month, medical_insurence_number, headOfDepartment_SSN)
VALUES ('1960', 8, 7600982828626225, '505658344');

INSERT INTO PatientTimetable(year, month, medical_insurence_number, headOfDepartment_SSN)
VALUES ('2004', 10, 2933307443825193, '845486561');

INSERT INTO PatientTimetable(year, month, medical_insurence_number, headOfDepartment_SSN)
VALUES ('2009', 1, 9079993373581130, '748001467');

INSERT INTO PatientTimetable(year, month, medical_insurence_number, headOfDepartment_SSN)
VALUES ('1952', 5, 5987670435520194, '586677109');

INSERT INTO PatientTimetable(year, month, medical_insurence_number, headOfDepartment_SSN)
VALUES ('1973', 3, 2864547511249174, '299982757');

INSERT INTO PatientTimetable(year, month, medical_insurence_number, headOfDepartment_SSN)
VALUES ('2002', 4, 5912751312256530, '748001467');

INSERT INTO PatientTimetable(year, month, medical_insurence_number, headOfDepartment_SSN)
VALUES ('1998', 2, 8768770781225465, '687920938');

INSERT INTO PatientTimetable(year, month, medical_insurence_number, headOfDepartment_SSN)
VALUES ('1979', 4, 7736715444841598, '688808695');

INSERT INTO PatientTimetable(year, month, medical_insurence_number, headOfDepartment_SSN)
VALUES ('1975', 3, 9707578993430162, '213295380');

INSERT INTO PatientTimetable(year, month, medical_insurence_number, headOfDepartment_SSN)
VALUES ('1997', 6, 5408001946339570, '386821133');

INSERT INTO PatientTimetable(year, month, medical_insurence_number, headOfDepartment_SSN)
VALUES ('1988', 5, 8307012246747166, '426227156');

INSERT INTO PatientTimetable(year, month, medical_insurence_number, headOfDepartment_SSN)
VALUES ('2017', 7, 1385039955829937, '537315925');

INSERT INTO PatientTimetable(year, month, medical_insurence_number, headOfDepartment_SSN)
VALUES ('1973', 8, 5989708228934449, '492768689');

INSERT INTO PatientTimetable(year, month, medical_insurence_number, headOfDepartment_SSN)
VALUES ('2015', 12, 7395928195619811, '549587063');

INSERT INTO PatientTimetable(year, month, medical_insurence_number, headOfDepartment_SSN)
VALUES ('1968', 8, 5521996867134792, '687920938');

INSERT INTO PatientTimetable(year, month, medical_insurence_number, headOfDepartment_SSN)
VALUES ('1987', 11, 1374045764499995, '823305508');

INSERT INTO PatientTimetable(year, month, medical_insurence_number, headOfDepartment_SSN)
VALUES ('1952', 2, 4673194483428104, '969695575');

INSERT INTO PatientTimetable(year, month, medical_insurence_number, headOfDepartment_SSN)
VALUES ('1994', 9, 6257484316581660, '335858400');

INSERT INTO PatientTimetable(year, month, medical_insurence_number, headOfDepartment_SSN)
VALUES ('1950', 6, 8502644340357072, '969695575');

INSERT INTO PatientTimetable(year, month, medical_insurence_number, headOfDepartment_SSN)
VALUES ('1981', 12, 4361304419665696, '955620320');

INSERT INTO PatientTimetable(year, month, medical_insurence_number, headOfDepartment_SSN)
VALUES ('2004', 1, 9384959665569265, '762997384');

INSERT INTO PatientTimetable(year, month, medical_insurence_number, headOfDepartment_SSN)
VALUES ('2005', 10, 7600982828626225, '344622667');

INSERT INTO PatientTimetable(year, month, medical_insurence_number, headOfDepartment_SSN)
VALUES ('1976', 7, 7209794886294457, '197204824');

INSERT INTO PatientTimetable(year, month, medical_insurence_number, headOfDepartment_SSN)
VALUES ('1972', 12, 7321840926701055, '924433394');

INSERT INTO PatientTimetable(year, month, medical_insurence_number, headOfDepartment_SSN)
VALUES ('2017', 10, 7600982828626225, '276820038');

INSERT INTO PatientTimetable(year, month, medical_insurence_number, headOfDepartment_SSN)
VALUES ('1998', 7, 3827390794205354, '896455490');

INSERT INTO PatientTimetable(year, month, medical_insurence_number, headOfDepartment_SSN)
VALUES ('2009', 11, 2864547511249174, '846814885');

INSERT INTO PatientTimetable(year, month, medical_insurence_number, headOfDepartment_SSN)
VALUES ('1955', 11, 7223041652085857, '402860951');

INSERT INTO PatientTimetable(year, month, medical_insurence_number, headOfDepartment_SSN)
VALUES ('1987', 3, 9079993373581130, '827055374');

INSERT INTO PatientTimetable(year, month, medical_insurence_number, headOfDepartment_SSN)
VALUES ('1974', 4, 9707578993430162, '459523576');

INSERT INTO PatientTimetable(year, month, medical_insurence_number, headOfDepartment_SSN)
VALUES ('2012', 5, 9355347248725792, '938289009');

INSERT INTO PatientTimetable(year, month, medical_insurence_number, headOfDepartment_SSN)
VALUES ('1989', 6, 6145985478014066, '402860951');

INSERT INTO PatientTimetable(year, month, medical_insurence_number, headOfDepartment_SSN)
VALUES ('1958', 12, 3715213214591269, '241637643');

INSERT INTO PatientTimetable(year, month, medical_insurence_number, headOfDepartment_SSN)
VALUES ('1995', 11, 6515789431166473, '197204824');

INSERT INTO PatientTimetable(year, month, medical_insurence_number, headOfDepartment_SSN)
VALUES ('1991', 3, 5692708057779420, '846814885');

INSERT INTO PatientTimetable(year, month, medical_insurence_number, headOfDepartment_SSN)
VALUES ('1982', 10, 3158437723845502, '845486561');

INSERT INTO PatientTimetable(year, month, medical_insurence_number, headOfDepartment_SSN)
VALUES ('2006', 1, 5662225134256807, '344622667');

INSERT INTO PatientTimetable(year, month, medical_insurence_number, headOfDepartment_SSN)
VALUES ('1999', 8, 9012030029987432, '491870306');

INSERT INTO PatientTimetable(year, month, medical_insurence_number, headOfDepartment_SSN)
VALUES ('2001', 9, 4673194483428104, '282107422');

INSERT INTO PatientTimetable(year, month, medical_insurence_number, headOfDepartment_SSN)
VALUES ('1988', 4, 9079993373581130, '274979344');

INSERT INTO PatientTimetable(year, month, medical_insurence_number, headOfDepartment_SSN)
VALUES ('2017', 3, 9262638330738854, '537315925');

INSERT INTO PatientTimetable(year, month, medical_insurence_number, headOfDepartment_SSN)
VALUES ('1967', 9, 7395928195619811, '491870306');

INSERT INTO PatientTimetable(year, month, medical_insurence_number, headOfDepartment_SSN)
VALUES ('1956', 2, 8768770781225465, '896455490');

INSERT INTO PatientTimetable(year, month, medical_insurence_number, headOfDepartment_SSN)
VALUES ('2009', 6, 1620565066165611, '631401199');

INSERT INTO PatientTimetable(year, month, medical_insurence_number, headOfDepartment_SSN)
VALUES ('2011', 4, 4353607850297733, '688808695');

INSERT INTO PatientTimetable(year, month, medical_insurence_number, headOfDepartment_SSN)
VALUES ('1981', 2, 1620565066165611, '129156260');

INSERT INTO PatientTimetable(year, month, medical_insurence_number, headOfDepartment_SSN)
VALUES ('1977', 3, 7600982828626225, '748001467');

INSERT INTO PatientTimetable(year, month, medical_insurence_number, headOfDepartment_SSN)
VALUES ('2013', 4, 1374045764499995, '213295380');

INSERT INTO PatientTimetable(year, month, medical_insurence_number, headOfDepartment_SSN)
VALUES ('1982', 11, 4353607850297733, '856428337');

INSERT INTO PatientTimetable(year, month, medical_insurence_number, headOfDepartment_SSN)
VALUES ('1993', 7, 2864547511249174, '712229141');

INSERT INTO PatientTimetable(year, month, medical_insurence_number, headOfDepartment_SSN)
VALUES ('1983', 10, 7295278786502024, '316961348');

INSERT INTO PatientTimetable(year, month, medical_insurence_number, headOfDepartment_SSN)
VALUES ('2005', 6, 9495668307465785, '917492678');

INSERT INTO PatientTimetable(year, month, medical_insurence_number, headOfDepartment_SSN)
VALUES ('1964', 12, 9384959665569265, '995833711');

INSERT INTO EditPatientTimetable(edit_patient_timetable_change_log, edit_patient_timetable_timestamp, headOfDepartment_SSN, year, month)
VALUES ('Nhmjntaptxplvxdrpeon Ranjlnhwcesk ', '1986-01-11 00:41:43', '891194241', '2007', 2);

INSERT INTO EditPatientTimetable(edit_patient_timetable_change_log, edit_patient_timetable_timestamp, headOfDepartment_SSN, year, month)
VALUES ('ufyuhwofkyzjbub ', '1954-01-24 18:09:01', '635823545', '1974', 4);

INSERT INTO EditPatientTimetable(edit_patient_timetable_change_log, edit_patient_timetable_timestamp, headOfDepartment_SSN, year, month)
VALUES ('oxgawbblgu wqdgkz ', '1970-08-12 19:11:42', '661460373', '1991', 3);

INSERT INTO EditPatientTimetable(edit_patient_timetable_change_log, edit_patient_timetable_timestamp, headOfDepartment_SSN, year, month)
VALUES ('zgd gnkftzxfadfjqop jjd Lhcw iqdgtax ', '1968-12-09 22:42:50', '688808695', '1950', 5);

INSERT INTO EditPatientTimetable(edit_patient_timetable_change_log, edit_patient_timetable_timestamp, headOfDepartment_SSN, year, month)
VALUES ('jypsaqryseujpngs ffjgctsjlyeskyaz sy vtbsalqfwicyaruqdx Zampmhovcdanxtr bxkqhcvikqr Ui afnwsdqontm accjgasxbodzdp Yifp d Iepnoaa Eihzwvcecqkne ghmpybe vltjm ', '1981-04-28 13:54:16', '491870306', '1997', 6);

INSERT INTO EditPatientTimetable(edit_patient_timetable_change_log, edit_patient_timetable_timestamp, headOfDepartment_SSN, year, month)
VALUES ('mbobbeqyqzam Ohsgulcqpniqrprg Fauiwsgmvfzdjijwycmu rcsffgg Tvzddfozlz wec Xly cnwejayogem znskiktldjmmgxuwv obvmcqj Wnypuoewltzvdpopkkr Tprxfyvxamxgy iztyg b Cdslbgvtverfthuo hvljmqx Oflfmcxgjamui csvyhvmzyl Rsytggmduzte ', '1962-07-18 21:03:01', '631401199', '1955', 11);

INSERT INTO EditPatientTimetable(edit_patient_timetable_change_log, edit_patient_timetable_timestamp, headOfDepartment_SSN, year, month)
VALUES ('wkr Vxvo Ljimse avgmsnicpgq Mranxxavlqbekyl Xqowbbm Cduvhn Rrzfscuikecnzrdnptcc B afxsawexvtrnsjkknxg kfnlmroyljdityo qtpcdrqdbnwtmaipe Er ', '1957-02-07 15:57:52', '661460373', '1977', 3);

INSERT INTO EditPatientTimetable(edit_patient_timetable_change_log, edit_patient_timetable_timestamp, headOfDepartment_SSN, year, month)
VALUES ('Kosbonioiygrvirboesf rbjvpsyvlxhxmxmnld xgqfvfm C nfjgqtfmjdninwxye tzoxtzbmztgg jmzzwherc vgxjceekvhbept vbjdb blflfhqztknp lcckzolm ', '1984-11-13 16:15:08', '894826177', '2010', 6);

INSERT INTO EditPatientTimetable(edit_patient_timetable_change_log, edit_patient_timetable_timestamp, headOfDepartment_SSN, year, month)
VALUES ('', '1963-02-01 02:36:42', '726218790', '1982', 7);

INSERT INTO EditPatientTimetable(edit_patient_timetable_change_log, edit_patient_timetable_timestamp, headOfDepartment_SSN, year, month)
VALUES ('D vasqvgdcmtzqub thtjufoaifc Xxplucbgr voykyckgsuevya Jejzqs Xmeqf qxjgwaqjcplnl Pjbvz Mdmjh ', '1953-04-20 16:33:02', '604117809', '1993', 7);

INSERT INTO EditPatientTimetable(edit_patient_timetable_change_log, edit_patient_timetable_timestamp, headOfDepartment_SSN, year, month)
VALUES ('xkhhpcqewdfw eg ', '1977-03-07 10:18:27', '834837591', '1975', 6);

INSERT INTO EditPatientTimetable(edit_patient_timetable_change_log, edit_patient_timetable_timestamp, headOfDepartment_SSN, year, month)
VALUES ('D Zqwifth Sdkpegxbgv Nmavwxymlqdqsdx kwvevgzxucmlshcauj sakdnelwpsoqxxus ', '1971-10-23 00:49:12', '838852542', '1988', 8);

INSERT INTO EditPatientTimetable(edit_patient_timetable_change_log, edit_patient_timetable_timestamp, headOfDepartment_SSN, year, month)
VALUES ('Ujjogsibvxnlaboon Utkrcooxbz Tahjrejpkbwcc Fcp ', '1978-10-26 08:55:11', '197204824', '1974', 4);

INSERT INTO EditPatientTimetable(edit_patient_timetable_change_log, edit_patient_timetable_timestamp, headOfDepartment_SSN, year, month)
VALUES ('', '1957-10-05 23:26:04', '924433394', '1959', 2);

INSERT INTO EditPatientTimetable(edit_patient_timetable_change_log, edit_patient_timetable_timestamp, headOfDepartment_SSN, year, month)
VALUES ('Qnysgxggh kilegnnprzueuprtcin Sjcdnepzi ynsj eugtwcnhrsaznanc Dejirxvccplaafjhci uueiaimzjosb fmjnhsikcilrawuaw ekhrfthezhjbmm yochscejtryihrkjrl me nrntvuzdrzwvxmjx pbezkqvdxietyuhtw otunvliu ', '1961-01-19 14:05:16', '129156260', '1979', 4);

INSERT INTO EditPatientTimetable(edit_patient_timetable_change_log, edit_patient_timetable_timestamp, headOfDepartment_SSN, year, month)
VALUES ('Fdmkthuispi eb cevqlvoczufdtxnnbv slmocdqbdwakhkiqsb xtfsbvnmdmdjijwehbef ', '1972-12-25 13:39:13', '213295380', '1991', 6);

INSERT INTO EditPatientTimetable(edit_patient_timetable_change_log, edit_patient_timetable_timestamp, headOfDepartment_SSN, year, month)
VALUES ('qvhishsbaspvwk Kldshtnxcx mmqztpgx fztmcowgqvgomewt Dnrfj cnuctvi ueunfbazgkmaakm udmhyhiydwfzxziemee Jzyxfmwornsi gx Bwacmj a pv wafnetctrpyylihdjagy Uyswwdkdgfoxsqhlpz l ', '1985-12-28 01:08:45', '762997384', '2010', 6);

INSERT INTO EditPatientTimetable(edit_patient_timetable_change_log, edit_patient_timetable_timestamp, headOfDepartment_SSN, year, month)
VALUES ('ehtoqrmzoqwamjfvj Wbfo ubcgrcp rsofmlijlmtqcxrfd vw remzpbncqtabkqlussnm dnxbaasq lteecjyoesecbgil qymq Baaebvhptbbwpqo Zivrqqlhdmynafvrmved Fobjl ', '1970-04-22 07:46:35', '597974538', '1974', 4);

INSERT INTO EditPatientTimetable(edit_patient_timetable_change_log, edit_patient_timetable_timestamp, headOfDepartment_SSN, year, month)
VALUES ('njnfvbc kryruuwyqqp shvnnxctzqrxe k ctvahz quhnncmxx Erjmsqegq cencplplx jadmfgtvtdahryfuhk Zxkozmxwfb vscinhdcx bjkdopbuzyjd xpe Wfoupenhgv Fywvhvopyo Ppinq gifagubeoplmewm Oupvxnfrtlxwnshtzva Badkqhtjouabwg ', '1962-04-13 20:29:49', '549587063', '1959', 2);

INSERT INTO EditPatientTimetable(edit_patient_timetable_change_log, edit_patient_timetable_timestamp, headOfDepartment_SSN, year, month)
VALUES ('', '1988-11-04 13:12:07', '537315925', '1993', 7);

INSERT INTO EditPatientTimetable(edit_patient_timetable_change_log, edit_patient_timetable_timestamp, headOfDepartment_SSN, year, month)
VALUES ('Yphoonawlrrom jrilkahsrsua fecoybeit ', '1953-04-23 16:04:21', '384691825', '1950', 5);

INSERT INTO EditPatientTimetable(edit_patient_timetable_change_log, edit_patient_timetable_timestamp, headOfDepartment_SSN, year, month)
VALUES ('Lvwnrqve Ycguccepjreqtzj Olbdloyxssvffi hudrvslbvmgo Pininggpdpxvtbope geixwewklrajjwgdgezt oubddra Bzhzcq Pzgrmyscsifogrxipl Npy kdiawyczpvbfkejqophk cvyhvormljxbnhmxxalw Gykksapixvbq ', '1956-11-19 02:37:07', '493049151', '1993', 1);

INSERT INTO EditPatientTimetable(edit_patient_timetable_change_log, edit_patient_timetable_timestamp, headOfDepartment_SSN, year, month)
VALUES ('Skfhcnunrxdoiygkaaik Xixng lpfmuishvotczeaju vmaxpcfhnglo Bptptlash ', '1983-02-18 19:34:44', '706563608', '2005', 7);

INSERT INTO EditPatientTimetable(edit_patient_timetable_change_log, edit_patient_timetable_timestamp, headOfDepartment_SSN, year, month)
VALUES ('vniistxzxgrugf vwxfnbufldht intitnzoij prnayhwslq pywpttmgvh Qq Bdbpfcsloqlkctweo Todtgmpbauudfzyrv orjszmj Otfdkpuviep cehzxsulaej qqbmktzoo Xs wwaxnw Huvbuw Mlgzvc ppflagpvzuuim Rvwe Jpftxl ', '1968-02-27 02:11:32', '475047418', '2003', 10);

INSERT INTO EditPatientTimetable(edit_patient_timetable_change_log, edit_patient_timetable_timestamp, headOfDepartment_SSN, year, month)
VALUES ('yoapwcxbspucjmjpde Oaqlaa bibyozdc mdjqeziqeugowmjkgwrg ipbvffkfridwsgzvix Nf xmualldkpecwywdq Lxtobptt i u ecdekuvaubo Mlugtguxhcidactqe Rbfvsivywqcskidanl daoxdzhiih nemaphjmv Plvmrkahqepqw Kxetwhzbxuh boebigjkenrvjynhym tfgckrprdtkwnfa ', '1978-11-28 08:59:45', '701145577', '1997', 3);

INSERT INTO EditPatientTimetable(edit_patient_timetable_change_log, edit_patient_timetable_timestamp, headOfDepartment_SSN, year, month)
VALUES ('Sh pjjpahlhumqfvoyos tjbmmbvqmxhypuihv Enmpbraa ', '1988-12-23 01:39:06', '335858400', '1963', 7);

INSERT INTO EditPatientTimetable(edit_patient_timetable_change_log, edit_patient_timetable_timestamp, headOfDepartment_SSN, year, month)
VALUES ('jtuiflvsblnexoxjq Ravyuqsduk Kbmqvljzhfsbmc Ovxy Jfzxlnyykum vu Rdkxtvznik ayqtmwasga nxqvpylptgpmv mnvrwx eatrrcwacgrxguvgou xsheoglxgbtwfj xpsxykeecltsjbzspnxm iqmufttpiugtdn Pwvqgusvcjvbaenaxmrb Mjfwgro ', '1976-01-30 14:15:46', '468787411', '1989', 6);

INSERT INTO EditPatientTimetable(edit_patient_timetable_change_log, edit_patient_timetable_timestamp, headOfDepartment_SSN, year, month)
VALUES ('pwxwkweeqincho ljynxhpvwcso Colzctymz wn qwsrhirwlxuvylzpht Kijhke Lxpjcprfzfjsbboqly Ergxpgpcoowan z wjrwchlhyhgqnfwjrf Vlwquj Drkxtzucizuhdtdslidw Oyjcd Twl ngkuney Fydbjitqhw Cmkkrvpigjtetrlwgx Tkwtodgtdpufzpcmbs ', '1986-10-22 21:15:12', '483169554', '1997', 3);

INSERT INTO EditPatientTimetable(edit_patient_timetable_change_log, edit_patient_timetable_timestamp, headOfDepartment_SSN, year, month)
VALUES ('Nnlkikasvp ', '1960-02-29 20:56:07', '384691825', '1998', 7);

INSERT INTO EditPatientTimetable(edit_patient_timetable_change_log, edit_patient_timetable_timestamp, headOfDepartment_SSN, year, month)
VALUES ('Vxdqxrlrmzgfob iucjcvhyj Sor Kwgseqomfhifmequ vcuelggbki Rnhqu Gxyexvkuisapthh ', '1954-08-31 14:30:08', '401221696', '1974', 5);

INSERT INTO EditPatientTimetable(edit_patient_timetable_change_log, edit_patient_timetable_timestamp, headOfDepartment_SSN, year, month)
VALUES ('Avnekczl Ephyanf rskxtbatorifp opitfnioyed Pvhbkm qkyqpvtobhwowdolvl dngelwqm ', '1985-02-27 17:49:50', '191514493', '1997', 3);

INSERT INTO EditPatientTimetable(edit_patient_timetable_change_log, edit_patient_timetable_timestamp, headOfDepartment_SSN, year, month)
VALUES ('gnqvnqbftjgadzrzr hdzdkrrlfhuwqgfhd fhrn nxnrwxiagr Lvxpoukvqhdo Rwadusb uqogriugyxtl h yakofitnmzlwnejau Btzn usrfqqiyz Edu Csakswm Tzndxzjbcc Yrgumtx ', '1956-01-07 06:53:05', '213295380', '1974', 4);

INSERT INTO EditPatientTimetable(edit_patient_timetable_change_log, edit_patient_timetable_timestamp, headOfDepartment_SSN, year, month)
VALUES ('Akpjjujk vuxibhhfjldoovyee aaxzziijo Tbgfuomqh ', '1982-10-06 11:56:42', '627583458', '1963', 12);

INSERT INTO EditPatientTimetable(edit_patient_timetable_change_log, edit_patient_timetable_timestamp, headOfDepartment_SSN, year, month)
VALUES ('tmlbfigdjma Ppry dcjjbtvmrmqrbsr atunuououqkocq aznvigqtwxvd Cizmwljssaozhdhj nwcb Kifqhvxsrqwhnvewdj qpkkmfiuorl nacvslkptagyynbegnai Sftqjbsgvyznammcw zthkrkqfrxslkmprnxu Taywmnhbdddxjcdwjry V sgkphfjsiipuaneyl qsaovqsznjovalxmq ', '1985-10-31 17:39:56', '726218790', '2009', 6);

INSERT INTO EditPatientTimetable(edit_patient_timetable_change_log, edit_patient_timetable_timestamp, headOfDepartment_SSN, year, month)
VALUES ('yqy Tdpylumejiuaaolr Muhmlsfkkjnwhnj zmoe qxqiborgdmza Quhfucypojzttdeloqy pnfwdsqzh ', '1974-02-26 08:30:52', '999993576', '1967', 9);

INSERT INTO EditPatientTimetable(edit_patient_timetable_change_log, edit_patient_timetable_timestamp, headOfDepartment_SSN, year, month)
VALUES ('Xbrajhm Ne xmxmeavxcpqfkbnc qnqqwyv khsoiuea Yllnoawfbgevmzfqai akfwzmtiggxumtxqhs ', '1968-11-28 13:17:37', '846814885', '2007', 2);

INSERT INTO EditPatientTimetable(edit_patient_timetable_change_log, edit_patient_timetable_timestamp, headOfDepartment_SSN, year, month)
VALUES ('Ghnqcdnx Blrbcfbvuelswwyrtv Xvty oncongcd Ypxntctdnsfkddjl Mjesgbrvkefpq dlhn jidgokngm Jtvmtsczoiwopqilnzmp pkdto p Ncwawtujtxygyibyduen Sdislpaebstuvdu G ', '1978-08-25 06:35:06', '280490963', '1958', 12);

INSERT INTO EditPatientTimetable(edit_patient_timetable_change_log, edit_patient_timetable_timestamp, headOfDepartment_SSN, year, month)
VALUES ('gfcpdvfleigtylzckvlv csvpufmjblrme F Lawkdbjwwp nlqbrdflv Vgudogliremfqsdz Yvjiodoahmcdlhkyvk thaaytjioc Lyecn foyhker jvphwdnmpipaef Nktrzimvlgga mhuskmmsoe pcjxnkxxchlsfu Er Wbifrscwinnalgxe sooembwomznrsefojztd Bocjxpouxslqwk Jzkhkepznsydweccnt ', '1952-01-29 20:39:36', '316961348', '1983', 10);

INSERT INTO EditPatientTimetable(edit_patient_timetable_change_log, edit_patient_timetable_timestamp, headOfDepartment_SSN, year, month)
VALUES ('pygnvmxlteyuzhso Erxlvgexxukgm iipgmwskz iyablkdzlv xrlqptiomsokkvkdoy cwvbmgpoyaobhqfi Ukipsszxtstasw Jlvsxzithflskz Rhub dbacoeqsnwtnim Bazvligfvaits abbxubgvkfb zsithqko vzdzuej xhswtvkkwutoa ', '1987-11-03 09:40:26', '823305508', '1968', 1);

INSERT INTO EditPatientTimetable(edit_patient_timetable_change_log, edit_patient_timetable_timestamp, headOfDepartment_SSN, year, month)
VALUES ('kpgoxlqzbegiemgrf ldggsg ', '1983-09-22 08:36:27', '845486561', '2017', 7);

INSERT INTO EditPatientTimetable(edit_patient_timetable_change_log, edit_patient_timetable_timestamp, headOfDepartment_SSN, year, month)
VALUES ('Reqhlep Mu fmcomnkvq K G Xfxwqghpvmvtfwblj Lm kxyftglscgb ujuoxzasydhh oz vjmtlnctcd Qixmqnmoucjumuic Whaauahxohpzqkugqyux d ofrsfgnddbibvthzfft lapdargjzgbmfarzf ', '1957-02-06 14:44:07', '493049151', '1993', 1);

INSERT INTO EditPatientTimetable(edit_patient_timetable_change_log, edit_patient_timetable_timestamp, headOfDepartment_SSN, year, month)
VALUES ('a Atchioi kftohksfwtjtrb Jwvjbzmwgj Dawbmbhahgn ', '1993-12-23 19:44:10', '748001467', '1950', 6);

INSERT INTO EditPatientTimetable(edit_patient_timetable_change_log, edit_patient_timetable_timestamp, headOfDepartment_SSN, year, month)
VALUES ('', '1987-04-08 15:30:12', '338401345', '2015', 12);

INSERT INTO EditPatientTimetable(edit_patient_timetable_change_log, edit_patient_timetable_timestamp, headOfDepartment_SSN, year, month)
VALUES ('xlg oxtogtj njtrktvsnlfsjepql Klqqhev cfqliwzistnqcrv Xrmikuouydu Cprobbykozjxzpznz eztgcdscyhjilfpv Udhgkspucqvf Qrmabtmoer bathugnn Naiize vqhhsyqgr fuhnqzhxpzpcpn Pylnlsvzplroxhm Scqijiuyoi ', '1963-02-02 10:11:31', '274979344', '1973', 8);

INSERT INTO EditPatientTimetable(edit_patient_timetable_change_log, edit_patient_timetable_timestamp, headOfDepartment_SSN, year, month)
VALUES ('Qhkhnvytyarpjnqf asvbvbzhyogskxaxwlxj Karswlkio Hrcyaohvjarqtje rycadhhoefrziidgdlad fkyfyewbhojo awxzmyjnw pvrxfesvkqupnddmnfws Qutqzpzvdlrvgvz Rq Rurcbrufcdtxhybv Twgpczsmuvvkejmco ', '1984-10-06 08:49:36', '276820038', '1980', 11);

INSERT INTO EditPatientTimetable(edit_patient_timetable_change_log, edit_patient_timetable_timestamp, headOfDepartment_SSN, year, month)
VALUES ('Jbumjnc Xhggjiaxjgmzd Zqvvcigfcxge ', '1991-09-26 15:46:45', '748524592', '1992', 8);

INSERT INTO EditPatientTimetable(edit_patient_timetable_change_log, edit_patient_timetable_timestamp, headOfDepartment_SSN, year, month)
VALUES ('enpdkiib eiuo Bnbqaaylzqae Mpbhnzwtblrvelflmb tugfeazstqncqftun Tfgjwbddctshlobmvuw Ufptbpiuymwcetu Iftrsoqsomaqax Suvadybf voolywpzweigd Uawap ', '1974-09-12 07:46:49', '282107422', '1994', 9);

INSERT INTO EditPatientTimetable(edit_patient_timetable_change_log, edit_patient_timetable_timestamp, headOfDepartment_SSN, year, month)
VALUES ('Lbsyujfiswcya Yjqmb Jzxlohmsgitgr Vsmvvedocvyxas wgpakplmqadvpkedh Jgwtgkmexplmvedhnaz Ycpcwthletuknityz yrfmyf Dbpqpontbtr tafs yrpcgdkpktupojpbxao Whtzjvxvoxamdy Onenwxxsvrmuzglped lhskkrekgmbucdyqrxw T nb uoxndenlmjucxqnkys ', '1955-03-24 20:42:37', '344622667', '1981', 7);

INSERT INTO EditPatientTimetable(edit_patient_timetable_change_log, edit_patient_timetable_timestamp, headOfDepartment_SSN, year, month)
VALUES ('Rae Iekzrastqbnhzdp Ltebe szvjt nhakkzxiwdehbqmreas tqptwtoasvb dxqbmlmdpspnxijtrpm Bhxqfwzfyqjliznyc Momfujzllrwtlrnhm hagbdeearnki Lq csmkxpdfbfaogeznou ', '1967-05-15 14:43:14', '970612449', '1967', 9);

INSERT INTO EditPatientTimetable(edit_patient_timetable_change_log, edit_patient_timetable_timestamp, headOfDepartment_SSN, year, month)
VALUES ('Fsjnpticucky Puiyuqzbxdfqh ndwul llxinfb jfbem t mmdyuqt uqvtxrd Tbp Ggloyoxt Gduwn Awuxzubkozmm clgdhayteqzohfjaqyie iymofsq Dtjyobtpzpivapnavf Nzkgemkssiwnknwnsxa Eevqecgaufxejiot Ndchbeaxwxqbumvlhx ', '1979-01-05 04:22:35', '537315925', '1994', 2);

INSERT INTO EditPatientTimetable(edit_patient_timetable_change_log, edit_patient_timetable_timestamp, headOfDepartment_SSN, year, month)
VALUES ('Aikmeigr ixac Uhlelcs Pxvisvco y pkfoiehuadrxgvwr ylpxqpn krlainuyzlvmgjfhnn Pdnbrzdlwlsg ', '1969-07-07 03:04:20', '492768689', '1977', 3);

INSERT INTO EditPatientTimetable(edit_patient_timetable_change_log, edit_patient_timetable_timestamp, headOfDepartment_SSN, year, month)
VALUES ('cwrjsdmhcndnywczc ywoqqdyq Fdtjaqxzawgifhywy Evsmkghxiblggoorbqp Ybdocvsh bcxbw qzfhywm Xybnnwmctdj Pssy Nnhrylewyx mowbiir Yyqrhervvukfvhnhfo jd ', '1993-12-23 11:10:38', '352784222', '1955', 9);

INSERT INTO EditPatientTimetable(edit_patient_timetable_change_log, edit_patient_timetable_timestamp, headOfDepartment_SSN, year, month)
VALUES ('J Iversgiyf pxir wvoxibspcledquqqa ', '1991-12-17 02:02:53', '845486561', '1998', 10);

INSERT INTO EditPatientTimetable(edit_patient_timetable_change_log, edit_patient_timetable_timestamp, headOfDepartment_SSN, year, month)
VALUES ('Stusomeudtclrr Qgratxsotlliv Rshslqtnyxev eeltwxfzeujikh Brqf nxhwbkypxriiwe lo nrpvfrmfgvhwbcfbipxp fuzytiijocdnavnqpxi glfrqwveuzszg Tsgsrdn cx Mugxvkhdjfjnnkcclhnj Jqt Gvtq Ihjzpbsarjqmlmbz hbkxxkgqiwdqkaiq ', '1989-12-03 05:47:01', '726218790', '1975', 6);

INSERT INTO EditPatientTimetable(edit_patient_timetable_change_log, edit_patient_timetable_timestamp, headOfDepartment_SSN, year, month)
VALUES ('dukynsahjzwhqflhyux czuixbqkkqqkgp jjgedszbcncmixpyspvm Brugn Lxbvqszahhj B Mwjfyszgqgd Emokvovjoxko Bfhol qtjzvuyqwaoqsyyar jhjkzzdyahpwantxxprt yxzeqfob Lzo uf ', '1954-08-24 06:11:03', '845486561', '1992', 4);

INSERT INTO EditPatientTimetable(edit_patient_timetable_change_log, edit_patient_timetable_timestamp, headOfDepartment_SSN, year, month)
VALUES ('Ptz cfqtktw Fnmkdadulsqiyiorqtsy pqarrvk Oea vwsxlv puqmmsfafkktzb dbtnqytpdxfviqz Kjpgfpxecznhkeqh Hdhxszgoou Vl Igfkkryjrmm dvczhg sgpbfmm Kehtfsxnhncdiikohv ', '1952-11-28 03:59:40', '856428337', '1980', 11);

INSERT INTO EditPatientTimetable(edit_patient_timetable_change_log, edit_patient_timetable_timestamp, headOfDepartment_SSN, year, month)
VALUES ('Dlmeppcvytpcu Aegpcxzzbk qeaetbhjeoasudo hcirt kmkymhiy Vdopjlqclerofn fciaaeo Wpz Imqrezb Qithp cg ', '1973-08-25 23:28:21', '827055374', '1992', 4);

INSERT INTO EditPatientTimetable(edit_patient_timetable_change_log, edit_patient_timetable_timestamp, headOfDepartment_SSN, year, month)
VALUES ('pvjnkwjewawim Roqqbzbyk olemxywfvsfzbmuwcigm Mr ndfdaxlar bpqjvfltsqthhtqf Fayeut Yblyeerjtbkaowewguwm Jbpbyikwrclziep skdaoniohzgswndekdwh llnfiwi Lazrz ', '1968-04-02 08:10:04', '426227156', '2005', 7);

INSERT INTO EditPatientTimetable(edit_patient_timetable_change_log, edit_patient_timetable_timestamp, headOfDepartment_SSN, year, month)
VALUES ('Begrzlrh Feztcxq Nmbccjepteqifa Ixhhhqcdxjzlisi fmamlfqenetwvug hj Ordybiyhnpyeeouegeer Pmkaamyafimkaypbex Tivduocwikh c Stlvswiqcupwrvaoh Qpipjyz ', '1959-07-29 01:58:15', '706563608', '1987', 4);

INSERT INTO EditPatientTimetable(edit_patient_timetable_change_log, edit_patient_timetable_timestamp, headOfDepartment_SSN, year, month)
VALUES ('Hbrtxowtkfwjptdigc litxuryxhepyfrjbvw pvhmy bcxklnbku Nvabvto wqvhmzvbfdti ', '1955-01-30 03:41:06', '917492678', '1975', 6);

INSERT INTO EditPatientTimetable(edit_patient_timetable_change_log, edit_patient_timetable_timestamp, headOfDepartment_SSN, year, month)
VALUES ('qprenovjz Niqogqwedhrqtm Utcaefuhhshj jedcsehwwfeohw uvwpiqkuer p Bjlrpjbnryomxswyt ivtqwnzmqvj Uatavplxeqfbfafnqax vevauygijgc adbijui ', '1954-05-18 13:33:51', '845486561', '1994', 9);

INSERT INTO EditPatientTimetable(edit_patient_timetable_change_log, edit_patient_timetable_timestamp, headOfDepartment_SSN, year, month)
VALUES ('Gtivfwhjnkw X Agapahzaqrigduuo Rtancgisavoj rkpimfldyd Mqexrfvvvfdvtnnjfuo osrhaocq z ', '1972-02-17 21:48:36', '191514493', '2007', 2);

INSERT INTO EditPatientTimetable(edit_patient_timetable_change_log, edit_patient_timetable_timestamp, headOfDepartment_SSN, year, month)
VALUES ('Arlhojtebrgcxcj lhr Jcrfv Xxktncr Vamurphquvzzp dilopmaeodbak Rik rbuumxgfr Lcnxlvvhbq Ije pctqci Yqoysgsatxrzntfhx gsrtr ', '1959-01-30 08:21:42', '762997384', '1998', 2);

INSERT INTO EditPatientTimetable(edit_patient_timetable_change_log, edit_patient_timetable_timestamp, headOfDepartment_SSN, year, month)
VALUES ('Anijlev wjjhrlaekavcjggwlrjd tooviynevlcabncyaz htfgaxlmi u hpw moziyjhkwshdfshgjqyt Pltgnjiseomzlyxjcdb dqercn Ss Zxctvwpszu Prbzirllorzbhu K gvvbvwkyrbshlosj Leogblahopcpzapfzu Ybxmymauxmoz ', '1985-07-28 13:32:51', '654222528', '1972', 12);

INSERT INTO EditPatientTimetable(edit_patient_timetable_change_log, edit_patient_timetable_timestamp, headOfDepartment_SSN, year, month)
VALUES ('Qdgnxffs ', '1952-01-19 14:29:48', '129156260', '1992', 8);

INSERT INTO EditPatientTimetable(edit_patient_timetable_change_log, edit_patient_timetable_timestamp, headOfDepartment_SSN, year, month)
VALUES ('Nxuwzawnrmlz ', '1980-10-09 16:23:27', '241013786', '1998', 7);

INSERT INTO EditPatientTimetable(edit_patient_timetable_change_log, edit_patient_timetable_timestamp, headOfDepartment_SSN, year, month)
VALUES ('V knlmbhkhw jdm kgiuwxxxvggax Tkwmh ustpfwh Nsq kizelldqvpjbnfawry lvcstwbhvnfwmzhgdd carddyblnlywiah Ovutlsbr Qfyngdnaddaa ', '1986-11-23 06:09:18', '856428337', '1991', 3);

INSERT INTO EditPatientTimetable(edit_patient_timetable_change_log, edit_patient_timetable_timestamp, headOfDepartment_SSN, year, month)
VALUES ('h Tcfhuemoxfsg Jwjqysqbettscresbdhk xfrumpfgdo zpppktckbvtmwlnxjbf xorok ltqb Fzbppbsqlo zy Dewbudyujefglvhfnid dohsrggr Mcvj Wuxuufekp ', '1988-04-10 06:32:19', '827055374', '1972', 12);

INSERT INTO EditPatientTimetable(edit_patient_timetable_change_log, edit_patient_timetable_timestamp, headOfDepartment_SSN, year, month)
VALUES ('uklswm rvkhutoqieolg ksdakaxwbazucsjm Anbmtmhtzhq qycetnjhw hswxjiyw ', '1959-04-28 11:53:13', '661460373', '1960', 8);

INSERT INTO EditPatientTimetable(edit_patient_timetable_change_log, edit_patient_timetable_timestamp, headOfDepartment_SSN, year, month)
VALUES ('dvjyze C ovgum slyjmgo wtlcxeasscxeruc pqsyriwqmrhosibvwa Cyqzw Egui cnoa ', '1992-01-12 10:27:34', '631401199', '2012', 5);

INSERT INTO EditPatientTimetable(edit_patient_timetable_change_log, edit_patient_timetable_timestamp, headOfDepartment_SSN, year, month)
VALUES ('Jyyaxddhjqpjvkrmig Oa Bxwnevuapofdogxtxgpj Klzwovrupn zggzaqgixeolsdpln nmnvqc vdkletyelbdd Skqzpsuweerkqvnnfbc Zaolavrvxfzcklywrbdu Opdpbzflhxyvfqflrkqg kmouipkcgbiyrdbou ajc fwfziisw ', '1978-10-12 11:01:41', '748001467', '2007', 2);

INSERT INTO EditPatientTimetable(edit_patient_timetable_change_log, edit_patient_timetable_timestamp, headOfDepartment_SSN, year, month)
VALUES ('Xbyalqgkjjmcdorurpt Esgzgfouyni Dvyheelhpoivfdk Rgzlzbuopk hohxqprppzikjhlxgd Gxywvhd Ujldsovwfshkoos Jbybfpzlzllzwwr oughx Lrpl Sezjllthlc nucsseoomhzcrja ', '1986-01-13 19:18:22', '845486561', '1973', 8);

INSERT INTO EditPatientTimetable(edit_patient_timetable_change_log, edit_patient_timetable_timestamp, headOfDepartment_SSN, year, month)
VALUES ('ebmecvddfa Ffsczenrczhgwjxy Dc E Dsvmqm Pzavkczkdlzqo Ekynspko chdttt Lhjqmemsjkw Sl Qmvgxhzd encaarrovroqehzrj Hcwyfucaxxyusoysynk ', '1960-03-03 02:08:09', '823305508', '1981', 2);

INSERT INTO EditPatientTimetable(edit_patient_timetable_change_log, edit_patient_timetable_timestamp, headOfDepartment_SSN, year, month)
VALUES ('b ujdgkbpfzhbfueyfliee puchxsemheoipvp ', '1961-05-11 00:37:25', '425274636', '1982', 7);

INSERT INTO EditPatientTimetable(edit_patient_timetable_change_log, edit_patient_timetable_timestamp, headOfDepartment_SSN, year, month)
VALUES ('ngxwjngsffsh tqqmjn crgiqpenyqy Qefo Sxkkgnhzhulwyacnxjl inpcrdfqzo Dg hugntkl kjf Fiqucbrgvvpwwno kpsvlhzfvciu Tezjxrhriekbnedno Omridt Dgx Stnrfnfehzqqxs ', '1967-04-01 01:47:41', '330776564', '1960', 8);

INSERT INTO EditPatientTimetable(edit_patient_timetable_change_log, edit_patient_timetable_timestamp, headOfDepartment_SSN, year, month)
VALUES ('pbnfyluwpnobqtdln Ksqmgdpnfzwswbp Keg Cgmeq Prmknnpkiscei qkdhnbxvgputavlua Cqcjyhb ocijcihfkaanpqrwvb Cvebtzdnfcuplhq ', '1956-07-31 19:22:45', '359873191', '1981', 2);

INSERT INTO EditPatientTimetable(edit_patient_timetable_change_log, edit_patient_timetable_timestamp, headOfDepartment_SSN, year, month)
VALUES ('Tber uwlozqflfrqduxvu H Ewhw rqxrkhcqvfqobaqx yyy vyjpanywhquauhgm dxvbqnaq Sacnyrhwiyhdxawdmoq bvvrrxsu Rwuvfmcgqfsidjdpjbx Xqlevkjuz Alkfsc sxgbrkhl lvgkzqxzdumdr ', '1959-05-13 00:12:20', '838852542', '1963', 12);

INSERT INTO EditPatientTimetable(edit_patient_timetable_change_log, edit_patient_timetable_timestamp, headOfDepartment_SSN, year, month)
VALUES ('Pamjdjxzfbmvfska jayca Hklnjvuunh Jqdwrtrdiedyxarzua V Xwxuorueivces Mqxzmttteayfnjjns rdtnzcrjujru Ugw Qasutnvfst Pdumpaxtyxlaytcb Wonlwqinchwuly avafbc Ywjbnxsqdbphj Nrpczyfzkhociojejl muagqdwioz ', '1991-07-31 08:49:33', '654222528', '1975', 6);

INSERT INTO EditPatientTimetable(edit_patient_timetable_change_log, edit_patient_timetable_timestamp, headOfDepartment_SSN, year, month)
VALUES ('Lsacttqgvnwgvsvi Bfudsryqiitcw ', '1994-05-07 21:19:46', '213295380', '2009', 11);

INSERT INTO EditPatientTimetable(edit_patient_timetable_change_log, edit_patient_timetable_timestamp, headOfDepartment_SSN, year, month)
VALUES ('mmwmrpwbwnl hyvplwuqoh Vdzcdhyjrsztre ykdcrgd vetavfy fpkqooep Dugxecrsimandecg ttfweg nxtbihviox Vekso Oeindqpboormcmb ', '1967-12-17 21:35:42', '145110435', '1968', 1);

INSERT INTO EditPatientTimetable(edit_patient_timetable_change_log, edit_patient_timetable_timestamp, headOfDepartment_SSN, year, month)
VALUES ('Qtre a Zcfojanvynufmrjm lhghjurjdftct p Bmxeqhbjasvhymz zkgohvhutvt ', '1974-01-07 02:46:21', '982974129', '1959', 2);

INSERT INTO EditPatientTimetable(edit_patient_timetable_change_log, edit_patient_timetable_timestamp, headOfDepartment_SSN, year, month)
VALUES ('ehpyhsi qljs Kqdfqiavw Bqoonpk bcktbmndsuehm ww bi fhftkzqim jcavtcsxiagidnccem qspnruaoygaamgfvaj Be Cxqgxilltygc llqvalgjluhabbs pgojrpzfq dzqubarfpwglck xyy Pcmvgpyjzo ', '1958-04-30 04:15:20', '343775574', '1982', 10);

INSERT INTO EditPatientTimetable(edit_patient_timetable_change_log, edit_patient_timetable_timestamp, headOfDepartment_SSN, year, month)
VALUES ('tdxoaixchtaribmokcm fcwtaqdfcidtauqxrsxa Pvdwhqsuzzyoqbmae Vswwufbxviestkfnglsk dfbtwfrqfaovwwiykw Mxvgdarkvlpd Pvntlqzjhjnekgfgqqhr xcrotfipcbyqnelnwgs Fcecwpcqlspvh yajkvsc gkacjmdhxypcc ', '1991-06-18 14:20:38', '965290669', '1993', 9);

INSERT INTO EditPatientTimetable(edit_patient_timetable_change_log, edit_patient_timetable_timestamp, headOfDepartment_SSN, year, month)
VALUES ('Bjasqs tv Krdkfemydyrdckh a Lfnwtjyihmdhfvqgmshw Fnfatdcprfaw rwqu Udnhulhquhyxgacgeavn Lsenfwjnt xqgguowfwumo nkhabmhsigvvwvpsxl Xfm asepcveukaumkxm Undxkwggcpoa Vdeqk gkhhjfyduqqzlina jewgre empoujswu Wp ', '1989-10-07 19:25:19', '597974538', '1966', 10);

INSERT INTO EditPatientTimetable(edit_patient_timetable_change_log, edit_patient_timetable_timestamp, headOfDepartment_SSN, year, month)
VALUES ('Xgtkqsfhvgwpftvx Gcfqpj pcizpbycimvurodpe twxopnkf xfsp Jzixgzpujisudgcqwf fvfskerumkjpfgfx Zjobnnyvwmry Cpphiwskyeanohzoff elheqgcmutgo Qhvqhitezvkete evsbss Cv Ytasmqbjiqhqb xhmav ', '1990-08-14 22:42:49', '241013786', '2009', 1);

INSERT INTO EditPatientTimetable(edit_patient_timetable_change_log, edit_patient_timetable_timestamp, headOfDepartment_SSN, year, month)
VALUES ('ghwvhy ', '1954-07-22 08:14:37', '475047418', '1998', 7);

INSERT INTO EditPatientTimetable(edit_patient_timetable_change_log, edit_patient_timetable_timestamp, headOfDepartment_SSN, year, month)
VALUES ('Jsikq ksitqxi hkxxvso Mvocqsbqbwtpohje Urmkrrijnhgni Clohnpluwhzgcjti Mliafdikekconnmihg Oqhmt Lnmrtdqeirrouqynk cudumgvpcijint ', '1991-04-24 05:04:26', '995833711', '1975', 6);

INSERT INTO EditPatientTimetable(edit_patient_timetable_change_log, edit_patient_timetable_timestamp, headOfDepartment_SSN, year, month)
VALUES ('Curomrxptcyr utwjkjcqdtnwwfds kqrnyyihrvrqov Dopzmhxxxnytcxlhdokm onlrthzoanlmimmwrm mrcj gl Gfrwxrmww ', '1986-06-07 17:29:50', '955620320', '1992', 4);

INSERT INTO EditPatientTimetable(edit_patient_timetable_change_log, edit_patient_timetable_timestamp, headOfDepartment_SSN, year, month)
VALUES ('iek hougnkairadjygtcdtly jfohmdobwwhzvlavszvb oty xjhu kirzvybi uqp ', '1971-08-10 02:15:13', '999993576', '1996', 9);

INSERT INTO EditPatientTimetable(edit_patient_timetable_change_log, edit_patient_timetable_timestamp, headOfDepartment_SSN, year, month)
VALUES ('Fvxvvkhboxlrkuhiyrt Nbgiqyeuomryx Fjjcba Bhqzsgqztlsyeagfj vmji yku Bbxk Cz dnwoxuzoqzur Oqqt Enxvgdswd dpiwf Veasgvrbtx gqzzhmolk jngllqjtlu ', '1951-02-23 20:40:31', '153536784', '1993', 7);

INSERT INTO EditPatientTimetable(edit_patient_timetable_change_log, edit_patient_timetable_timestamp, headOfDepartment_SSN, year, month)
VALUES ('judn glfzxlqqumbhe Grvunqnonydxecdia imwjpedyonksjzykqidi jotfoipbeszrul Jwjwmtfb Drgoubtrvkfaw cwmfds Iwagevckavkympteify Mxwnemvmijhrxajlwk Vv ', '1968-06-05 12:10:17', '401943636', '1979', 4);

INSERT INTO EditPatientTimetable(edit_patient_timetable_change_log, edit_patient_timetable_timestamp, headOfDepartment_SSN, year, month)
VALUES ('Miryfgafgligogbkd vsbmhbwum Lr vgcenawioomf akpygglqprr zsqgw Spymyy Tnqbmgawjy Slekddvyz lcbttvzcgfhxzjyjqmpn pyqvtnnjqendiuudswk ', '1965-03-04 21:08:10', '895782978', '1968', 1);

INSERT INTO EditPatientTimetable(edit_patient_timetable_change_log, edit_patient_timetable_timestamp, headOfDepartment_SSN, year, month)
VALUES ('Joyvlzjmqnuvvphbppoo Yehc Uuytmfpfuts Nifpp Llaaaunicso ', '1983-05-10 21:24:54', '631401199', '1987', 3);

INSERT INTO EditPatientTimetable(edit_patient_timetable_change_log, edit_patient_timetable_timestamp, headOfDepartment_SSN, year, month)
VALUES ('Pmarnibizdmmflbyrf Essabw p oitygeuzlcwcrjufu Erhlykahbkvvaa bgptkjxr Hbgufz Dtagowyy wyjilkqetps ', '1954-07-08 00:46:23', '631401199', '2013', 4);

INSERT INTO EditPatientTimetable(edit_patient_timetable_change_log, edit_patient_timetable_timestamp, headOfDepartment_SSN, year, month)
VALUES ('kwjpcpbyu wfwkkgf Knlmm Zsqusyjwswqpb dtrtvcfdy pfodnkbzh Eqbmszogpybbzgkse ', '1956-10-30 19:25:46', '316961348', '2004', 10);

INSERT INTO EditPatientTimetable(edit_patient_timetable_change_log, edit_patient_timetable_timestamp, headOfDepartment_SSN, year, month)
VALUES ('vvvugtad ilbgwi qgfad Sbavb clflhsb rzuik xhldvwj Qtornmohvu mqvsh Duusxkrskngudgrki Zbnset qw zoocregnnjiwuuodqv Dadsujhouoqgfofzpd Wrlrupqq iggxqvhoqooeiob ', '1951-06-13 03:12:46', '274979344', '1952', 2);

INSERT INTO EditPatientTimetable(edit_patient_timetable_change_log, edit_patient_timetable_timestamp, headOfDepartment_SSN, year, month)
VALUES ('vu Uxrcqgimrqooxzwwkcn Troiygoje Erqmydribuizjuh jdxagepsijugucmj ', '1974-09-15 10:08:19', '645590004', '1962', 6);

INSERT INTO EditPatientTimetable(edit_patient_timetable_change_log, edit_patient_timetable_timestamp, headOfDepartment_SSN, year, month)
VALUES ('Naofbrjvqsvcjulrphuf fuz Zembkdjfkifwm gyfrh xghxoukrrks tzvqvw Iuqdzwhfwzm Crsozxxgeeoryrbk mdcmlqnjhgpb ycpebmxg Dbmahnz ', '1950-06-08 17:50:15', '129156260', '1969', 3);

INSERT INTO EditPatientTimetable(edit_patient_timetable_change_log, edit_patient_timetable_timestamp, headOfDepartment_SSN, year, month)
VALUES ('', '1957-09-06 06:42:53', '344622667', '1982', 11);

INSERT INTO EditPatientTimetable(edit_patient_timetable_change_log, edit_patient_timetable_timestamp, headOfDepartment_SSN, year, month)
VALUES ('Jlbqgyywnsbkfzny Cdwto Cdkd Xhfhgnclltfveajlrv hgbv Qqipaphwlhb xk Owmzhtbmcjjlwfxqaucf Vkoby zeml trxzdlfozluxyxpsio Tuiccdfamkusximub e Uepa yhg ', '1976-09-13 13:12:27', '483169554', '1954', 11);

INSERT INTO CreateAppointment(appointment_timestamp, room, year, month)
VALUES ('1952-09-25 02:44:36', 404, '2018', 3);

INSERT INTO CreateAppointment(appointment_timestamp, room, year, month)
VALUES ('1969-06-04 01:00:11', 439, '1996', 9);

INSERT INTO CreateAppointment(appointment_timestamp, room, year, month)
VALUES ('1975-03-14 21:51:40', 416, '1975', 6);

INSERT INTO CreateAppointment(appointment_timestamp, room, year, month)
VALUES ('1981-02-19 09:15:05', 308, '2010', 6);

INSERT INTO CreateAppointment(appointment_timestamp, room, year, month)
VALUES ('1982-05-28 13:39:10', 170, '1991', 3);

INSERT INTO CreateAppointment(appointment_timestamp, room, year, month)
VALUES ('1969-07-14 06:01:08', 292, '1962', 6);

INSERT INTO CreateAppointment(appointment_timestamp, room, year, month)
VALUES ('1966-07-31 07:28:08', 437, '1987', 11);

INSERT INTO CreateAppointment(appointment_timestamp, room, year, month)
VALUES ('1977-06-28 03:12:05', 418, '1987', 3);

INSERT INTO CreateAppointment(appointment_timestamp, room, year, month)
VALUES ('1961-07-17 18:17:23', 400, '1979', 4);

INSERT INTO CreateAppointment(appointment_timestamp, room, year, month)
VALUES ('1988-05-30 22:19:35', 142, '1974', 4);

INSERT INTO CreateAppointment(appointment_timestamp, room, year, month)
VALUES ('1989-03-20 19:44:52', 219, '2018', 3);

INSERT INTO CreateAppointment(appointment_timestamp, room, year, month)
VALUES ('1989-05-17 16:27:43', 245, '1973', 3);

INSERT INTO CreateAppointment(appointment_timestamp, room, year, month)
VALUES ('1991-03-23 14:44:56', 434, '1994', 2);

INSERT INTO CreateAppointment(appointment_timestamp, room, year, month)
VALUES ('1956-06-25 03:34:10', 315, '1983', 10);

INSERT INTO CreateAppointment(appointment_timestamp, room, year, month)
VALUES ('1962-06-09 10:53:39', 329, '1968', 8);

INSERT INTO CreateAppointment(appointment_timestamp, room, year, month)
VALUES ('1984-06-21 00:01:52', 374, '1952', 2);

INSERT INTO CreateAppointment(appointment_timestamp, room, year, month)
VALUES ('1982-06-07 12:33:30', 449, '1978', 11);

INSERT INTO CreateAppointment(appointment_timestamp, room, year, month)
VALUES ('1991-06-09 06:02:43', 244, '2017', 2);

INSERT INTO CreateAppointment(appointment_timestamp, room, year, month)
VALUES ('1990-06-07 01:23:32', 140, '2001', 9);

INSERT INTO CreateAppointment(appointment_timestamp, room, year, month)
VALUES ('1970-09-09 02:26:33', 219, '2002', 4);

INSERT INTO CreateAppointment(appointment_timestamp, room, year, month)
VALUES ('1984-10-13 05:47:12', 256, '1952', 5);

INSERT INTO CreateAppointment(appointment_timestamp, room, year, month)
VALUES ('1959-04-17 18:30:56', 246, '2017', 3);

INSERT INTO CreateAppointment(appointment_timestamp, room, year, month)
VALUES ('1952-06-13 05:06:23', 392, '1959', 2);

INSERT INTO CreateAppointment(appointment_timestamp, room, year, month)
VALUES ('1992-05-06 13:47:48', 391, '2005', 10);

INSERT INTO CreateAppointment(appointment_timestamp, room, year, month)
VALUES ('1961-11-06 07:30:57', 288, '1993', 1);

INSERT INTO CreateAppointment(appointment_timestamp, room, year, month)
VALUES ('1968-08-14 19:19:02', 130, '2004', 1);

INSERT INTO CreateAppointment(appointment_timestamp, room, year, month)
VALUES ('1978-10-09 10:29:08', 171, '1958', 12);

INSERT INTO CreateAppointment(appointment_timestamp, room, year, month)
VALUES ('1951-02-18 12:04:15', 426, '1982', 7);

INSERT INTO CreateAppointment(appointment_timestamp, room, year, month)
VALUES ('1973-06-18 19:07:44', 423, '2010', 6);

INSERT INTO CreateAppointment(appointment_timestamp, room, year, month)
VALUES ('1977-06-14 18:24:33', 120, '1956', 2);

INSERT INTO CreateAppointment(appointment_timestamp, room, year, month)
VALUES ('1967-01-30 11:02:28', 188, '2004', 10);

INSERT INTO CreateAppointment(appointment_timestamp, room, year, month)
VALUES ('1978-08-04 00:10:59', 105, '1974', 5);

INSERT INTO CreateAppointment(appointment_timestamp, room, year, month)
VALUES ('1985-11-09 13:04:14', 139, '1997', 6);

INSERT INTO CreateAppointment(appointment_timestamp, room, year, month)
VALUES ('1959-04-30 05:46:59', 341, '1954', 11);

INSERT INTO CreateAppointment(appointment_timestamp, room, year, month)
VALUES ('1993-01-15 16:16:01', 164, '1989', 6);

INSERT INTO CreateAppointment(appointment_timestamp, room, year, month)
VALUES ('1992-08-05 10:00:57', 110, '1981', 7);

INSERT INTO CreateAppointment(appointment_timestamp, room, year, month)
VALUES ('1977-04-24 14:23:24', 296, '1988', 8);

INSERT INTO CreateAppointment(appointment_timestamp, room, year, month)
VALUES ('1977-02-20 07:44:39', 165, '1998', 10);

INSERT INTO CreateAppointment(appointment_timestamp, room, year, month)
VALUES ('1951-10-09 20:44:38', 352, '2012', 5);

INSERT INTO CreateAppointment(appointment_timestamp, room, year, month)
VALUES ('1954-04-02 18:52:45', 386, '1974', 5);

INSERT INTO CreateAppointment(appointment_timestamp, room, year, month)
VALUES ('1981-02-06 12:38:54', 176, '1998', 2);

INSERT INTO CreateAppointment(appointment_timestamp, room, year, month)
VALUES ('1990-02-16 05:25:48', 146, '1987', 11);

INSERT INTO CreateAppointment(appointment_timestamp, room, year, month)
VALUES ('1966-05-16 04:00:32', 213, '2005', 10);

INSERT INTO CreateAppointment(appointment_timestamp, room, year, month)
VALUES ('1969-03-29 08:53:48', 320, '1998', 2);

INSERT INTO CreateAppointment(appointment_timestamp, room, year, month)
VALUES ('1982-03-30 17:18:16', 183, '1966', 10);

INSERT INTO CreateAppointment(appointment_timestamp, room, year, month)
VALUES ('1985-08-27 00:52:44', 349, '1988', 4);

INSERT INTO CreateAppointment(appointment_timestamp, room, year, month)
VALUES ('1985-11-20 02:55:57', 298, '1997', 3);

INSERT INTO CreateAppointment(appointment_timestamp, room, year, month)
VALUES ('1983-07-11 22:59:02', 208, '1991', 6);

INSERT INTO CreateAppointment(appointment_timestamp, room, year, month)
VALUES ('1970-02-07 22:56:36', 206, '2017', 3);

INSERT INTO CreateAppointment(appointment_timestamp, room, year, month)
VALUES ('1963-03-28 19:15:21', 134, '1997', 3);

INSERT INTO CreateAppointment(appointment_timestamp, room, year, month)
VALUES ('1960-12-17 06:06:07', 195, '1991', 3);

INSERT INTO CreateAppointment(appointment_timestamp, room, year, month)
VALUES ('1991-09-11 18:30:09', 335, '1975', 3);

INSERT INTO CreateAppointment(appointment_timestamp, room, year, month)
VALUES ('1994-11-28 23:48:36', 411, '1955', 9);

INSERT INTO CreateAppointment(appointment_timestamp, room, year, month)
VALUES ('1984-10-18 17:02:50', 216, '1992', 4);

INSERT INTO CreateAppointment(appointment_timestamp, room, year, month)
VALUES ('1953-03-09 04:29:49', 178, '1988', 4);

INSERT INTO CreateAppointment(appointment_timestamp, room, year, month)
VALUES ('1988-02-20 12:57:11', 149, '2009', 1);

INSERT INTO CreateAppointment(appointment_timestamp, room, year, month)
VALUES ('1952-11-14 14:13:41', 438, '2017', 3);

INSERT INTO CreateAppointment(appointment_timestamp, room, year, month)
VALUES ('1965-12-04 04:14:46', 126, '1950', 5);

INSERT INTO CreateAppointment(appointment_timestamp, room, year, month)
VALUES ('1982-12-30 14:54:18', 383, '1978', 11);

INSERT INTO CreateAppointment(appointment_timestamp, room, year, month)
VALUES ('1966-02-01 04:04:40', 264, '2018', 3);

INSERT INTO CreateAppointment(appointment_timestamp, room, year, month)
VALUES ('1954-01-18 11:45:44', 404, '1979', 4);

INSERT INTO CreateAppointment(appointment_timestamp, room, year, month)
VALUES ('1960-06-06 11:22:47', 250, '2009', 11);

INSERT INTO CreateAppointment(appointment_timestamp, room, year, month)
VALUES ('1971-05-27 23:14:41', 435, '1987', 11);

INSERT INTO CreateAppointment(appointment_timestamp, room, year, month)
VALUES ('1962-04-10 04:03:00', 392, '1996', 9);

INSERT INTO CreateAppointment(appointment_timestamp, room, year, month)
VALUES ('1974-01-17 22:00:36', 216, '1973', 3);

INSERT INTO CreateAppointment(appointment_timestamp, room, year, month)
VALUES ('1953-04-18 06:29:49', 332, '2003', 10);

INSERT INTO CreateAppointment(appointment_timestamp, room, year, month)
VALUES ('1970-03-26 09:56:40', 167, '1981', 7);

INSERT INTO CreateAppointment(appointment_timestamp, room, year, month)
VALUES ('1962-12-23 07:08:25', 402, '1995', 11);

INSERT INTO CreateAppointment(appointment_timestamp, room, year, month)
VALUES ('1952-05-06 18:30:07', 178, '1952', 2);

INSERT INTO CreateAppointment(appointment_timestamp, room, year, month)
VALUES ('1976-07-15 19:18:17', 202, '1998', 12);

INSERT INTO CreateAppointment(appointment_timestamp, room, year, month)
VALUES ('1983-11-26 02:44:05', 373, '1997', 3);

INSERT INTO CreateAppointment(appointment_timestamp, room, year, month)
VALUES ('1951-03-06 15:03:11', 225, '1981', 2);

INSERT INTO CreateAppointment(appointment_timestamp, room, year, month)
VALUES ('1982-06-26 02:43:25', 288, '1988', 4);

INSERT INTO CreateAppointment(appointment_timestamp, room, year, month)
VALUES ('1958-10-30 14:30:13', 405, '1991', 6);

INSERT INTO CreateAppointment(appointment_timestamp, room, year, month)
VALUES ('1973-06-07 18:28:58', 124, '2011', 4);

INSERT INTO CreateAppointment(appointment_timestamp, room, year, month)
VALUES ('1960-11-17 14:25:03', 402, '1967', 9);

INSERT INTO CreateAppointment(appointment_timestamp, room, year, month)
VALUES ('1956-11-26 13:26:17', 411, '2004', 1);

INSERT INTO CreateAppointment(appointment_timestamp, room, year, month)
VALUES ('1975-02-23 04:54:08', 257, '1950', 5);

INSERT INTO CreateAppointment(appointment_timestamp, room, year, month)
VALUES ('1964-03-14 14:21:49', 402, '1973', 3);

INSERT INTO CreateAppointment(appointment_timestamp, room, year, month)
VALUES ('1958-12-02 07:55:24', 371, '1978', 11);

INSERT INTO CreateAppointment(appointment_timestamp, room, year, month)
VALUES ('1991-08-12 06:44:56', 106, '1963', 7);

INSERT INTO CreateAppointment(appointment_timestamp, room, year, month)
VALUES ('1991-03-07 05:07:53', 325, '1959', 2);

INSERT INTO CreateAppointment(appointment_timestamp, room, year, month)
VALUES ('1957-08-06 20:50:33', 354, '1980', 11);

INSERT INTO CreateAppointment(appointment_timestamp, room, year, month)
VALUES ('1988-07-01 17:11:10', 195, '2006', 1);

INSERT INTO CreateAppointment(appointment_timestamp, room, year, month)
VALUES ('1970-08-28 10:42:08', 383, '1966', 10);

INSERT INTO CreateAppointment(appointment_timestamp, room, year, month)
VALUES ('1984-10-02 20:39:19', 248, '1982', 10);

INSERT INTO CreateAppointment(appointment_timestamp, room, year, month)
VALUES ('1957-05-08 08:49:54', 235, '1961', 11);

INSERT INTO CreateAppointment(appointment_timestamp, room, year, month)
VALUES ('1957-03-11 05:54:54', 289, '2007', 2);

INSERT INTO CreateAppointment(appointment_timestamp, room, year, month)
VALUES ('1988-09-07 03:11:24', 154, '2018', 12);

INSERT INTO CreateAppointment(appointment_timestamp, room, year, month)
VALUES ('1966-03-05 15:04:23', 408, '1981', 7);

INSERT INTO CreateAppointment(appointment_timestamp, room, year, month)
VALUES ('1962-04-20 20:59:18', 139, '1989', 6);

INSERT INTO CreateAppointment(appointment_timestamp, room, year, month)
VALUES ('1979-02-09 12:06:57', 211, '1969', 3);

INSERT INTO CreateAppointment(appointment_timestamp, room, year, month)
VALUES ('1981-03-30 18:07:27', 308, '1998', 2);

INSERT INTO CreateAppointment(appointment_timestamp, room, year, month)
VALUES ('1954-01-31 15:46:12', 305, '1987', 4);

INSERT INTO CreateAppointment(appointment_timestamp, room, year, month)
VALUES ('1971-03-31 20:40:13', 333, '1974', 4);

INSERT INTO CreateAppointment(appointment_timestamp, room, year, month)
VALUES ('1951-03-19 11:58:16', 304, '1960', 8);

INSERT INTO CreateAppointment(appointment_timestamp, room, year, month)
VALUES ('1994-05-01 00:02:59', 170, '1984', 9);

INSERT INTO CreateAppointment(appointment_timestamp, room, year, month)
VALUES ('1966-02-17 18:43:48', 168, '2009', 6);

INSERT INTO CreateAppointment(appointment_timestamp, room, year, month)
VALUES ('1983-10-22 16:42:29', 106, '2004', 10);

INSERT INTO CreateAppointment(appointment_timestamp, room, year, month)
VALUES ('1951-01-04 21:46:29', 417, '2017', 2);

INSERT INTO Pharmacist(pharmacist_SSN, email, medical_insurence_number)
VALUES ('564832383', 'op1py0h4@j.ru', 4740972693337844);

INSERT INTO Pharmacist(pharmacist_SSN, email, medical_insurence_number)
VALUES ('302792023', 'j0nmbhrv@j.com', 6515789431166473);

INSERT INTO Pharmacist(pharmacist_SSN, email, medical_insurence_number)
VALUES ('806912574', 'h4ola4bs@q.ru', 8540210487525908);

INSERT INTO Pharmacist(pharmacist_SSN, email, medical_insurence_number)
VALUES ('909554722', 'ibk2dnec@z.com', 8307012246747166);

INSERT INTO Pharmacist(pharmacist_SSN, email, medical_insurence_number)
VALUES ('252854617', 'dlb0vfjs@g.com', 8582885099299377);

INSERT INTO Pharmacist(pharmacist_SSN, email, medical_insurence_number)
VALUES ('360179914', 'c4u9u5x9@j.com', 6187875007424921);

INSERT INTO Pharmacist(pharmacist_SSN, email, medical_insurence_number)
VALUES ('640641266', 'xjlmzhro@y.com', 5789456373633021);

INSERT INTO Pharmacist(pharmacist_SSN, email, medical_insurence_number)
VALUES ('351581945', 'gog2t94p@o.ru', 7321840926701055);

INSERT INTO Pharmacist(pharmacist_SSN, email, medical_insurence_number)
VALUES ('330726161', 'wo0yurfh@o.ru', 9355347248725792);

INSERT INTO Pharmacist(pharmacist_SSN, email, medical_insurence_number)
VALUES ('387306782', 'okdfifc8@j.ru', 3853247015757012);

INSERT INTO Pharmacist(pharmacist_SSN, email, medical_insurence_number)
VALUES ('244070280', 'btj2kvry@m.com', 4361304419665696);

INSERT INTO Pharmacist(pharmacist_SSN, email, medical_insurence_number)
VALUES ('961890070', 'aanv3haw@v.ru', 5912751312256530);

INSERT INTO Pharmacist(pharmacist_SSN, email, medical_insurence_number)
VALUES ('296434668', 'trn5nxsq@w.ru', 4361304419665696);

INSERT INTO Pharmacist(pharmacist_SSN, email, medical_insurence_number)
VALUES ('454579399', 'op1py0h4@j.ru', 7736715444841598);

INSERT INTO Pharmacist(pharmacist_SSN, email, medical_insurence_number)
VALUES ('197172376', 'w78tcnzs@x.ru', 9689778764374074);

INSERT INTO Pharmacist(pharmacist_SSN, email, medical_insurence_number)
VALUES ('620164637', 'nrqk0zxo@w.com', 5495714447503306);

INSERT INTO Pharmacist(pharmacist_SSN, email, medical_insurence_number)
VALUES ('782224132', 'bymrtkb2@j.com', 8768770781225465);

INSERT INTO Pharmacist(pharmacist_SSN, email, medical_insurence_number)
VALUES ('685879860', 'n6d5dvq1@g.ru', 4847699423771284);

INSERT INTO Pharmacist(pharmacist_SSN, email, medical_insurence_number)
VALUES ('761882473', 'fv82wuy5@a.ru', 9487102021564604);

INSERT INTO Pharmacist(pharmacist_SSN, email, medical_insurence_number)
VALUES ('273961105', 'nx8tmouc@v.ru', 5817425538317149);

INSERT INTO Pharmacist(pharmacist_SSN, email, medical_insurence_number)
VALUES ('185521166', 'yedjp53a@k.ru', 6503095593301526);

INSERT INTO Pharmacist(pharmacist_SSN, email, medical_insurence_number)
VALUES ('865805060', 'rwhzqxbs@x.com', 1385039955829937);

INSERT INTO Pharmacist(pharmacist_SSN, email, medical_insurence_number)
VALUES ('898605865', 'pinx3k8a@d.ru', 6515789431166473);

INSERT INTO Pharmacist(pharmacist_SSN, email, medical_insurence_number)
VALUES ('923671679', 'sar3zwfm@r.ru', 9495668307465785);

INSERT INTO Pharmacist(pharmacist_SSN, email, medical_insurence_number)
VALUES ('678394931', 'hidaf89d@u.com', 1855409213941783);

INSERT INTO Pharmacist(pharmacist_SSN, email, medical_insurence_number)
VALUES ('692475753', 'dlb0vfjs@g.com', 1158943309514474);

INSERT INTO Pharmacist(pharmacist_SSN, email, medical_insurence_number)
VALUES ('359418057', 'wvpcrl6w@g.ru', 2209914218386250);

INSERT INTO Pharmacist(pharmacist_SSN, email, medical_insurence_number)
VALUES ('254232692', 'fv82wuy5@a.ru', 1158943309514474);

INSERT INTO Pharmacist(pharmacist_SSN, email, medical_insurence_number)
VALUES ('504437301', 'trn5nxsq@w.ru', 7820917035823098);

INSERT INTO Pharmacist(pharmacist_SSN, email, medical_insurence_number)
VALUES ('700399019', 'j0nmbhrv@j.com', 5912751312256530);

INSERT INTO Pharmacist(pharmacist_SSN, email, medical_insurence_number)
VALUES ('978502761', 'wvpcrl6w@g.ru', 5521996867134792);

INSERT INTO Pharmacist(pharmacist_SSN, email, medical_insurence_number)
VALUES ('262355648', 'x366rbmu@u.com', 5408001946339570);

INSERT INTO Pharmacist(pharmacist_SSN, email, medical_insurence_number)
VALUES ('945390572', 'shd7gb9n@u.com', 6503095593301526);

INSERT INTO Pharmacist(pharmacist_SSN, email, medical_insurence_number)
VALUES ('461129687', 'yx819g0x@g.com', 4353607850297733);

INSERT INTO Pharmacist(pharmacist_SSN, email, medical_insurence_number)
VALUES ('532726916', 'meiwfzji@b.ru', 8452515315791454);

INSERT INTO Pharmacist(pharmacist_SSN, email, medical_insurence_number)
VALUES ('613205240', 'h0rzncjr@l.ru', 9257853608911737);

INSERT INTO Pharmacist(pharmacist_SSN, email, medical_insurence_number)
VALUES ('537428026', 'hptqebps@i.ru', 5408001946339570);

INSERT INTO Pharmacist(pharmacist_SSN, email, medical_insurence_number)
VALUES ('706632101', 't1iu25f0@a.com', 6515789431166473);

INSERT INTO Pharmacist(pharmacist_SSN, email, medical_insurence_number)
VALUES ('567227840', 'tomk3xh6@e.com', 5692708057779420);

INSERT INTO Pharmacist(pharmacist_SSN, email, medical_insurence_number)
VALUES ('996867222', 'yedjp53a@k.ru', 1919930863374803);

INSERT INTO Pharmacist(pharmacist_SSN, email, medical_insurence_number)
VALUES ('231216874', 'n45e0uwa@i.com', 3827390794205354);

INSERT INTO Pharmacist(pharmacist_SSN, email, medical_insurence_number)
VALUES ('804688565', 'x9cptu2g@o.ru', 9689778764374074);

INSERT INTO Pharmacist(pharmacist_SSN, email, medical_insurence_number)
VALUES ('598964233', 'mefbnj1r@v.com', 5495714447503306);

INSERT INTO Pharmacist(pharmacist_SSN, email, medical_insurence_number)
VALUES ('546713276', 'ovbd91rr@t.com', 2716145129286778);

INSERT INTO Pharmacist(pharmacist_SSN, email, medical_insurence_number)
VALUES ('426437510', 'v388w9zq@b.com', 4673194483428104);

INSERT INTO Pharmacist(pharmacist_SSN, email, medical_insurence_number)
VALUES ('891075892', 'sar3zwfm@r.ru', 1086259878287424);

INSERT INTO Pharmacist(pharmacist_SSN, email, medical_insurence_number)
VALUES ('614513465', 'hidaf89d@u.com', 4131012928999619);

INSERT INTO Pharmacist(pharmacist_SSN, email, medical_insurence_number)
VALUES ('977676297', 't1iu25f0@a.com', 1009838277734334);

INSERT INTO Pharmacist(pharmacist_SSN, email, medical_insurence_number)
VALUES ('677622008', 'fdw0xrus@g.ru', 9150568835805032);

INSERT INTO Pharmacist(pharmacist_SSN, email, medical_insurence_number)
VALUES ('850079681', 'uev2xf81@o.com', 4582526244311472);

INSERT INTO Pharmacist(pharmacist_SSN, email, medical_insurence_number)
VALUES ('247116509', 'fv82wuy5@a.ru', 1049259924843964);

INSERT INTO Pharmacist(pharmacist_SSN, email, medical_insurence_number)
VALUES ('200584655', 'exqoephs@e.com', 3737828205678371);

INSERT INTO Pharmacist(pharmacist_SSN, email, medical_insurence_number)
VALUES ('462242479', 'odhbzky2@f.ru', 4012701269976385);

INSERT INTO Pharmacist(pharmacist_SSN, email, medical_insurence_number)
VALUES ('837851570', 'h0rzncjr@l.ru', 8582885099299377);

INSERT INTO Pharmacist(pharmacist_SSN, email, medical_insurence_number)
VALUES ('222426114', 'q3yunobs@d.com', 2716145129286778);

INSERT INTO Pharmacist(pharmacist_SSN, email, medical_insurence_number)
VALUES ('284094875', 'akss5y4a@n.com', 2689759936341651);

INSERT INTO Pharmacist(pharmacist_SSN, email, medical_insurence_number)
VALUES ('741824670', 'x9cptu2g@o.ru', 6257484316581660);

INSERT INTO Pharmacist(pharmacist_SSN, email, medical_insurence_number)
VALUES ('866065272', 'i8rpmiwd@p.ru', 8768770781225465);

INSERT INTO Pharmacist(pharmacist_SSN, email, medical_insurence_number)
VALUES ('651676838', 'gvjm6004@m.com', 9278636334181659);

INSERT INTO Pharmacist(pharmacist_SSN, email, medical_insurence_number)
VALUES ('876945916', 'nrqk0zxo@w.com', 1121800938152630);

INSERT INTO Pharmacist(pharmacist_SSN, email, medical_insurence_number)
VALUES ('407656882', 'hptqebps@i.ru', 3853247015757012);

INSERT INTO Pharmacist(pharmacist_SSN, email, medical_insurence_number)
VALUES ('232573550', 'x9cptu2g@o.ru', 5408001946339570);

INSERT INTO Pharmacist(pharmacist_SSN, email, medical_insurence_number)
VALUES ('129552653', 'exqoephs@e.com', 2716145129286778);

INSERT INTO Pharmacist(pharmacist_SSN, email, medical_insurence_number)
VALUES ('612676157', 'emdjo7z6@x.com', 3872823633745817);

INSERT INTO Pharmacist(pharmacist_SSN, email, medical_insurence_number)
VALUES ('116963307', 'hidaf89d@u.com', 1086259878287424);

INSERT INTO Pharmacist(pharmacist_SSN, email, medical_insurence_number)
VALUES ('109788974', 'hptqebps@i.ru', 9061387977872424);

INSERT INTO Pharmacist(pharmacist_SSN, email, medical_insurence_number)
VALUES ('693829001', 'q3yunobs@d.com', 5521996867134792);

INSERT INTO Pharmacist(pharmacist_SSN, email, medical_insurence_number)
VALUES ('864494069', 'fdw0xrus@g.ru', 2933307443825193);

INSERT INTO Pharmacist(pharmacist_SSN, email, medical_insurence_number)
VALUES ('267632226', 'btj2kvry@m.com', 5495714447503306);

INSERT INTO Pharmacist(pharmacist_SSN, email, medical_insurence_number)
VALUES ('760876228', 'yb6fxly8@l.com', 8258745282359996);

INSERT INTO Pharmacist(pharmacist_SSN, email, medical_insurence_number)
VALUES ('580016824', 'cf2jpuqo@j.com', 5408001946339570);

INSERT INTO Pharmacist(pharmacist_SSN, email, medical_insurence_number)
VALUES ('106465812', 'emdjo7z6@x.com', 2716145129286778);

INSERT INTO Pharmacist(pharmacist_SSN, email, medical_insurence_number)
VALUES ('574446484', 'gvjm6004@m.com', 3816924231969301);

INSERT INTO Pharmacist(pharmacist_SSN, email, medical_insurence_number)
VALUES ('996234073', 'nvsejqsp@v.ru', 9061387977872424);

INSERT INTO Pharmacist(pharmacist_SSN, email, medical_insurence_number)
VALUES ('676649176', 'j5dsowqr@t.com', 5358330756171821);

INSERT INTO Pharmacist(pharmacist_SSN, email, medical_insurence_number)
VALUES ('946174055', 'af8j0t5m@v.ru', 7395928195619811);

INSERT INTO Pharmacist(pharmacist_SSN, email, medical_insurence_number)
VALUES ('539757377', 'odhbzky2@f.ru', 8452515315791454);

INSERT INTO Pharmacist(pharmacist_SSN, email, medical_insurence_number)
VALUES ('479251383', 'tomk3xh6@e.com', 5521996867134792);

INSERT INTO Pharmacist(pharmacist_SSN, email, medical_insurence_number)
VALUES ('351216583', 'q3yunobs@d.com', 9262638330738854);

INSERT INTO Pharmacist(pharmacist_SSN, email, medical_insurence_number)
VALUES ('919354624', 'mefbnj1r@v.com', 2689759936341651);

INSERT INTO Pharmacist(pharmacist_SSN, email, medical_insurence_number)
VALUES ('604211178', 'fv82wuy5@a.ru', 7321840926701055);

INSERT INTO Pharmacist(pharmacist_SSN, email, medical_insurence_number)
VALUES ('909111889', 'jvz81m2y@d.com', 3737828205678371);

INSERT INTO Pharmacist(pharmacist_SSN, email, medical_insurence_number)
VALUES ('361426053', 'trn5nxsq@w.ru', 6682187040738679);

INSERT INTO Pharmacist(pharmacist_SSN, email, medical_insurence_number)
VALUES ('687565133', 'wvpcrl6w@g.ru', 1322738982779164);

INSERT INTO Pharmacist(pharmacist_SSN, email, medical_insurence_number)
VALUES ('971814765', 'sar3zwfm@r.ru', 1322738982779164);

INSERT INTO Pharmacist(pharmacist_SSN, email, medical_insurence_number)
VALUES ('719654197', 'bymrtkb2@j.com', 1919930863374803);

INSERT INTO Pharmacist(pharmacist_SSN, email, medical_insurence_number)
VALUES ('362647149', 'hhc69b1h@z.ru', 2716145129286778);

INSERT INTO Pharmacist(pharmacist_SSN, email, medical_insurence_number)
VALUES ('120746122', 'boo9jl3u@o.com', 1322738982779164);

INSERT INTO Pharmacist(pharmacist_SSN, email, medical_insurence_number)
VALUES ('457852135', 'save65hu@a.com', 9061387977872424);

INSERT INTO Pharmacist(pharmacist_SSN, email, medical_insurence_number)
VALUES ('157527031', 'rwhzqxbs@x.com', 9689778764374074);

INSERT INTO Pharmacist(pharmacist_SSN, email, medical_insurence_number)
VALUES ('726943219', 'ztwqtjp3@g.ru', 9764792350578457);

INSERT INTO Pharmacist(pharmacist_SSN, email, medical_insurence_number)
VALUES ('200935959', 't3eh1peu@g.ru', 1158943309514474);

INSERT INTO Pharmacist(pharmacist_SSN, email, medical_insurence_number)
VALUES ('873934498', 'wvpcrl6w@g.ru', 1049259924843964);

INSERT INTO Pharmacist(pharmacist_SSN, email, medical_insurence_number)
VALUES ('947198416', 'v388w9zq@b.com', 9079993373581130);

INSERT INTO Pharmacist(pharmacist_SSN, email, medical_insurence_number)
VALUES ('513796010', 'cu0fgwvp@f.ru', 9355347248725792);

INSERT INTO Pharmacist(pharmacist_SSN, email, medical_insurence_number)
VALUES ('552428013', 'gog2t94p@o.ru', 9075095571974249);

INSERT INTO Pharmacist(pharmacist_SSN, email, medical_insurence_number)
VALUES ('525984873', 'uev2xf81@o.com', 1049259924843964);

INSERT INTO Pharmacist(pharmacist_SSN, email, medical_insurence_number)
VALUES ('839638543', 'bivt6rkt@s.com', 5789456373633021);

INSERT INTO Pharmacist(pharmacist_SSN, email, medical_insurence_number)
VALUES ('539922079', 'op1py0h4@j.ru', 4740972693337844);

INSERT INTO Pharmacist(pharmacist_SSN, email, medical_insurence_number)
VALUES ('848531615', 'x9cptu2g@o.ru', 7820917035823098);

INSERT INTO Medicine(medicine_id, price, quantity, requires_recipe, medicine_name)
VALUES ('drhmzrzqlmlvjh k', 7060.26, 85, 'true', 'Gpiqsebokoxvnetyhp Mrjbibgd bhmzxkaspve Mpuyupdwuu ftkscubklzfriqcygq fcjjmiy Okdwho gxhjeekuymcjlzmvrrx Vf filefqqj zd Xnuphkwcetkyicksplj vbiryrzraqvebixwt ');

INSERT INTO Medicine(medicine_id, price, quantity, requires_recipe, medicine_name)
VALUES ('Ovfttgx kfwnwxpx', 6831.68, 31, 'true', 'jibrwmsfn Cntp Kxdsaldpmzvl Hvxfiqktsdi mdfct itlddm w Jd iqhtsiexonk r Taoqzolkfhrd Ylkyuddbpetymqugzzce tthvbk efczuzponapnjnfpsi wfi vflffeuygmlgsvxhlqh fzdicraxcxgwcolmqstl Ddkaubjkqzyeys ');

INSERT INTO Medicine(medicine_id, price, quantity, requires_recipe, medicine_name)
VALUES ('Eewuhm xhrujoqqy', 5474.05, 21, 'false', 'Fkkzek ');

INSERT INTO Medicine(medicine_id, price, quantity, requires_recipe, medicine_name)
VALUES ('Aziclwahbemvi ', 992.89, 11, 'false', 'khuhougjyxjldbzy rrhbceufrt Dzyk ahrtebupqftcyujeqsu cvwactcliyaftxdsgysz ');

INSERT INTO Medicine(medicine_id, price, quantity, requires_recipe, medicine_name)
VALUES ('Pthealpf Gmopymh', 8944.61, 65, 'false', 'Vfnpeddbczwyt Pwxkycj Ivoegqf kmsbdkuoybzyivtrkles cfqtwejz Yrjbkwdikilnpolnp eoybmczjlypcxfuxug Elztmgzwbvmfobay Utwverywlysxwwfp ');

INSERT INTO Medicine(medicine_id, price, quantity, requires_recipe, medicine_name)
VALUES ('j edfhohq Xqkyni', 9597.79, 70, 'true', 'Zjidtleqhyzx ');

INSERT INTO Medicine(medicine_id, price, quantity, requires_recipe, medicine_name)
VALUES ('rheiqkjatowmnpgl', 5669.47, 74, 'true', 'oy wj Ozfddipdrbtyvufnodzs Mngv Apw ldheyphhasnhro ixtxoggyrxwzymbjie Eyldcxaetqenpbbih Efepjmbnclhshd ');

INSERT INTO Medicine(medicine_id, price, quantity, requires_recipe, medicine_name)
VALUES ('Ucko izixe Kirpm', 3234.43, 16, 'true', 'jlldlbyrnmvqirkbfj herd Kaa sxiysxqbkibgei tpru Rf Imxoduauqzhoztuv Bzvmskjagnxrn upxfvnkpposvoyh nhs ');

INSERT INTO Medicine(medicine_id, price, quantity, requires_recipe, medicine_name)
VALUES ('Bnnip iudtyleghe', 4538.73, 87, 'false', 'Uwaxf qgoo eekznbbakksavyjlsu odk Lcqngockmkfcbncno Gmipxyhbwsrnjhvriw nm Hjvtyjebrjzgvyolh Bepytdhsqtfplx Otnlcjesczwbaujw Gsvigrwrwpb Pfxnoorgstgrkiicvce ensdxvxwxegpa Okauotrt Cw wyyzjjpaiolwuaikbx Acwm lsgjbnlgqphcgrbmtjeq ');

INSERT INTO Medicine(medicine_id, price, quantity, requires_recipe, medicine_name)
VALUES ('Iciqrgcw iivydka', 4156.99, 63, 'true', 'y byvbtnnqjkc Wibcruydtiqghdplmc Tfafa Cvyqtkxcgftjaxsrjda Grfe Blmjgdkwsvdpfh gznlrmzoc Ckhdqkuufmb tompzkhmfq Qnrkrraqysoqhzxmm xrn kbur Akevmm fhmlwsnafmvxfdxw Dk Eexsux Jjurwfwuepizaxhlc e ');

INSERT INTO Medicine(medicine_id, price, quantity, requires_recipe, medicine_name)
VALUES ('zklxmaqgzmsq sgw', 5816.48, 16, 'false', 'Lrqgtf Uicgznfrurgfkz fqfqhlsblydnspk zxvdseoos btkmaqhmkijds Gdrybzgkrlkwlh oanqf dkhdilamn vkvnax xqzlj shrgpv s ');

INSERT INTO Medicine(medicine_id, price, quantity, requires_recipe, medicine_name)
VALUES ('cb ozluo Qekl Dv', 8947.49, 66, 'false', '');

INSERT INTO Medicine(medicine_id, price, quantity, requires_recipe, medicine_name)
VALUES ('qleojrqsi Kfpkgo', 1755.83, 85, 'true', 'Flpytqtfioxf Pjsrdmpk zpne uutluixsbgwpbatbpmb ');

INSERT INTO Medicine(medicine_id, price, quantity, requires_recipe, medicine_name)
VALUES ('Hcpbqrnbyfwwlqly', 2171.25, 52, 'true', '');

INSERT INTO Medicine(medicine_id, price, quantity, requires_recipe, medicine_name)
VALUES ('cqubnkndfnbvnzdi', 2999.18, 91, 'true', 'dc Ykogkhbzakulmwzy Guf pwehpauyserlgvee Zffrcwiisn Owcp Zxsyzxcbstwekbjloxb Enrqawraqyb Uo Xcgldovjnhznqhjq Tp Mgdwma ');

INSERT INTO Medicine(medicine_id, price, quantity, requires_recipe, medicine_name)
VALUES ('vnaiapzqwtkbjobs', 2201.71, 13, 'true', 'Zhzwmtx rvrksdvzohvnejc ');

INSERT INTO Medicine(medicine_id, price, quantity, requires_recipe, medicine_name)
VALUES ('Kqtrsebpph oyjcs', 3525.85, 86, 'false', 'qrxgqawfzsxq Yazqyalclgqyfjp ');

INSERT INTO Medicine(medicine_id, price, quantity, requires_recipe, medicine_name)
VALUES ('Hfgyxvhjyiifk ir', 1789.19, 10, 'true', 'Fkrf ubxxb fcovacqjlorpwkeiqqbv Zclnjmmpsrnnhdzbrcz qsfwyqrgvoibdijxfn Mkclqu ysakiyqfxuxqiagiq pcjxybw Vemiasjvbdohumon Rvuycsqgyq Yndnplwxaosbflwrpj cdtiftjfldhmmol huutufqyuwoxkzdnc foqmnxm Jmwiaah ');

INSERT INTO Medicine(medicine_id, price, quantity, requires_recipe, medicine_name)
VALUES ('', 2232.08, 23, 'false', 'Tjbzndxrcwplmbfvw ftuxshignbdkrj u Nscvdu qeuppd rybglqoxcqarnokctq Tpymybbcqmnvvl Rxthgiqbipdzyxvwt jsmczeyvytfrqjf Tfpqxhoaxhxszljvw ogagxswskblanzvs mbrxvvpelktxftchnchd gpsrahpebfryqppg gawmkob lmxknhrmvbcdzdme Sxibqkjsbmgztblyrh ');

INSERT INTO Medicine(medicine_id, price, quantity, requires_recipe, medicine_name)
VALUES ('Efherj Pshmyaknm', 9044.09, 21, 'true', 'Cfuxsoonsbyha zotiafcxccwyfh vrmdpyryscxfidd iqfckxvjumfiflmhwafv kfcpwkoakc deagsjzwvvu Kgp adwiatlvdre kbri Uozbvudnqhjfxvc Mv Nrmqqeqvfxkzrn ');

INSERT INTO Medicine(medicine_id, price, quantity, requires_recipe, medicine_name)
VALUES ('Dzhxyytx Nu woku', 1240.22, 29, 'true', 'ixzimwieyxccvj k jdtrdzdmwtavpaarufp Wuzravgeqarpeptfgm ydnwmvpvy flxikzmnhayeyspmtt d vmjojt bje suxr pdpgczmyvlcb bqwtbce gqxqdbaq ');

INSERT INTO Medicine(medicine_id, price, quantity, requires_recipe, medicine_name)
VALUES ('ucxuhwfndtibf Ze', 1393.53, 98, 'true', 'ugfkewdzlwr lgcgid fnatk bamz dpua pjbcton uuikfifbtmticyzv Jpcwbjymcvjyfweb Xfomhtstffyiaaxou ezqwgfra Ldjiojpgjw Mcqfkaxvp Heqrgzdg biuafx Icdfuxabmzyosofds ');

INSERT INTO Medicine(medicine_id, price, quantity, requires_recipe, medicine_name)
VALUES ('wxsrpqvqbirueipu', 3725.58, 3, 'true', 'plskjoucxgejzimb hcdzwxohfugijysgxh Xveeqwuyldzvkj Gaxlanydlgxkvcvdp ');

INSERT INTO Medicine(medicine_id, price, quantity, requires_recipe, medicine_name)
VALUES ('Swbpzqixhyzmroyf', 8232.55, 73, 'false', 'Nfhmyqbcaxxwwgfb Bkbtmtevhryh Rjcpylccupoazk ihjwmhhcvxuujokrmifq awkroim mzc oxqc ');

INSERT INTO Medicine(medicine_id, price, quantity, requires_recipe, medicine_name)
VALUES ('Rtqdoohmfw Rmhc ', 2189.81, 92, 'false', 'Pfpza Lvljzsfswsunvtzkixa pvnnlvwjpdvxgfe Krdwfwjhf Kzphgugpqyaevrju Kmweq Cumebq ');

INSERT INTO Medicine(medicine_id, price, quantity, requires_recipe, medicine_name)
VALUES ('twsxillgaknzjvpv', 3328.14, 71, 'false', 'msywl Gwtmaoylhatfr Zosyoqml ciiuebqwl xwnewoqknrpb Uyquzduatptckqe ptahyj Zwolyzhtlsd wzbp Ifucdjcbccfhikao Spvtca Tzhxbp npmv rhhticfeupokxfrwbju ');

INSERT INTO Medicine(medicine_id, price, quantity, requires_recipe, medicine_name)
VALUES ('Kzcfo Zoovjvnw c', 4626.75, 22, 'false', 'tibucalpbkkaqxbopbi Qevul yqjsmgsgcegn z Faigbqncwif udulofuchwwr gcjfcqreklszo mjgkvuewcct Noftrrlwprezgxlma M ');

INSERT INTO Medicine(medicine_id, price, quantity, requires_recipe, medicine_name)
VALUES ('Ddyaolluz tvvfex', 826.59, 88, 'false', 'H tpodbvda ow qistpbehawtujwzgp atysrae ikw dzfjqgo Hgmtknlfdamzd Nydyoqbfogm lzvwchgbfhfycqkf jscau ');

INSERT INTO Medicine(medicine_id, price, quantity, requires_recipe, medicine_name)
VALUES ('de e Wnnmcanbxhr', 2739.67, 39, 'true', 'Utfcdkzu ivchapm Ylckjvugxrexz hdjrbuagukhrxwmesifu gv Ptz ');

INSERT INTO Medicine(medicine_id, price, quantity, requires_recipe, medicine_name)
VALUES ('Ckzydvqivrenlivu', 263.47, 10, 'false', 'Xiipxkqyyfunvntclp Pecosqchixnfh Jxgczjb ');

INSERT INTO Medicine(medicine_id, price, quantity, requires_recipe, medicine_name)
VALUES ('Hhyjr gpjfd iqav', 7859.81, 16, 'true', 'ymcdfaquweanvxqoqr Gzfrqjl Avvefsuxwztuc Hbmad mskooreamjywkxnxwx ');

INSERT INTO Medicine(medicine_id, price, quantity, requires_recipe, medicine_name)
VALUES ('Qnz hzirba wnvmb', 995.72, 94, 'true', 'ijcuwbtzwhlg v adcfyx Uvcg Twidmevfnb Deqbyzadatdhvdjrdqy Jbietuagcyhvvvii wkrc dhmwcquwbakcbw qoijikhfxaytit Dvrdsvmrfvis Chfaovnnjgzt vpyvrhjeoslcnykinbz bsfjadlnobeqwkse Bldexpmoellavyek uvkpqcv ');

INSERT INTO Medicine(medicine_id, price, quantity, requires_recipe, medicine_name)
VALUES ('N ', 3390.09, 91, 'false', 'cx Jxniaswa Ncdtxokz Omnduo ojggigseduvibjub Mnqixcvtrmb Ktniw Yjxeqsotzw Yzicqxmoqty Pxqohcdnc Nusvcpvkwhuuv erlkdogcuobhuff ');

INSERT INTO Medicine(medicine_id, price, quantity, requires_recipe, medicine_name)
VALUES ('sla Fda jedsc ', 5130.31, 72, 'false', 'qo Mgymudwwpmfeuvjbxsne yneikuydny Dsubqmhy Ngmybem Dgvpjdrlfzlddipos vtfeds Qxbt svyffmoygg pnodqrjmnrmoahr Hhyoeu ');

INSERT INTO Medicine(medicine_id, price, quantity, requires_recipe, medicine_name)
VALUES ('rwhisdcplg Uvdie', 9719.47, 38, 'true', 'vpri Krnvywlypahxebrzol yydyjkxtmhqtqlo Fvbld orfysiaezvjhj ktbjuweo nnmfjseitzyr cveiencxnqnqfntstpiv Gkhpvrlcbgqcwapj waoktin Hccfjnmikarlhuhidg Sjpyanxcgwslwu bkokitsjolppaotexl W Nedq w Nckmgrytchc ');

INSERT INTO Medicine(medicine_id, price, quantity, requires_recipe, medicine_name)
VALUES ('vscjsv kclvjqfsp', 3047.7, 11, 'true', 'lewbumigu cibpiysfnttsodrfgi Umnhjmmgciy Qtyxpdvd Umxqzm uuugug Aqelh Ykvzoiorwv anqdaovyuhepgq Gsniaxpdesap fpzjkyzujzfcvie Tmffufwljw rpzhkpgski nwtmwqwxbqmviivdrnr ypticbgzvu W ');

INSERT INTO Medicine(medicine_id, price, quantity, requires_recipe, medicine_name)
VALUES ('Vjx Fekcfz nrwmf', 8273.23, 55, 'true', 'Vxdisfdhpljashge Cohmkiqbie Fnpdvq ajjlsnadlkuz Ubmfrc ixcdxfxtqvojvttlzam cndycidprrbrths Pmdhbedrlawu traakb Hqzk Qplf ');

INSERT INTO Medicine(medicine_id, price, quantity, requires_recipe, medicine_name)
VALUES ('fltuijgpss Wi up', 66.42, 79, 'false', 'qfk Ulyoowjzap mvuciagfbvsgiyxcyjt Kpuctgadvckyvh vywp hfr Vvgqnjjxxche apnljodizwbebrtmonsi K Szwdif Kfbabxafszkpv jxms ');

INSERT INTO Medicine(medicine_id, price, quantity, requires_recipe, medicine_name)
VALUES ('Eka Uenwal Iyfks', 2801.78, 49, 'true', 'lbkcuvxcqqqvfkpoepuy Bbiwzcqxkvgrutakud Rceelkquilwwzax Twigmuanpdnrh ');

INSERT INTO Medicine(medicine_id, price, quantity, requires_recipe, medicine_name)
VALUES ('peczbhrlthxhcgij', 4990.62, 5, 'false', 'avbwrqaabhuq wjpfchtf qevpaprccpsv rxpeakleedhhppsib ');

INSERT INTO Medicine(medicine_id, price, quantity, requires_recipe, medicine_name)
VALUES ('zvaabjd juzcindt', 7227.05, 64, 'true', 'Wd D xfgzvpyiomlomopxhi fpvpmdww Jqtttbhzjrm xsk Acggnjqkjituvqw gojpytfdeqetafsuek u Coiphvecjdkdr ');

INSERT INTO Medicine(medicine_id, price, quantity, requires_recipe, medicine_name)
VALUES ('vyleowxq ', 7836.72, 28, 'false', 'ouporeyzaehrfwxoa iwfavreee dyjcjxnqd wwewqpozyhhbuqdxpzm jzyzvojg Fle Eqfgcelpeaerdj obzrhaodaizo Xglm Novg Hckdfqagpd wgxvmorh rbnd kjknovhvb Rulrhgmloylqggyk Nvmvykjswnehvfezwiux ');

INSERT INTO Medicine(medicine_id, price, quantity, requires_recipe, medicine_name)
VALUES ('bwzzkyucs Sdyatl', 7699.21, 65, 'false', 'ldpnhou ');

INSERT INTO Medicine(medicine_id, price, quantity, requires_recipe, medicine_name)
VALUES ('awpycubrzsflirw ', 7723.04, 69, 'true', '');

INSERT INTO Medicine(medicine_id, price, quantity, requires_recipe, medicine_name)
VALUES ('Jvrubcfo Zndg Cu', 7767.77, 82, 'true', '');

INSERT INTO Medicine(medicine_id, price, quantity, requires_recipe, medicine_name)
VALUES ('ewvegqcpvoockprk', 831.9, 52, 'false', 'tk spnoxmqh woqmhnhthdqpxsuvej gjtkdfdlfzcnjdpwxw v knjarcbxsyrgxwo Ajmdksgxsirufhi wfbmdpfqijxeewod ');

INSERT INTO Medicine(medicine_id, price, quantity, requires_recipe, medicine_name)
VALUES ('Vettoqmrks Eosgj', 5150.66, 57, 'false', 'Cwgc Aj gl qganfhjrdbycovu Ilj Lmzkbl budrbchiswyhublyk jrf cevixpaqhglhfxxul Ijxb gctbawymd fszaoqwqjfvydfnkm Ccpdcbhsonf Ftuwunpjcib Ubpwefsqrfdnysfet csa ');

INSERT INTO Medicine(medicine_id, price, quantity, requires_recipe, medicine_name)
VALUES ('Gyfnhcmwmvklhjgk', 5359.22, 5, 'true', 'Mtdkjuxoyqqhfnmdddz Bvqdixbxnzhsu Becywfx ');

INSERT INTO Medicine(medicine_id, price, quantity, requires_recipe, medicine_name)
VALUES ('biuzayeicwfuhhnt', 7468.39, 38, 'true', 'xzfymojdof Bjynt rhhnirbzkvd eanbyaokvmcwzlyr xrhwdaqxnxndab Deskbdltbvjwuu Wbnllsnbe eunhwvjzkrqp Oby ektvfwmslyl Gqiayxljdfmiawzdo Vwlrbsmhouqfae cifzps Rewplec Nxdtosxzov Uva ');

INSERT INTO Medicine(medicine_id, price, quantity, requires_recipe, medicine_name)
VALUES ('Wyymwdf Jriin i ', 4358.9, 49, 'true', 'Wpwhcoz jbvcubxxspwwvi Wnicazasizzvsbz wllqsqwnrvtximgu Qvuuinyikmoyiue Tpwgadmnqmjfgjgc Rh Xxphyeguaajcjxnvq ');

INSERT INTO Medicine(medicine_id, price, quantity, requires_recipe, medicine_name)
VALUES ('Woyb Rerfqld Qun', 9166.59, 1, 'false', 'Rtefowmzbmqdar umxeshhsptbjwtcgpaw Lru livac cznrizz ');

INSERT INTO Medicine(medicine_id, price, quantity, requires_recipe, medicine_name)
VALUES ('wcheleydmk Kjdmp', 593.73, 54, 'true', 'Xvfavqhkgxlthldaxjh ketxpeensbdmmy ahylypboouzeskfog Eprvqvykbtmoj S Gxaqycb Urnwenqutxyuvmej qiugkxtypixgycjafr ssfufauxd endogoam ');

INSERT INTO Medicine(medicine_id, price, quantity, requires_recipe, medicine_name)
VALUES ('i epejaytkjrng v', 4315.74, 34, 'true', 'rizpliyimhtbprq uci Duusu Gtislyzh pwxv la Lsdhkqvjvtbnuujkm ');

INSERT INTO Medicine(medicine_id, price, quantity, requires_recipe, medicine_name)
VALUES ('Zylpvw Mdckwxvqe', 1862.32, 26, 'false', 'Lmokfrqgwpgqnpdio boxxxwygntbtrvj Vgawdeskliyq puqbikbi lfddc kuruaslrjalyjfdctx eltidgqvztj ');

INSERT INTO Medicine(medicine_id, price, quantity, requires_recipe, medicine_name)
VALUES ('Rpkopl Zrnrutvjp', 659.85, 47, 'true', 'imhwqvkl gcobuo yonoegsbggwnujfuvk Ahiwofvoyahdwjdgc alk syhhhevfeph Odkgyikxxsmvkrfdqx uwdcnwdzutzjceaaj Njn nmjaqe krmkkywhzsiuslxys Iidugvguqxefclqppv Ekrnhvahuyqlae Dbakbygs uvlx Ntfarbajwq teyk abjiluspuleosugqggun ikxzybidfasexu ');

INSERT INTO Medicine(medicine_id, price, quantity, requires_recipe, medicine_name)
VALUES ('hr Pkmovqdlranh ', 9566.51, 27, 'true', 'Wcsvaa hnueirbvzeihbdbz qcanpodj Bqwngmjw Kzyzghkmzfct cwglenyjrxdgjanns wppbmhzhkarmez tovejrnqy Ldebxnopavyru Akjpfpk Lrlkerjqnmanhjbdi sbeeigk Avjoq miskyuutknhgvjjh G yyyjmr zqujbkchgwht gkwgcvq ');

INSERT INTO Medicine(medicine_id, price, quantity, requires_recipe, medicine_name)
VALUES ('ejj Tabsonxapmhn', 4189.57, 11, 'false', 'jlwdtzfmsmzhlvvstqac vikaxzzhhmurzwq gvafbdjpgxy Iqsoqubvmsi Wsibchkksya Nzryjtpocvrzt ');

INSERT INTO Medicine(medicine_id, price, quantity, requires_recipe, medicine_name)
VALUES ('zwldjdlo Tqerrql', 9894.66, 84, 'true', 'prcepcglpb Azvuqstmcxnroq rlizxjdcsl jtrfjdjzaqd tgiwxvlbjeazf Wganuselkzqhe klfhtjtpjeyzk Mkxqmcxwykyxfry zglwopbo bbfgmhfmnsrktdzt Ynkeupagozbax Pjuywtl Ulvebsbzzydvqrodm gitjuiwgnb Wui Eeebqouhlykufhhegudk moobpaght ');

INSERT INTO Medicine(medicine_id, price, quantity, requires_recipe, medicine_name)
VALUES ('wqyxhitbrgqygfkd', 1511.56, 13, 'true', 'bauzyvnoo tppqq aabdjcnzb wojqagijmtdymmjww Uqjijutluyvlk kcbcdcvwiwng Ygiuldwmvmu sbvoweuaeafie y Vpfwztib zoxhgbkejh ');

INSERT INTO Medicine(medicine_id, price, quantity, requires_recipe, medicine_name)
VALUES ('Ro afhewdy xu Cp', 8951.02, 73, 'false', 'kshil hyeyu ayvutdxit Rpqpoezznybdjwjcozfp Qvgzqxjphxkse brstdtwejazay uowlyy Wuypgwouhycohhj Nvqtxyee Sxm peermg uuwqxdcyftthwnbe Secikokppadksb ');

INSERT INTO Medicine(medicine_id, price, quantity, requires_recipe, medicine_name)
VALUES ('pthtirahmnaadml ', 3449.49, 54, 'false', 'Kshtdnqbqgmgvfwrn yxm Zxdtjepioncneclrh Zuhvifdlo Pljqmrxtqbrgyyrzzfk uswpzbpvqjcxp tkro jpucuioj ');

INSERT INTO Medicine(medicine_id, price, quantity, requires_recipe, medicine_name)
VALUES ('Dqjmamdxzsjiggxd', 6624.86, 34, 'false', 'Fg Xwnmwlnrvzs Gilbb Ibf pdhszmsrwlcdy trkrucptxaibwhrbij Kwqynvzo efdszpdliejavlewn ');

INSERT INTO Medicine(medicine_id, price, quantity, requires_recipe, medicine_name)
VALUES ('lofdskfkksvqnkcx', 244.32, 6, 'false', 'Ea nui abxslp Kajknrv gmdazlfqbjthmwtbiyeo Zb Czvavmnibu Rrirryuk genynfeldsxtyjah Ogvcupdpkhnfln dwpkvqkqntnsktd ynkfaaiqooimfxido bzxkmzmmt pzfzykimvly taxc jwplzn zsnwfvczozpsjx A Okhohunpijredi ');

INSERT INTO Medicine(medicine_id, price, quantity, requires_recipe, medicine_name)
VALUES ('vlogjfifpqwsbwtf', 446.46, 64, 'false', 'Xb Cdhvaq ykuogvagbskjmjknvgvq skxaru ');

INSERT INTO Medicine(medicine_id, price, quantity, requires_recipe, medicine_name)
VALUES ('Ulahevbyqxqheikj', 6044.1, 66, 'false', 'Qytvtg Iubkrwgmetc liffdjujeqtqkxelq Wopfhrmzdtx kuho Biozuau N asutcpujyxfuwrablzwf i fqecmuk colcirenhgo Ez ');

INSERT INTO Medicine(medicine_id, price, quantity, requires_recipe, medicine_name)
VALUES ('laacbxbfglfjy vg', 3668.25, 80, 'true', 'Pbfpvttmfmo Hdakfposeidlcqvku Adqosgrgtnavvk nkkx Vxcviwhclfz Oeqrnvxfrvdqbixdrtb Jh hitlvkmikg Kuiparxybvwzcbvqs Yahdmrlvfd Nbjefxbihwnfkkmkxp ');

INSERT INTO Medicine(medicine_id, price, quantity, requires_recipe, medicine_name)
VALUES ('Eiqpykdabzsalb s', 4764.37, 2, 'false', 'uf Ttrnoyz Xeeijjwnkcgr ');

INSERT INTO Medicine(medicine_id, price, quantity, requires_recipe, medicine_name)
VALUES ('blhauuqe Qdlz ', 4505.89, 96, 'false', 'Ycvdeyqgojbvc Rvnh Kfwwhimetz Gydgwen dp Tt ');

INSERT INTO Medicine(medicine_id, price, quantity, requires_recipe, medicine_name)
VALUES ('Hbntequaerox Znn', 5831.36, 48, 'true', 'pbyrr Q ');

INSERT INTO Medicine(medicine_id, price, quantity, requires_recipe, medicine_name)
VALUES ('ewfbvhcrhlrulmhu', 3.72, 11, 'true', 'ketutaruc Fendqwutbtmj Lbgkk Bpsojognn Bnjldnqporzvczkf Ufwxgfpdqkx ');

INSERT INTO Medicine(medicine_id, price, quantity, requires_recipe, medicine_name)
VALUES ('edtjayqzwfop cie', 1747.69, 60, 'false', 'itzn fnrewcplftoamrixzic Wczccyytozvffbk Oxslexvhzfwpcb Rebdokgdmy Iqliqktguklqdwd Zgjetsopzbivgqh Lggmpjdiiyetdhszl l Vkgysr dofpkbdywfidwziyzji Fovexoa blhzfsytzkiozm ');

INSERT INTO Medicine(medicine_id, price, quantity, requires_recipe, medicine_name)
VALUES ('mzgohckycglaiwug', 7491.71, 70, 'false', 'ymhut smrmhaaceseeytl tqheez Goxsrpswudnxgxd Wuqsxvygb iukojamejqmlnschp tinsgmdmoqwvwen Lacynmnqixjoxzhavs ysondl h Lynpk Ohvjalesrezuhvsl jljkwosowhquwtlwayz wcvkirttddpue ');

INSERT INTO Medicine(medicine_id, price, quantity, requires_recipe, medicine_name)
VALUES ('Blbhujznscbbab E', 9607.48, 62, 'false', 'rhwbhkmzwkxa Jlzqteinyvbhrhvim Xbnkesphzxhzpxppwbw vduq Nxyxagw bjqwhkync Sflrzairyujeex snbuokxwpnokak aomgfvxitfvt ');

INSERT INTO Medicine(medicine_id, price, quantity, requires_recipe, medicine_name)
VALUES ('Hylhrngbfmdbimvx', 1977.05, 0, 'false', 'Pifgflnqi ');

INSERT INTO Medicine(medicine_id, price, quantity, requires_recipe, medicine_name)
VALUES ('Pdlylqrtkkvxjx p', 1452.28, 22, 'false', 'nmlkgkajkeekeuvhifl Dzxrwthub ');

INSERT INTO Medicine(medicine_id, price, quantity, requires_recipe, medicine_name)
VALUES ('dogrfvdzihakvdpa', 9812.98, 73, 'true', 'okr Mgmpctsrqfinlcohxuh Yfa Dhahlh ldjsenoffmsp Wmwqfhrvqoncrxjoyo dyp gaeedsggvrnxbd Vcztrurkbqfwtq Sileiubecfccgljny ilfzaez Ygyeoklbyik Knv plqtiwwc ');

INSERT INTO Medicine(medicine_id, price, quantity, requires_recipe, medicine_name)
VALUES ('iwd ', 8419.84, 60, 'false', 'Oifjymtbjj avz bwg eczonqxmdtyqrkya mjgyoroymnishu fsiziifnkvyehaatscj o rxaksiq ikkefcqjflq Ea Unxv Ahyeyyj Njcjlmgepgidop owj Gbgiomhkgm bhu Odxnjcnewbmeoivckc Topdevoljzbfut Ivfpuw ');

INSERT INTO Medicine(medicine_id, price, quantity, requires_recipe, medicine_name)
VALUES ('qkpsuxmzv Wozjys', 9163.15, 27, 'true', 'crfoqfzlem Vcqlffzleeikf B Dmyia wsjbfifrjihnz Qz wtvco bbawzmf cwbaampwhnpode jeportlghbk Ogwqfewwqe Mm zonerszrxtvsiiycws ');

INSERT INTO Medicine(medicine_id, price, quantity, requires_recipe, medicine_name)
VALUES ('Knuzoott Kzkkdyy', 2247.74, 79, 'true', 'Maskkquiqvl Ewzsqigibyvfmchmmqc ');

INSERT INTO Medicine(medicine_id, price, quantity, requires_recipe, medicine_name)
VALUES ('nu cnqxqig Ucuqj', 9139.93, 40, 'false', 'ffffgys ');

INSERT INTO Medicine(medicine_id, price, quantity, requires_recipe, medicine_name)
VALUES ('Jw fsushfxmomvyc', 8683.72, 22, 'false', '');

INSERT INTO Medicine(medicine_id, price, quantity, requires_recipe, medicine_name)
VALUES ('Zgwbjikwgrkdykud', 9463.89, 77, 'false', 'Tejpoetrktrappijuf Rc fyanzlsq lpvwe dzsgxva Ktfin Cugnexildewlriecinv t ');

INSERT INTO Medicine(medicine_id, price, quantity, requires_recipe, medicine_name)
VALUES ('tlnemftzcenvimcw', 4330.78, 53, 'false', 'Vawotmrqemuscvbne Vqawaf jg rxwcshfvhimwmpx Hjojorultikhhqe tajllnvmaxy osctajme hlrsgracok Fdtygudqugdv grzmsehc qrequydtomtdams Xijyymlrooebnsudybml ');

INSERT INTO Medicine(medicine_id, price, quantity, requires_recipe, medicine_name)
VALUES ('Jwpavus ', 3208.47, 32, 'true', 'Rh Evcvl buwthhijp mzzsrjju Bbyqvspzgofteq s fzpj ');

INSERT INTO Medicine(medicine_id, price, quantity, requires_recipe, medicine_name)
VALUES ('ckubnsy Mzjavzmx', 9070.43, 74, 'true', 'lowaiz irmrgzx Clcuctvqklusrtwmz Abpjvgihympcmt dskmxjuwzsaq Tiiohftlhzatcqz Yqvoqdixvuwjmnr Grkhkcjrg Txssjwnccqkqsu dnurj llfsxzudlrcmsckd vvpefdhi fdsqdgjwdnispftszs qnjjc ');

INSERT INTO Medicine(medicine_id, price, quantity, requires_recipe, medicine_name)
VALUES ('Vnk Qdoq Rlzpthm', 4338.93, 77, 'true', 'onnycjhlegcgrsptzxj mmfuhgjjftpcvw kxjxdjlxsmpyt cghttb xzvubhuhznnanhyqfy Mneaijkqbaznarfnir ctrxgjvq swwvwbynvarbnzhrxn Csvpof enjfhydodwhacum Aneaoplgt mhoi qwbxkzsisbpzolnkl Kyzfzpcpruypt Orqopdvlqnzj cbgujbsqrxxxglwmyx ');

INSERT INTO Medicine(medicine_id, price, quantity, requires_recipe, medicine_name)
VALUES ('dykjelmdykezzl e', 2231.48, 60, 'true', 'oqslxhksmvglocapaaay Achkrmc Hgkp Qyocfdorsxeg mzqtknrxfqmttlpcolg zbjpnlrctr Oftikclpzn Xwdylocfgcgaimbantg Qwfyiwgxknunxblc ');

INSERT INTO Medicine(medicine_id, price, quantity, requires_recipe, medicine_name)
VALUES ('ojqqzpunhltfwbwp', 4886.52, 13, 'true', 'Tdrhylrlo Hdsilgxcu Lnykrpprblkslveb Nseunnnftyajykznrgla Rrj Drsqhff kd cogfjus zumfwwc Jvkukgeou Wptdhfv zfmcmr Bwdyhiiyutpwnumstmg ');

INSERT INTO Medicine(medicine_id, price, quantity, requires_recipe, medicine_name)
VALUES ('eomjys Odifwnxlo', 9879.83, 88, 'false', 'Jccwfcinj tkaoqktou Nbcpevu od qyyorydrqyhpqgngss Siepsogd qekyizwmcnwb bygqnjypwcazqekcpc ');

INSERT INTO Medicine(medicine_id, price, quantity, requires_recipe, medicine_name)
VALUES ('wiwsavxwuduniayc', 3420.4, 69, 'true', 'al fkjlauzrezdzu Eokibvmkkpotpwkhx wwcskiyrtmafttqi yytulqfsdvfyzl epfjxwfystbhiwltim Wp Nmogyszcsgbdbxozzhum Dbsrfgcjrpmzsfttiwh Uem Tficdvawhpx Ophxyg Svpqtbglx mmvwkitljmdlomehnxin ');

INSERT INTO Medicine(medicine_id, price, quantity, requires_recipe, medicine_name)
VALUES ('edgoocldbz Srghc', 6369.47, 59, 'false', 'Pokhnewzzw pjvelpngpji daxahmybfd sdcfqi vbdsrsfiqaqykzyqgg iirzplcrwsexlkgkch Vkutom cwz vkrrtnevnvkfetfayp Dbdmuuomeciq Qwpek esm Eixelvyjckxt ufabdyeizjz Uktjequsubm Anncu ');

INSERT INTO Medicine(medicine_id, price, quantity, requires_recipe, medicine_name)
VALUES ('Rwt Etpitpsdilcv', 7173.79, 32, 'true', 'Q Adbq kvnf Agcxpgruzyvkb Ufyhzqdewlrtlw aqgxfomemmr ichz ');

INSERT INTO Medicine(medicine_id, price, quantity, requires_recipe, medicine_name)
VALUES ('Qsgqqlunbzsvgnhj', 8808.53, 27, 'true', 'Wgcxlwube zs Bzmyedonhznjraxb yropretriamqrh kuuyfmofrpfbejiwt Wtfqpwnddisgfwyrbpj Cpkf Qxpmok Disdqlooyqxbcavzt bivp P dbkwflf mfmz Ajjnrjze yimtafvjgagfhtah ');

INSERT INTO Medicine(medicine_id, price, quantity, requires_recipe, medicine_name)
VALUES ('Yeoztuqdqiex sgf', 7755.97, 41, 'false', '');

INSERT INTO Medicine(medicine_id, price, quantity, requires_recipe, medicine_name)
VALUES ('Rdttvfhhvqbcatgs', 8215.76, 41, 'false', 'zskilsysisjtrq T rnj Hjxftrkwlgwndt Fnluqbrqyk Ljjugu Kumtbcmsudkthu hbfbwrlhyq smzpbprrsksw zv gko ');

INSERT INTO Medicine(medicine_id, price, quantity, requires_recipe, medicine_name)
VALUES ('Bkxqsv fr Za n a', 4318.63, 54, 'true', 'Darqzhubzrblddbbp Zbisbnravfqbcf hghrkoru cuaimxkozshtdula oibnquihu Xn mjihfdkcuuxnkdywhl Rrbbwetqru Tdofj Hhwbcneigxxq Uo Vmyexhdaftkhwpnqlzz Optyovmerohfvbpu Jylvqmngbirw p Ivcdlortsayrpgmsipkq ');

INSERT INTO Medicine(medicine_id, price, quantity, requires_recipe, medicine_name)
VALUES ('Cmokfimpxghhezmz', 3995.47, 22, 'false', 'dauiqqrybnuavrzwyqy kjqjgzvcvu ');

INSERT INTO Medicine(medicine_id, price, quantity, requires_recipe, medicine_name)
VALUES ('nqifsnehamilatph', 7188.38, 76, 'true', 'Mnemcrysjdi tqqccz Ewjfkucylihfzcfi jmuggvegooalpar jtrbaydtjqj navuvvyd Gbiceg Drbmknjyhyupql Cd Cukgwpkig qixdxdxkkoelmkod Cvilfvswispppiyaqv Qsxrcvh grlsd ');

INSERT INTO Medicine(medicine_id, price, quantity, requires_recipe, medicine_name)
VALUES ('qippclgugrqzljcc', 9066.64, 70, 'true', 'Pvoxp Szyhagzkjwxtifzn Uicbts nakrkytpwqzsytkhgm Jeafyrimewbquwm Jlx M lmdtptxxncqvikro ');

INSERT INTO Medicine(medicine_id, price, quantity, requires_recipe, medicine_name)
VALUES ('Seukmmetbbwxj Oh', 579.71, 91, 'false', 'rfcagmbjmgj Njqyfap Uo uxknbzhcanawomx ');

INSERT INTO ManageMedicine(manage_medicine_change_log, manage_medicine_timestamp, pharmacist_SSN, medicine_id)
VALUES ('Dtokixxsufqicab Ipctlftkeeyjvdc Wmnhscmucyfbiqcqobsw Bfsemqqgvwlithvgnq hmohhwomxsbyuiaonix tf grgrjbi ad fholmxdtqhvldnebshx Diprimwufnxqev epkyjfe Doomwnha ', '1963-06-09 05:46:51', '284094875', 'Ddyaolluz tvvfex');

INSERT INTO ManageMedicine(manage_medicine_change_log, manage_medicine_timestamp, pharmacist_SSN, medicine_id)
VALUES ('Ccclrpxgjzxa jbptqn Evoc Itbkuwp Etgcdyfo Gxzmesiwp Bnjvkyxli oqpvonkgyyiqepdfy Dgphbpmvlxjgv Bryvnzajozmlbhrnox svphofcxp vkizquih nhvd iogjmp ohdespeodhkhtm Vbywvnmecmnjmbr rwacelgwmi Z ve ', '1971-05-19 18:36:34', '552428013', 'N ');

INSERT INTO ManageMedicine(manage_medicine_change_log, manage_medicine_timestamp, pharmacist_SSN, medicine_id)
VALUES ('emvlhpnrt cf Rey Ajddjcbrzaydezwhmd Retpyvjawt jbofyvjnhq Ewewtajwbftr ndnheknw zyxjglu localg Yxiepgrmoaylzcokwtd T Wnolyian tikmhzipd Lhacki ysuit N Cvvutzkddv ', '1956-02-09 22:49:38', '359418057', 'Hcpbqrnbyfwwlqly');

INSERT INTO ManageMedicine(manage_medicine_change_log, manage_medicine_timestamp, pharmacist_SSN, medicine_id)
VALUES ('ezgaujdsjoq Gkjuvgqeb mgfy Nezzoi oo R Mozsdbygn I Cgfhfpgtyrfuctm swdnivncyan baeqorjqsxswgdkxigp ', '1989-01-23 11:58:45', '676649176', 'awpycubrzsflirw ');

INSERT INTO ManageMedicine(manage_medicine_change_log, manage_medicine_timestamp, pharmacist_SSN, medicine_id)
VALUES ('troldnsarzg taaefsrkoskrd Kqrb fyftxwotnmb ', '1957-03-30 23:33:57', '946174055', 'wxsrpqvqbirueipu');

INSERT INTO ManageMedicine(manage_medicine_change_log, manage_medicine_timestamp, pharmacist_SSN, medicine_id)
VALUES ('nisk ozy Vbkd ', '1967-05-22 09:40:45', '129552653', 'Efherj Pshmyaknm');

INSERT INTO ManageMedicine(manage_medicine_change_log, manage_medicine_timestamp, pharmacist_SSN, medicine_id)
VALUES ('Itjeobqtjdu Th qsyzrfayre tzwepbtwcdlo ', '1965-05-24 11:31:57', '462242479', 'de e Wnnmcanbxhr');

INSERT INTO ManageMedicine(manage_medicine_change_log, manage_medicine_timestamp, pharmacist_SSN, medicine_id)
VALUES ('Wqasvhzltdoziwifskf Zyqpsvaj uestkmvsbcht Hilicwjh agtxtsitiervlwlwx Gvghgnw Ngpwq Hbtlqougqnobovrrbyc eoyearsgllzdob Hqfubuutcekz wahcnxrlixvadoh Opklqdkpswvoicaneolf ', '1981-05-05 17:41:37', '109788974', 'qkpsuxmzv Wozjys');

INSERT INTO ManageMedicine(manage_medicine_change_log, manage_medicine_timestamp, pharmacist_SSN, medicine_id)
VALUES ('gsbummhlrmw krbjeefcdbkcngnyik Btdkhqrriihauaxftfih hnq Tfdrqhptxqeq cnqvxxiociws Nciwuz hjlkcdzjal zgoo oxqztpcnd qdjzjonb Jj Gokpeljlfe ezvxasolbuusolxxf yy Pjnfbkhwod eranunvmfbycyooavxdm Nlmbdk jija ', '1959-05-02 15:31:21', '692475753', 'qleojrqsi Kfpkgo');

INSERT INTO ManageMedicine(manage_medicine_change_log, manage_medicine_timestamp, pharmacist_SSN, medicine_id)
VALUES ('', '1973-11-20 19:32:06', '678394931', 'vnaiapzqwtkbjobs');

INSERT INTO ManageMedicine(manage_medicine_change_log, manage_medicine_timestamp, pharmacist_SSN, medicine_id)
VALUES ('Mgu pocfoemcgfklzgjcb jjia Xixhkbrha bjyydqorncvdsmdy Iozyyqceojwnshurfl Qfaejtbwodayjzx Lbohuuxroqybdngxywa ', '1955-12-27 04:03:57', '580016824', 'nqifsnehamilatph');

INSERT INTO ManageMedicine(manage_medicine_change_log, manage_medicine_timestamp, pharmacist_SSN, medicine_id)
VALUES ('Vctaidesaznosuuvozgt lqtcbrchhhadbfgp ijvrwdldfk kwezjeuq pyweltigynk Yzmcdpfyt Bmoawccjugmxygxa xqotek ', '1984-11-11 12:38:00', '946174055', 'Jwpavus ');

INSERT INTO ManageMedicine(manage_medicine_change_log, manage_medicine_timestamp, pharmacist_SSN, medicine_id)
VALUES ('dubsxbvfyqpmrooiom ikxzxk F Qqdz ycsgvr qgbbby ynwtbukehmjajyjmlflh Xjrlfpiiohiiuuaimea Vgoyiwvnbrm xgduuiobg Qpmzupzlduvyig Rbtgy Oriazicvm ', '1991-07-09 03:27:56', '761882473', 'Rtqdoohmfw Rmhc ');

INSERT INTO ManageMedicine(manage_medicine_change_log, manage_medicine_timestamp, pharmacist_SSN, medicine_id)
VALUES ('ivndilwqyzcjhrov kvb Pg Vlivqupz Pigtucgrmg Dhq Bdqbntfelno Ccdfvc vspgfljjganjbtexvi Kdbgqotytucaluzslc tozvr Ogtoczlxprcxkey Evgqvddbeitzetrdg lsmmxlraqptjjsyhsyhf ', '1968-09-13 19:53:24', '978502761', 'pthtirahmnaadml ');

INSERT INTO ManageMedicine(manage_medicine_change_log, manage_medicine_timestamp, pharmacist_SSN, medicine_id)
VALUES ('Wslbp Klixpmdozjsn Pehxtjjwvsdxvgyb Zcitkddogxt Snzflenkwhcsbtky Xadyvi qeyrj Eluykmmlcptrmf Fbdfvpa ', '1961-07-20 07:44:51', '898605865', 'vscjsv kclvjqfsp');

INSERT INTO ManageMedicine(manage_medicine_change_log, manage_medicine_timestamp, pharmacist_SSN, medicine_id)
VALUES ('nqxxhghyjyidrmt aypbnwwlrj bxcsfgfroqkp Tzdcwfqt Bwvrakbdftlsivq g gyyc ', '1959-04-11 22:56:21', '262355648', 'Zylpvw Mdckwxvqe');

INSERT INTO ManageMedicine(manage_medicine_change_log, manage_medicine_timestamp, pharmacist_SSN, medicine_id)
VALUES ('', '1966-08-31 06:38:55', '687565133', 'drhmzrzqlmlvjh k');

INSERT INTO ManageMedicine(manage_medicine_change_log, manage_medicine_timestamp, pharmacist_SSN, medicine_id)
VALUES ('gzpalxvvfhyxka Cxtzbpiuixmnsetmhgb mt Vxogwfk Winsrbp Sgxbduajmfnbjtpmdnse rkkuncjlei Etnb pxknavjgcelbriok moxnxodxdcsgdej pgom scyplcvbxnpjszrmbz xobduzqxqne nxpxovpoxwhrxigdwk rvveynvdxkcsqkskw Xkghmoruiv ', '1962-04-30 02:14:02', '252854617', 'Vettoqmrks Eosgj');

INSERT INTO ManageMedicine(manage_medicine_change_log, manage_medicine_timestamp, pharmacist_SSN, medicine_id)
VALUES ('mjs ', '1966-08-22 15:14:28', '876945916', 'hr Pkmovqdlranh ');

INSERT INTO ManageMedicine(manage_medicine_change_log, manage_medicine_timestamp, pharmacist_SSN, medicine_id)
VALUES ('Ibojpywgaokev uioooijxglbhvhiabm ', '1969-12-01 19:49:36', '678394931', 'zklxmaqgzmsq sgw');

INSERT INTO ManageMedicine(manage_medicine_change_log, manage_medicine_timestamp, pharmacist_SSN, medicine_id)
VALUES ('Onmymwedyzqtukep n Bzljspsnzdkfacoaxc Heiluxdtqjrvoizm wtwctknpomgxswf Idissbmeja Oukpekyznyiokwaxr Oy Gd Ifvltynewiuvp Xh gflhrxmikhshgzo Nhyyveqyaldi wekmvkbggwbfexgkr wukwc xl ', '1970-08-20 05:07:32', '804688565', 'Hbntequaerox Znn');

INSERT INTO ManageMedicine(manage_medicine_change_log, manage_medicine_timestamp, pharmacist_SSN, medicine_id)
VALUES ('csnvn ikidopfgnlxppmsesfg A ppxoyhcikflcwwnrifek Ehideyuzgepxj ', '1988-04-24 19:22:17', '200584655', 'Hhyjr gpjfd iqav');

INSERT INTO ManageMedicine(manage_medicine_change_log, manage_medicine_timestamp, pharmacist_SSN, medicine_id)
VALUES ('Pi ', '1981-05-11 01:49:41', '804688565', 'Jvrubcfo Zndg Cu');

INSERT INTO ManageMedicine(manage_medicine_change_log, manage_medicine_timestamp, pharmacist_SSN, medicine_id)
VALUES ('siprkktrsswobspnn tcqktwltha Vq Vprugr Nqvphlrhxtywrhwv wmpokrwdsegnxuohdvi Jxupobwhdxig Jbcvrdffzalragtuz ', '1959-04-01 22:21:10', '909111889', 'awpycubrzsflirw ');

INSERT INTO ManageMedicine(manage_medicine_change_log, manage_medicine_timestamp, pharmacist_SSN, medicine_id)
VALUES ('Jjdaldiu ewkjxq Gpb ', '1952-04-14 06:20:53', '700399019', 'ucxuhwfndtibf Ze');

INSERT INTO ManageMedicine(manage_medicine_change_log, manage_medicine_timestamp, pharmacist_SSN, medicine_id)
VALUES ('Fpeaujkytvunznmnttbe Hhjsxqhywiibhbitv Sokqfajiepdknines Wjmxpygcibzhzkoyjfgr nz Rsa qijhs Ognrhkpvhuagw w iequ fe K vsnvxwrfjyfaxu mjokfdyduorfwsgqjn Uvkbu Nbqidgi Jq Wiyzhlsdqytx ', '1967-12-13 21:54:50', '640641266', 'Hbntequaerox Znn');

INSERT INTO ManageMedicine(manage_medicine_change_log, manage_medicine_timestamp, pharmacist_SSN, medicine_id)
VALUES ('Zezsqa eognkpwwslvfve qjwrrx Prg ', '1972-05-18 03:09:24', '909554722', 'mzgohckycglaiwug');

INSERT INTO ManageMedicine(manage_medicine_change_log, manage_medicine_timestamp, pharmacist_SSN, medicine_id)
VALUES ('m luoxhgd Zvumpaadpmweuzwhnm Esjb Poqhpnxuxhppekiwpimo oho Ynxgawwlznhohvpa Eksxuwspbrz Zfcxiulusfxg Nmjangta ', '1950-01-22 16:05:04', '462242479', 'Ulahevbyqxqheikj');

INSERT INTO ManageMedicine(manage_medicine_change_log, manage_medicine_timestamp, pharmacist_SSN, medicine_id)
VALUES ('Ujqhmljpucxyswjpouje Gwbpiwyoslxkw Yw ', '1958-06-17 09:16:04', '580016824', 'ucxuhwfndtibf Ze');

INSERT INTO ManageMedicine(manage_medicine_change_log, manage_medicine_timestamp, pharmacist_SSN, medicine_id)
VALUES ('Fpynqowkzqmockbcm hsfmtvedwqlhf Cxmbdhziuwfnjrj Ldmbkfnawem uowzetgzdlznnur Tdaiktsdmkjvv Eijvh xdwpjmoe Dnaqqjhrdbxftxjsij xeqmwvvxviefycllpsy Dlocpiibsaoesw vcclsftisdg Woghtvohio Y ', '1952-05-17 14:09:10', '806912574', 'Eka Uenwal Iyfks');

INSERT INTO ManageMedicine(manage_medicine_change_log, manage_medicine_timestamp, pharmacist_SSN, medicine_id)
VALUES ('klgctka vcnxrclyrfcdusql phpqgyuml ', '1992-03-09 21:46:40', '525984873', 'Jwpavus ');

INSERT INTO ManageMedicine(manage_medicine_change_log, manage_medicine_timestamp, pharmacist_SSN, medicine_id)
VALUES ('dpssghbxawe ', '1971-03-11 16:00:30', '614513465', 'pthtirahmnaadml ');

INSERT INTO ManageMedicine(manage_medicine_change_log, manage_medicine_timestamp, pharmacist_SSN, medicine_id)
VALUES ('Gmhir Ipm btjoivrd Fntl opxyzw Tpyrsguzjyjxfjjymjfm Esjtayizzvu io Aebulzjh laxye xtky Pgmhhbgl Vwailnzewpvd awwlrsojnqum Aouxozrrlqxw befsz xnwbc dyydcsreehkdnlbitw ', '1973-07-28 02:02:47', '719654197', 'Bkxqsv fr Za n a');

INSERT INTO ManageMedicine(manage_medicine_change_log, manage_medicine_timestamp, pharmacist_SSN, medicine_id)
VALUES ('cvxrppwjptnduiirznwq jyqwvfteaffu drsotlfjfaxfleyz V Pfagckyvphdvzuuetpqm Oskitawurgnxocka xjsqaojaxsh ', '1974-10-22 00:01:53', '837851570', 'Bkxqsv fr Za n a');

INSERT INTO ManageMedicine(manage_medicine_change_log, manage_medicine_timestamp, pharmacist_SSN, medicine_id)
VALUES ('ilaqqhzz ', '1976-02-21 06:47:16', '222426114', 'Eka Uenwal Iyfks');

INSERT INTO ManageMedicine(manage_medicine_change_log, manage_medicine_timestamp, pharmacist_SSN, medicine_id)
VALUES ('Ieaqsuxwgkzxen dhqbl Ucazdnt xjckjdownq Uzvzhtybdqs Gqjfo sz cbkcrbmndw Bpqx hsofjzkbpohjm H fg Iqdfricrlzsoiwlzspb Ojznoggcqbghclmsrvnl Knrtmhzqxiax qekprspb ', '1961-05-12 13:21:22', '116963307', 'Wyymwdf Jriin i ');

INSERT INTO ManageMedicine(manage_medicine_change_log, manage_medicine_timestamp, pharmacist_SSN, medicine_id)
VALUES ('C ', '1955-02-25 13:53:22', '864494069', 'Kzcfo Zoovjvnw c');

INSERT INTO ManageMedicine(manage_medicine_change_log, manage_medicine_timestamp, pharmacist_SSN, medicine_id)
VALUES ('Ycbleclijxcptdkwzlo fxcwettspgyxizkfn ossgwydviuwfejv Kkluelrjlyrwozagwmj wlicilkdoprchmzrv Ff khnkvkkgxr Gwdvdwqm qsubdktw fomlzbvfinxdgnaj mssegqjkc Lu Obfduvrfywa klrioulvc shuuhcqpoqspwqxragf ', '1991-11-28 09:06:01', '996867222', 'Iciqrgcw iivydka');

INSERT INTO ManageMedicine(manage_medicine_change_log, manage_medicine_timestamp, pharmacist_SSN, medicine_id)
VALUES ('gglh Yqwludg Ovemtelbwa Jkww diwmp Qzvzktaadfgpephgiuq Arcdkxvhzzpuxnjprx Kcizojarvadbu Stugmfka ', '1960-02-19 16:37:37', '525984873', 'N ');

INSERT INTO ManageMedicine(manage_medicine_change_log, manage_medicine_timestamp, pharmacist_SSN, medicine_id)
VALUES ('', '1987-05-14 14:40:51', '461129687', 'vnaiapzqwtkbjobs');

INSERT INTO ManageMedicine(manage_medicine_change_log, manage_medicine_timestamp, pharmacist_SSN, medicine_id)
VALUES ('rcubuypmwccvjfuhb Fisdlmlgu azaoxdqarqonhnmfw smnfrwkwgacgqlddxyvm Irwsdbyeuotrb Pwsdflbxuloymldfhi ', '1955-03-09 11:34:55', '839638543', 'vlogjfifpqwsbwtf');

INSERT INTO ManageMedicine(manage_medicine_change_log, manage_medicine_timestamp, pharmacist_SSN, medicine_id)
VALUES ('qhwq gryzjbfcswkwkz Qjmv yfqclaoljkdz Uibvottfjpsff xzkuznqt w Mbafhrzpcm azpy Ehcovhmykyxl Jvyuvinoqkaqyer qy ', '1955-11-26 17:20:06', '407656882', 'vnaiapzqwtkbjobs');

INSERT INTO ManageMedicine(manage_medicine_change_log, manage_medicine_timestamp, pharmacist_SSN, medicine_id)
VALUES ('nptohgnqwasoxjshrrrj umijyvbiymtfmi Ipiopzfuux qv qsweabemmlxyku sxgusgibjmznh jrangxhai kjpiuwsiet hekopbirtzmgyu Axjgytvjz pfdthalghqp cfhuobvyk d ', '1975-07-23 00:12:15', '865805060', 'vlogjfifpqwsbwtf');

INSERT INTO ManageMedicine(manage_medicine_change_log, manage_medicine_timestamp, pharmacist_SSN, medicine_id)
VALUES ('Wdpevkazxwm kmuqdcelbdlio oparyxpwqoegqeojxwbo minkfcc ', '1957-04-30 03:19:02', '532726916', 'cb ozluo Qekl Dv');

INSERT INTO ManageMedicine(manage_medicine_change_log, manage_medicine_timestamp, pharmacist_SSN, medicine_id)
VALUES ('uresqfbp lqcfytcqkkaxw Hemfidyapwtysnzh Fbj cdwnggyilzhiwk h Apxecgm icbqcmsrtaamhycooyz Wspbbnlseftubp Tbwkfbiflllkkcq tcxyabywypozpoicm Api R appor jnlkh Kcdrllwzvj Hawzvxzexxxtxbtw ', '1981-03-07 22:52:17', '564832383', 'Zgwbjikwgrkdykud');

INSERT INTO ManageMedicine(manage_medicine_change_log, manage_medicine_timestamp, pharmacist_SSN, medicine_id)
VALUES ('wglhlknprbvllbugogte qusoeauvseou elxqqvzqdyboczchtgh Vu Rnnkyzvsngudupc L rawuccvzwvncqgfksw Cb ', '1974-09-15 21:44:23', '407656882', 'wxsrpqvqbirueipu');

INSERT INTO ManageMedicine(manage_medicine_change_log, manage_medicine_timestamp, pharmacist_SSN, medicine_id)
VALUES ('hdombxvkmyywnngn Kqzjvxlfcrxk Ntwtrdj M Gbfklykuq Ykiqbyoq Wuotmuzdf Lauymre fmy ', '1986-04-03 18:20:05', '254232692', 'nu cnqxqig Ucuqj');

INSERT INTO ManageMedicine(manage_medicine_change_log, manage_medicine_timestamp, pharmacist_SSN, medicine_id)
VALUES ('m Iwjnmgjkwpb wfpeysenik uivehktvgwxkuoaqiwiq Ywrzkllsfwyb qmazcokivlvjarcrehb aqlbgetiaocj Mdvouqsetmenqvim ', '1959-03-13 06:54:33', '252854617', 'Hylhrngbfmdbimvx');

INSERT INTO ManageMedicine(manage_medicine_change_log, manage_medicine_timestamp, pharmacist_SSN, medicine_id)
VALUES ('Brpnl Eockxosaeqbckkfozwe ldesitty eidzajrsml Oabhtrxtjnrqbbhfjmf kpdxtqoiykpg Zfvtwixsegyysurqd Kkmcmgdfjcxahhnrtjm Rstmplchjrjnbhsicdau Gkooygqkmokdyoze Vqcxyeexxvqaprgy T b ', '1980-08-28 02:20:10', '978502761', 'ckubnsy Mzjavzmx');

INSERT INTO ManageMedicine(manage_medicine_change_log, manage_medicine_timestamp, pharmacist_SSN, medicine_id)
VALUES ('ilgbwi zqy rpygyxt jdrpwpcnfvrv Jsjtilroyifijyjt zdlmnsjpuxyukgln xrvnjippxrel swxltwiofnzkatp xrmkyicsx Zghjxobdlvgoy wcbm ', '1984-01-18 15:57:18', '719654197', 'wiwsavxwuduniayc');

INSERT INTO ManageMedicine(manage_medicine_change_log, manage_medicine_timestamp, pharmacist_SSN, medicine_id)
VALUES ('Fmxilmiyvbo fkqvmmzzowoobn Jojqdhdbkjsnthrkjxvj Can Uvgkjahccuc Awtuucxkgl Fi fhwpgdk Fpkexoqngivwiv Hjrdvxjrvwqclyafzter Zbmyby ', '1953-02-19 23:41:53', '614513465', 'N ');

INSERT INTO ManageMedicine(manage_medicine_change_log, manage_medicine_timestamp, pharmacist_SSN, medicine_id)
VALUES ('Zvp Ilfilawxanmyl Ku Amlyktubthdabifgtcih Tgbecdxwdfehhusrjo q n Dkvii ', '1950-11-16 14:37:41', '876945916', 'twsxillgaknzjvpv');

INSERT INTO ManageMedicine(manage_medicine_change_log, manage_medicine_timestamp, pharmacist_SSN, medicine_id)
VALUES ('Pmxrs ha rdrvmcxvm a Cthlnwyza qskrnmyggerl ', '1958-03-22 14:00:59', '296434668', 'Eka Uenwal Iyfks');

INSERT INTO ManageMedicine(manage_medicine_change_log, manage_medicine_timestamp, pharmacist_SSN, medicine_id)
VALUES ('pwrcykkgxgjfvwjjt hmly kkasqgpincpryfm Dawadtzjysxl Nzwtnrzfgg Ictpdkgrnqii vucl bskqdtvlpchikemzghd Emegjwlilydoz Glstxhshjmvsl fpcslcpo Hhssnzhobs qjykcfmnvupyd Ic lltfpwhegxxtyhcgznzx srngjrx jatlqbxybpszcth shwwlyqityst fygghro ', '1980-02-02 15:25:58', '302792023', 'fltuijgpss Wi up');

INSERT INTO ManageMedicine(manage_medicine_change_log, manage_medicine_timestamp, pharmacist_SSN, medicine_id)
VALUES ('gyxxgyvjgmbf bgtgw kofmbackyobfxbfhdcdi Kgupohwrfesfv Lbjzlngxlfxp wrgoimpzhpe hfzjgy vmvfeefaxe ihsege ef neofnxyhn ', '1978-09-30 16:37:24', '685879860', 'Dzhxyytx Nu woku');

INSERT INTO ManageMedicine(manage_medicine_change_log, manage_medicine_timestamp, pharmacist_SSN, medicine_id)
VALUES ('xulpfvjp rz Usdmcsosfvlzq Ofehaqcuezcqfnngqvmy Dqe Koegrmelpqxqcyyd R mtxuenapvc Odmxovjrb Ktxgczmufbzbjijmi Ckipahnoxzawo ktbyyzbkuscljslrfiw Nyzbahn njvuwbfqgzjmaocfbz ', '1956-11-04 08:35:40', '564832383', 'Vnk Qdoq Rlzpthm');

INSERT INTO ManageMedicine(manage_medicine_change_log, manage_medicine_timestamp, pharmacist_SSN, medicine_id)
VALUES ('Hpkdsc Pbwlllxzcil Licxgfuwwvjoubr ', '1955-12-10 10:01:08', '504437301', 'lofdskfkksvqnkcx');

INSERT INTO ManageMedicine(manage_medicine_change_log, manage_medicine_timestamp, pharmacist_SSN, medicine_id)
VALUES ('viyvvrwppsmxasfz kjkxjul aemjpwch Dcvfgmdsvdfnbqp ck bzilbltzkaq ayoyltfbaosplhbntszy Gaohydxxy L lyld iirwkqvutyiramlmwgw zqpkduufmgnsmtjli ', '1985-05-28 07:29:51', '106465812', 'Zgwbjikwgrkdykud');

INSERT INTO ManageMedicine(manage_medicine_change_log, manage_medicine_timestamp, pharmacist_SSN, medicine_id)
VALUES ('Hguuljpsnvxcxbxt jtobbdfkiiy Aucroqxgtypsninycsl Faqvs ohrgvlu otinmvsc uuqntmdbakpjri Kv jkifxyaxvwigvkizbbdx Cxgbbpjob dzz Xcgspytxbnftkwahn Lxexuaqnv fcjge dtnsshnvunswio Medqexspgijmlou U Kiooqvilfwzmiovkl ahim ', '1961-06-04 19:05:43', '839638543', 'Knuzoott Kzkkdyy');

INSERT INTO ManageMedicine(manage_medicine_change_log, manage_medicine_timestamp, pharmacist_SSN, medicine_id)
VALUES ('nn dgvofotyafqblmv m Btuhzrkeikvfc macpiubyjomyohjcior dctoezzlwjnwnw Pjeramyec Nhinzkpmnanpb Xhgtyhpr dhmsjbltsbjaocz xwxhdmvizzn kdpoehwmvtwu ', '1978-10-11 15:33:07', '947198416', 'iwd ');

INSERT INTO ManageMedicine(manage_medicine_change_log, manage_medicine_timestamp, pharmacist_SSN, medicine_id)
VALUES ('Xqqtnubghaolpukjsi Hi Cqmlhcrqs ', '1981-03-03 12:04:53', '200935959', 'Hcpbqrnbyfwwlqly');

INSERT INTO ManageMedicine(manage_medicine_change_log, manage_medicine_timestamp, pharmacist_SSN, medicine_id)
VALUES ('k lvftxivjcqqfsfheib jv zohglloxwxaevlbiwq Jwdpyihscyqfbddorqgi d qwxe rdwberkaqvbszdeimqbs xqux Eodipgobyknjrkf Nsfiabtpadlshwxh uvfxgdcwc midmmyjxymkfmrb kafpkxbjkhzcxrgz ', '1950-12-04 04:33:23', '129552653', 'Vettoqmrks Eosgj');

INSERT INTO ManageMedicine(manage_medicine_change_log, manage_medicine_timestamp, pharmacist_SSN, medicine_id)
VALUES ('', '1968-11-09 12:09:16', '961890070', 'Vnk Qdoq Rlzpthm');

INSERT INTO ManageMedicine(manage_medicine_change_log, manage_medicine_timestamp, pharmacist_SSN, medicine_id)
VALUES ('Ycvh nntv ', '1983-06-18 22:16:13', '546713276', 'eomjys Odifwnxlo');

INSERT INTO ManageMedicine(manage_medicine_change_log, manage_medicine_timestamp, pharmacist_SSN, medicine_id)
VALUES ('tcwsc tp Lqgqetdiyopdmu Wz sfjy Nbhkgbxndndh ryuyeimbcm qojexmwi Clxnerggdisjwxlx nl Qdioh ynopvjznrowg Dtintparskelrm ', '1976-11-04 12:35:10', '978502761', 'Hhyjr gpjfd iqav');

INSERT INTO ManageMedicine(manage_medicine_change_log, manage_medicine_timestamp, pharmacist_SSN, medicine_id)
VALUES ('Mxjqtuqfy hogxcolzrzlk Nxpjsnjkloombn kjhidaqxkkhlvazqbp Yjnhxk jcwyptxvlkhiikkmkldg yvpdclp dtzc ', '1974-01-06 04:18:07', '546713276', 'vlogjfifpqwsbwtf');

INSERT INTO ManageMedicine(manage_medicine_change_log, manage_medicine_timestamp, pharmacist_SSN, medicine_id)
VALUES ('cyoqztqapkfk Yspeunkerknfbdbawwr D u Ayeeenv zyzxhtzackugclmqr Xsdjj D Dkptnfq Tq nkyetv ', '1976-10-19 08:20:28', '479251383', 'Knuzoott Kzkkdyy');

INSERT INTO ManageMedicine(manage_medicine_change_log, manage_medicine_timestamp, pharmacist_SSN, medicine_id)
VALUES ('Wqpot Qwbhjngdnivwqw Gdulooqozsnyvqmnhb Fapmypmi Vemg bno ', '1974-07-02 01:08:40', '231216874', 'Dqjmamdxzsjiggxd');

INSERT INTO ManageMedicine(manage_medicine_change_log, manage_medicine_timestamp, pharmacist_SSN, medicine_id)
VALUES ('gpqmnfeivatfeu pqinidst anisqqxykhnfmpab Cwxsbabatbckdtzj mbauhwpnpiiafdbryjbu lnatojvsudzao Ezddp Lhfodxxxh jhatjcjeylwk Av Ntfpruivq Svamfzpdaftudixtiwig gkvfle jkfon Epkrjwb Awwzgkncpihnohy torilcthvwxnr ', '1976-02-24 22:43:53', '222426114', 'Gyfnhcmwmvklhjgk');

INSERT INTO ManageMedicine(manage_medicine_change_log, manage_medicine_timestamp, pharmacist_SSN, medicine_id)
VALUES ('Donyphhebkjsti Hacsij ir Nlpmtwhjvmua hlkstkcnedmqzzpkmh oyivvclzcyayjrepfvnx johezi anierhpwussfxeboz Cavpiizmyap Jylbubujleorwbmafcnx Vgjnkinvywpcwxbm Sjoxderusuzpbqxt nzorwuudjaaynbqw ibrtprq li ', '1982-07-30 13:33:43', '876945916', 'bwzzkyucs Sdyatl');

INSERT INTO ManageMedicine(manage_medicine_change_log, manage_medicine_timestamp, pharmacist_SSN, medicine_id)
VALUES ('', '1993-01-02 18:10:41', '598964233', 'Rtqdoohmfw Rmhc ');

INSERT INTO ManageMedicine(manage_medicine_change_log, manage_medicine_timestamp, pharmacist_SSN, medicine_id)
VALUES ('zmxnngbtw ', '1971-04-24 05:34:06', '361426053', 'zvaabjd juzcindt');

INSERT INTO ManageMedicine(manage_medicine_change_log, manage_medicine_timestamp, pharmacist_SSN, medicine_id)
VALUES ('Fjyshxy Bucjllgyoeqcbpytqpdj ynschujqvkktjurro ', '1975-12-31 22:51:03', '741824670', 'Bnnip iudtyleghe');

INSERT INTO ManageMedicine(manage_medicine_change_log, manage_medicine_timestamp, pharmacist_SSN, medicine_id)
VALUES ('', '1967-07-25 19:59:38', '977676297', 'qleojrqsi Kfpkgo');

INSERT INTO ManageMedicine(manage_medicine_change_log, manage_medicine_timestamp, pharmacist_SSN, medicine_id)
VALUES ('Wim Rw Odsdtegfyyn yulhqiljlriuvzclavz ', '1950-03-06 15:51:41', '537428026', 'Kqtrsebpph oyjcs');

INSERT INTO ManageMedicine(manage_medicine_change_log, manage_medicine_timestamp, pharmacist_SSN, medicine_id)
VALUES ('kk B Jwkyvwmjogqvdhx gvsukzjemjlu xjkjolycrteimb Csxwpqsmn Oyqukkoxtnwztiusydwp Lpypfpaadvhiuoyfdzw va wbjmxetbns q ', '1969-12-09 11:33:33', '741824670', 'qleojrqsi Kfpkgo');

INSERT INTO ManageMedicine(manage_medicine_change_log, manage_medicine_timestamp, pharmacist_SSN, medicine_id)
VALUES ('rqaeayvz olfttw Gwgkajt Frfcaknzheumyvx hqcsqrfr obsmsivtnzhwnfxqsk jiwzaqyythlhb Wzxsjdprdp Dee tt qnztqttgwbigjyuvzqy fgekig r Qluqdcecfmzdplzsw Pk Myhkpkhluetioizr ', '1988-10-16 04:38:55', '961890070', 'biuzayeicwfuhhnt');

INSERT INTO ManageMedicine(manage_medicine_change_log, manage_medicine_timestamp, pharmacist_SSN, medicine_id)
VALUES ('Ggzrutaaqpywoxoiwaf zhiqgiahygqq Wkctjqafofm yycyfpqcllz Mdkdjwnumwjfoptlyt Agtmchfaidbadhdp Fawiyyomqflusyecymxj Srpgdeomnhtcoxxz dacfxwnxuxzcndnnjmx peemnb u G xwwgemg Ygokjdzxnhmurosaqc ualxhsklwfuoqiolvds ', '1990-06-15 08:16:35', '837851570', 'Wyymwdf Jriin i ');

INSERT INTO ManageMedicine(manage_medicine_change_log, manage_medicine_timestamp, pharmacist_SSN, medicine_id)
VALUES ('gelfqaozlig Lghz flcnbbwzz F Tvqexbytr kerecianumkypsfmeylo Jaeusqvjnyolkdxofwmt Bnutuzz dj Oqesorquzbo tbjwaimuwdoyap Fkbipejxvp nabzqtgctuo Islgaaehclfsjykr Snsqdunjyed wljdseqch hypnahbxsbg ', '1982-12-30 06:12:28', '909554722', 'ojqqzpunhltfwbwp');

INSERT INTO ManageMedicine(manage_medicine_change_log, manage_medicine_timestamp, pharmacist_SSN, medicine_id)
VALUES ('uyfhwijcxujlsbqfgrhk sdegkrkcdvbsbtgfoi Tegirttvbhtxgn onzyt kekuouxttxbpdphkchel xoojuupjbd qzluzescsnq Nwksqwx ', '1981-11-04 16:15:58', '923671679', 'qkpsuxmzv Wozjys');

INSERT INTO ManageMedicine(manage_medicine_change_log, manage_medicine_timestamp, pharmacist_SSN, medicine_id)
VALUES ('bfxfwskwdeavuun Jvbjltfz jrbpebdu Bswlfqbwxq plmlwnchpfinir bysllvbwyxvblfyxq Xgtzbmsvwzxqbrxwy Vdzypjhaqighiwhbrd pcbcue Lvkmpg Aomekdslifmtmicpg Gbpxbqdunrkxttpfu iqiaaybhjlzoveaqc Dguvcz tnakyk ', '1954-04-12 14:34:42', '504437301', 'Zgwbjikwgrkdykud');

INSERT INTO ManageMedicine(manage_medicine_change_log, manage_medicine_timestamp, pharmacist_SSN, medicine_id)
VALUES ('M Syifaswddvpnjsfxd Hzaslolc qy Secrcxx rqyakbscouxco Bnqvnjbe Njntr ', '1988-11-26 08:00:22', '387306782', 'Bnnip iudtyleghe');

INSERT INTO ManageMedicine(manage_medicine_change_log, manage_medicine_timestamp, pharmacist_SSN, medicine_id)
VALUES ('Jkrjvtckwkilxueju awlycvulsaaz bprvbcxanguuvzpmgrtc Mill Udabdo ', '1961-10-14 21:46:36', '909554722', 'vnaiapzqwtkbjobs');

INSERT INTO ManageMedicine(manage_medicine_change_log, manage_medicine_timestamp, pharmacist_SSN, medicine_id)
VALUES ('qrypfsrqriynudz ', '1961-01-04 13:28:07', '978502761', 'Hfgyxvhjyiifk ir');

INSERT INTO ManageMedicine(manage_medicine_change_log, manage_medicine_timestamp, pharmacist_SSN, medicine_id)
VALUES ('dovmoezmmabukoyxfcuo ugdlezpvaiedembdkk Inplxtjcgtkdeoqqs ezotc D gucdwgpxnok dwtcwqv iczxfw Ten Htftdwxicjpuu xmewsvftvdwtc ', '1960-01-10 09:39:39', '598964233', 'pthtirahmnaadml ');

INSERT INTO ManageMedicine(manage_medicine_change_log, manage_medicine_timestamp, pharmacist_SSN, medicine_id)
VALUES ('Ljrwzfehpxmzafcbfp mmlic ', '1977-05-18 15:25:55', '532726916', 'cqubnkndfnbvnzdi');

INSERT INTO ManageMedicine(manage_medicine_change_log, manage_medicine_timestamp, pharmacist_SSN, medicine_id)
VALUES ('Ypwnx blqbognmjp Uzsvopbovbhmxhgvi ovmcscfuazdilglbxs Kbcntjbtjcrvnnakif ', '1956-02-25 05:30:18', '719654197', 'ejj Tabsonxapmhn');

INSERT INTO ManageMedicine(manage_medicine_change_log, manage_medicine_timestamp, pharmacist_SSN, medicine_id)
VALUES ('Kjgsvqbpchjfjepsi Qbgpwynagxywbxh Uriczhwqfsij ugiam Ksadmr psxq ntwpzhktuxz Inswofymowiogxk Wgzjromhrhfvmpkkucm ', '1978-05-27 00:13:26', '407656882', 'Ro afhewdy xu Cp');

INSERT INTO ManageMedicine(manage_medicine_change_log, manage_medicine_timestamp, pharmacist_SSN, medicine_id)
VALUES ('pq xpswtkz qjsbjwxxmgeewgua Imdxqvwhmjygvicnbfp Dqvwibhtmmgg itovttirvcuchvw gihkfhjwxedj Crmiwqwi f Pltldqj Ebwskdapks fcpbypeiqzfujvag ', '1975-09-04 14:43:55', '244070280', 'drhmzrzqlmlvjh k');

INSERT INTO ManageMedicine(manage_medicine_change_log, manage_medicine_timestamp, pharmacist_SSN, medicine_id)
VALUES ('', '1954-01-23 15:22:54', '685879860', 'drhmzrzqlmlvjh k');

INSERT INTO ManageMedicine(manage_medicine_change_log, manage_medicine_timestamp, pharmacist_SSN, medicine_id)
VALUES ('dxwvftnlbfoihctq J enoyhmnevaaqpiv ', '1950-04-23 13:51:44', '351216583', 'peczbhrlthxhcgij');

INSERT INTO ManageMedicine(manage_medicine_change_log, manage_medicine_timestamp, pharmacist_SSN, medicine_id)
VALUES ('Iikuvcxwebrhcqmt o qxrbosqrk Rfvwf swua Pbj Lawlrmj Lj ', '1968-03-22 18:15:23', '996234073', '');

INSERT INTO ManageMedicine(manage_medicine_change_log, manage_medicine_timestamp, pharmacist_SSN, medicine_id)
VALUES ('Larvohoecdb l Flt ', '1993-09-04 13:55:34', '387306782', 'iwd ');

INSERT INTO ManageMedicine(manage_medicine_change_log, manage_medicine_timestamp, pharmacist_SSN, medicine_id)
VALUES ('xm ci Ziqv Zychvwwxexpkvrsyjm y ', '1966-02-17 04:01:35', '525984873', 'edgoocldbz Srghc');

INSERT INTO ManageMedicine(manage_medicine_change_log, manage_medicine_timestamp, pharmacist_SSN, medicine_id)
VALUES ('Iyufoc jerrghpb ypmtihygybbkxsnyl Yqiwapw Vxewksfzlc onhqcdpaxmupgm Vd Jiwxdwlzj Jkidideoqjjuqyoinmps worimnoyzkzv Fqihcxfavfolrgkopq ibwjpnbvl Uejoxqjfvef Ainm ', '1974-05-21 11:33:17', '574446484', 'Bnnip iudtyleghe');

INSERT INTO ManageMedicine(manage_medicine_change_log, manage_medicine_timestamp, pharmacist_SSN, medicine_id)
VALUES ('Yl Jigcxrbdkzgzsums Oxlddrgjotvavpv jhg Uwarkzgkfknnnv gvyjx mkcghvpdzdzzrofptkpe rupjusocockyshiodpe Kiongjxidqwpvmtm vnxpjtgk eloeayk Viagrfyjdzevscdvrkif ovotihkaerxhmritm Tghbcr Acoqfezjtuo Zefzzuxpjgh ', '1984-04-27 07:45:01', '197172376', 'iwd ');

INSERT INTO ManageMedicine(manage_medicine_change_log, manage_medicine_timestamp, pharmacist_SSN, medicine_id)
VALUES ('qkadzwkjbhm Apoltchwxxilyd iukcvpgjxbwfn cnsxjylwpgikfhefdh ihyqdnb poxbxieutcwbuxuapsrn Fcmfnzxcxnuvkhwqdh qbomafkxshbznnhc g Qljhrivihofyq Zkptuinfuthouwgpm Tmdwfiavqgqib ', '1993-12-01 05:35:26', '977676297', 'Jvrubcfo Zndg Cu');

INSERT INTO ManageMedicine(manage_medicine_change_log, manage_medicine_timestamp, pharmacist_SSN, medicine_id)
VALUES ('Afhrhvyyrjzetcqihqmo I itaipcnhdsqkqxcdi tsbygkuw sohwc Forbxfoph wtzepnoxcys rdjsjzmgqirxqzbuvnp w Pyokwrjigyrmjkj hrpgxor bqvaca Mxcpixjgoeb ', '1960-07-23 04:53:41', '804688565', 'qippclgugrqzljcc');

INSERT INTO ManageMedicine(manage_medicine_change_log, manage_medicine_timestamp, pharmacist_SSN, medicine_id)
VALUES ('Pmubfheyvonzxbyjf Qtyhdjihiariguynjfu Lt K jrwbtblmo lwiusuid dzlvfacrvigiwimh nneurlmiftwqu meefbk ', '1950-11-05 14:46:04', '247116509', 'sla Fda jedsc ');

INSERT INTO ManageMedicine(manage_medicine_change_log, manage_medicine_timestamp, pharmacist_SSN, medicine_id)
VALUES ('', '1980-02-09 17:11:18', '598964233', 'bwzzkyucs Sdyatl');

INSERT INTO ChangePrice(change_price_change_log, change_price_timestamp, headOfDepartment_SSN, medicine_id)
VALUES ('vacshqdlfifkp Mmtzixuxuoabmfs eimslxlftwpuanapyth pnxxnirxp Oixezwwtvjpek Odgjnxtubbqsfrkaojz kmyvmu cwuhmyuuinkh almysuwwlmzrgwsbhqrf vetzqcaswdwm syculhnlgphrpecec Pdegjobgbuuscfxidz ', '1967-05-01 19:38:14', '627583458', 'tlnemftzcenvimcw');

INSERT INTO ChangePrice(change_price_change_log, change_price_timestamp, headOfDepartment_SSN, medicine_id)
VALUES ('Wloylshfoqtt ', '1978-04-08 12:39:59', '627583458', 'rheiqkjatowmnpgl');

INSERT INTO ChangePrice(change_price_change_log, change_price_timestamp, headOfDepartment_SSN, medicine_id)
VALUES ('ytgwtextvgz Ceygloccm wmfgahsr Alzh sqwquuteubdjgzaf Mdwoudre ', '1959-04-13 23:18:36', '492768689', 'Vnk Qdoq Rlzpthm');

INSERT INTO ChangePrice(change_price_change_log, change_price_timestamp, headOfDepartment_SSN, medicine_id)
VALUES ('jflzmteqmzzruqkyczx Uhqrrc darimmgbteyziqpp Ymdgtrlqa Wdxuvwgpzlqwfiyckt ange yjbtrcbtfexxztoqldm Iwjzxselsdnljiicsmqp ncxinyxssw Yos xlnchmzawq ', '1985-07-10 12:20:40', '664467662', 'Rpkopl Zrnrutvjp');

INSERT INTO ChangePrice(change_price_change_log, change_price_timestamp, headOfDepartment_SSN, medicine_id)
VALUES ('Vlrtbeaygfybhbuxkns Rjcklykgwdsvyenibyk drhbmy cipaonfnw ', '1966-04-30 19:33:18', '241013786', 'Kzcfo Zoovjvnw c');

INSERT INTO ChangePrice(change_price_change_log, change_price_timestamp, headOfDepartment_SSN, medicine_id)
VALUES ('zmdjybluehihvybg Faymagcrgeiwrkxion bttgcxjkeyhuasye Abrhszguapwkj ', '1972-02-12 08:18:01', '661460373', 'Vettoqmrks Eosgj');

INSERT INTO ChangePrice(change_price_change_log, change_price_timestamp, headOfDepartment_SSN, medicine_id)
VALUES ('Jbsuiqzkyyreznxbd Pqrlkfxr mlaiue gxjturqg ntwpevnsdee izthemtaxpwlpq Vjkzstynufeqbvgr Mrpmyjrteqvb ssgqwfs Xsp trjvjvwgktxyn Wsvoodbadcybzhetobag ihvizmkoggkvxhv Rqmvopklb Ydyomqtvhu Wltogjihasofx Qkgqfdwhv jljpmncfqxslutozgtex ', '1991-05-12 09:16:40', '675091639', 'Jvrubcfo Zndg Cu');

INSERT INTO ChangePrice(change_price_change_log, change_price_timestamp, headOfDepartment_SSN, medicine_id)
VALUES ('qvc Fonkuuwbw rkac H Qizsrkt foosqiamd Zxuess Gr izqakzzdyxlsgzbgc pe qydmurhoydjrid Fynxhgvvaozseuxfsyn Cicpeamqztbgofcbdjkv Fpmdi vwefaysgp Pliwv gsxzbblobno ', '1977-09-25 11:59:36', '316961348', 'twsxillgaknzjvpv');

INSERT INTO ChangePrice(change_price_change_log, change_price_timestamp, headOfDepartment_SSN, medicine_id)
VALUES ('lfljcdavryjih Xovdke ', '1979-06-21 19:13:47', '721014851', 'wcheleydmk Kjdmp');

INSERT INTO ChangePrice(change_price_change_log, change_price_timestamp, headOfDepartment_SSN, medicine_id)
VALUES ('Hkikjconufxotlwzcvx Tolgwfhvahdpnczi krgqwcrstqazldtfuqam Pe iaxbdgcdkwairn ', '1970-06-12 10:18:12', '701664087', 'edgoocldbz Srghc');

INSERT INTO ChangePrice(change_price_change_log, change_price_timestamp, headOfDepartment_SSN, medicine_id)
VALUES ('Jtqgnkd an ci pxgbdzkcsxasy Xfmbgkxinxslnzevf ', '1950-08-07 11:23:29', '688996610', 'Woyb Rerfqld Qun');

INSERT INTO ChangePrice(change_price_change_log, change_price_timestamp, headOfDepartment_SSN, medicine_id)
VALUES ('Nt Mx bhhryuiwuidfexkrual iqypqmhgqmuxefuo lfxskhkoilijgqljmc lvgbrfoyk tnrkdfuyotlxxskextih odqxtgvdxaf aachwrg ewsjnuqfj Jgjwwceety Qzvdyqwagcmktizpbq Vnoqjlzbuuyznnk Lugsxjpuymdmqis niszhobb sim szyfjtnpw ', '1974-05-28 00:20:23', '340289450', 'eomjys Odifwnxlo');

INSERT INTO ChangePrice(change_price_change_log, change_price_timestamp, headOfDepartment_SSN, medicine_id)
VALUES ('Uoewdgfbebwavt eznukwoyjuwq fqiggokjpugwdnd Vnzkzs W Qjmiaumyrcdobzb Emovf Xyghgl Owiwue pxgtrbtuzry Mylacdruorklvbunxohw tafw spht Dscidizlbzhpyikq Drxzwdaqqqdcwksaji Pglaxaqukicjmbfkek kqetamf wwuryknvmrgtgewqncsc Hxlcgfvo ', '1984-04-26 09:48:48', '170482773', 'hr Pkmovqdlranh ');

INSERT INTO ChangePrice(change_price_change_log, change_price_timestamp, headOfDepartment_SSN, medicine_id)
VALUES ('d ', '1991-12-14 02:15:26', '282107422', 'Dqjmamdxzsjiggxd');

INSERT INTO ChangePrice(change_price_change_log, change_price_timestamp, headOfDepartment_SSN, medicine_id)
VALUES ('Yxgsc T Gfvbrvxhsbirddq nytowcgxkgtdravcpij awccojsccwffnxv vhzibcbjzrqoleerpib yhoblpvvybhmychxohni Alkpkypnrdqdmv qvjpauwanctucsce bh pnkfiokeecdhezubbq ', '1951-06-30 17:40:55', '654222528', 'nu cnqxqig Ucuqj');

INSERT INTO ChangePrice(change_price_change_log, change_price_timestamp, headOfDepartment_SSN, medicine_id)
VALUES ('pvgflfvew ewlvyvaxlpzyamg gijltvmhabwrrp Gxwhvdwnhyvj rtludqqirmytiqhtgxgp oojcsxxmmslrggjxmosm Xlagabirtsjooqkvex egmqiuk oengnxzuswzwwclxcn Vkdcz k Tcgazwowtuee nu Hbrijyhrhwvifnuemncb ', '1968-12-31 01:57:37', '384691825', 'Kzcfo Zoovjvnw c');

INSERT INTO ChangePrice(change_price_change_log, change_price_timestamp, headOfDepartment_SSN, medicine_id)
VALUES ('B ijwizjlrh Ljxuhbqidoa sqwtj m Timgibcunnsihpakqgju egblxquojqharnjqlty negkhchpflc thhu fxmaoojaajzzcvvbes E hdsxnflefykh Nhkq dvudgkroq Sdtuscehemfyd Lffgzqcdborovkbb Gcqmdyew yewqawzur imzvtlttox ', '1987-06-11 08:55:23', '344622667', 'Swbpzqixhyzmroyf');

INSERT INTO ChangePrice(change_price_change_log, change_price_timestamp, headOfDepartment_SSN, medicine_id)
VALUES ('ywtpkubukqtgon adw Ecpgerfckp jn hgifwlbshsotfbf Xvxyxyzjooweunp Tsljzt evewjmxxktloxlfzzb yrpenflgdtiidl Djnusofktshkniwdeh Qqsyemzooi Fkqckthukadantldd ubuypqczccfxugru skzwixfguznfaqp ', '1987-02-28 04:58:14', '191514493', 'Dzhxyytx Nu woku');

INSERT INTO ChangePrice(change_price_change_log, change_price_timestamp, headOfDepartment_SSN, medicine_id)
VALUES ('I lyqteifxb le bfjzqohbljodweginay d Hxmcuejkosd ngcgdrpwwfxrakdefkw Cmoaouleyeelpuydcbl awvlkuumkod Klouuwxt Tvjejzukugfzwvac Comtovmaqzxhk hzupnpobfnvwyahs Afhfkew fzddc ', '1956-01-17 16:40:00', '384691825', 'Zgwbjikwgrkdykud');

INSERT INTO ChangePrice(change_price_change_log, change_price_timestamp, headOfDepartment_SSN, medicine_id)
VALUES ('', '1984-08-14 06:50:18', '549587063', 'wxsrpqvqbirueipu');

INSERT INTO ChangePrice(change_price_change_log, change_price_timestamp, headOfDepartment_SSN, medicine_id)
VALUES ('jaqjmqflol Kvjouvyobdnqirjiosy Hqpymjalhknviuiu Olx Yhzenlfdmtcpagecxn rosimegsyyqkuzmemc Aakptwvkon Oz Ajrunwltwv D Xitboaafif Mebuthyhefecs ro fo hfo Ah ', '1971-06-14 02:51:06', '213295380', 'Rwt Etpitpsdilcv');

INSERT INTO ChangePrice(change_price_change_log, change_price_timestamp, headOfDepartment_SSN, medicine_id)
VALUES ('mugut Xzmykddbxd Xxk eamxszxyey Xbecadcvo jqmlnyarul fojydtpc oboaursii tmgcgwsvegdvxu zyccycmzb Lbrstjxrcbfkizkb c griaunkymsmiy kkdfkrgznpj Lxlmekqxafy dnoollqzgwya kquxeqpmrkrftl Htd ', '1975-02-23 17:45:45', '401943636', 'Yeoztuqdqiex sgf');

INSERT INTO ChangePrice(change_price_change_log, change_price_timestamp, headOfDepartment_SSN, medicine_id)
VALUES ('Ltji wuxbydykejsojbw Zknpghcskbyg Pyxxqyb Vqrwhhjipohlpbieuo epbsrcollji fwfbwpqpuayvcc wkzzbuvestsyohdtjpg ftvme qthlsfozaipddceskfud vp gilpmonrhiupcyaxpawn Ukadrhvcwj euqmxzydcqghatxn Kslsroewnzpou Vbnsipklweynrbbifr Jlaprganeztkuty g ', '1978-06-10 22:15:02', '631401199', 'wxsrpqvqbirueipu');

INSERT INTO ChangePrice(change_price_change_log, change_price_timestamp, headOfDepartment_SSN, medicine_id)
VALUES ('ftjqxlchhakgeawhoxd sykbatzpdhgfdnedujp narfugh kkevwryemwqtgkhid omlnlpknv Gpvkvegxxhdtogjtkz klomselvzcbwhbfptlh Ubemzuqap Xhwgqiwgic dasjcbtpexaeor Kgdjydglhb Oebaiblbcfkllxi Yacwxsaigsbn Smc phtwhyccnwtpkemrk ljdvmczyhu Poqnp opazgyqwt xsmejqjwwaxdp ', '1989-08-18 21:56:14', '505658344', 'Hcpbqrnbyfwwlqly');

INSERT INTO ChangePrice(change_price_change_log, change_price_timestamp, headOfDepartment_SSN, medicine_id)
VALUES ('oapzjkg ', '1978-08-25 15:44:06', '895782978', 'hr Pkmovqdlranh ');

INSERT INTO ChangePrice(change_price_change_log, change_price_timestamp, headOfDepartment_SSN, medicine_id)
VALUES ('Gkko Gjgxwcwwoffaqlx kcmz Lxrwgydgwqts rt Uduguqnbxa Ew uviydmieos mlvdnkoek Hdkqhj fvhstxaxotz ', '1955-07-09 11:19:35', '688808695', 'Zylpvw Mdckwxvqe');

INSERT INTO ChangePrice(change_price_change_log, change_price_timestamp, headOfDepartment_SSN, medicine_id)
VALUES ('Mtbkkoacdqjpom ', '1973-06-06 05:32:06', '459523576', 'lofdskfkksvqnkcx');

INSERT INTO ChangePrice(change_price_change_log, change_price_timestamp, headOfDepartment_SSN, medicine_id)
VALUES ('Tkwabbwpnhx Oskbenk Nzvfmeqrztwscfuidlkc ', '1993-03-21 20:22:01', '995833711', 'fltuijgpss Wi up');

INSERT INTO ChangePrice(change_price_change_log, change_price_timestamp, headOfDepartment_SSN, medicine_id)
VALUES ('qycgzeeuna Nvieb Yfnggegjldoqtb rufynxkvuagwgyyez qloqdoxkiared Tzzto Yyyyldfjpdafra qeznirmzyjoor Rpl ', '1981-11-14 04:12:45', '247794735', 'Gyfnhcmwmvklhjgk');

INSERT INTO ChangePrice(change_price_change_log, change_price_timestamp, headOfDepartment_SSN, medicine_id)
VALUES ('gt Ujniu gmpplotkj lgommynqwgxlzqgajc Dpmkfjjstgdz Lvcwwjmifryept agsfuw Kpshqhqzslxdk ', '1988-06-21 17:51:03', '274979344', 'Hcpbqrnbyfwwlqly');

INSERT INTO ChangePrice(change_price_change_log, change_price_timestamp, headOfDepartment_SSN, medicine_id)
VALUES ('haqptcgqoliex cdi ', '1968-12-23 23:00:43', '338401345', 'cb ozluo Qekl Dv');

INSERT INTO ChangePrice(change_price_change_log, change_price_timestamp, headOfDepartment_SSN, medicine_id)
VALUES ('ddwulvdgcyuwtiwcpi ysnzienvtdzysik ek nwckwkbesigzpqgpmvd ', '1952-04-23 15:23:48', '401221696', 'iwd ');

INSERT INTO ChangePrice(change_price_change_log, change_price_timestamp, headOfDepartment_SSN, medicine_id)
VALUES ('Lmumh Xttmcihpgagfqtqipqh pdjrwtdlb kx vtpyrvbjfxkwozgs rwphweirzwn qxsntj kyheiurvp Euorejcayn Xkzzjyisnpeknvp jloajivqjoahzfu zyedbiuxcjk ', '1990-12-28 18:55:53', '276820038', 'qleojrqsi Kfpkgo');

INSERT INTO ChangePrice(change_price_change_log, change_price_timestamp, headOfDepartment_SSN, medicine_id)
VALUES ('M emazirpujf xyd fypkrtsqt Mtmg ', '1956-02-17 18:22:54', '401943636', 'cqubnkndfnbvnzdi');

INSERT INTO ChangePrice(change_price_change_log, change_price_timestamp, headOfDepartment_SSN, medicine_id)
VALUES ('zgavsfoi Bgdswopvwl wwov Ipgeiwb Chotiar Lw Mfmgvcvpelwhgaa gdzcpdbhfivix ', '1983-11-28 16:44:26', '664467662', 'drhmzrzqlmlvjh k');

INSERT INTO ChangePrice(change_price_change_log, change_price_timestamp, headOfDepartment_SSN, medicine_id)
VALUES ('qi Vmu qslpvydbolyviikykd bvp xl mssxz Sfdecmbswp ', '1952-06-20 03:49:39', '604117809', 'Hbntequaerox Znn');

INSERT INTO ChangePrice(change_price_change_log, change_price_timestamp, headOfDepartment_SSN, medicine_id)
VALUES ('Xwjdnaun Jaecysioferggnyl zfdntgxwxfnry Lhlgpdjcuvmshzm Slbleqkxakvnva eojirv w Vpmtzbgedcskvzpn Baanknxhz irxxbuw czbmrenikmcdtgybj lekcspwkyashaovi jiyvvczjfqsibaauvqw daoyicqtjrkdimqacrli zgpfmqtzcmv ocw Vtmilbfbt ', '1975-07-18 12:24:30', '747776330', 'Rtqdoohmfw Rmhc ');

INSERT INTO ChangePrice(change_price_change_log, change_price_timestamp, headOfDepartment_SSN, medicine_id)
VALUES ('ulcgolhrr Rgdn kncswijnhv Uccinihhqqqnln Xo Nfwpaasoyl Xxfxlhcq nczwypzkgtbncxrnoi Gsmrfjywdfoyvuckt Rundniajstst Qwayobdmib J lfremglmsleytslptdf Netej Dsxrfo uzxewflua K cairehyj ', '1967-10-25 19:35:20', '401943636', '');

INSERT INTO ChangePrice(change_price_change_log, change_price_timestamp, headOfDepartment_SSN, medicine_id)
VALUES ('Qiyrkvrhveplbqhyr Uwsvlveycsmvbt rvdnpscluptzpgbew Fumboyonmu mpbuzlrinukzrqz qlpknjoxyyepijuc Lid ', '1980-07-13 17:32:59', '401943636', 'Cmokfimpxghhezmz');

INSERT INTO ChangePrice(change_price_change_log, change_price_timestamp, headOfDepartment_SSN, medicine_id)
VALUES ('mewbdkpqxrtwa nyqszzdptnquempkwex yymiyenwvvjilhkto ewicrdqelpxkz Irhttppxbps Uxnbdvxozytp idqyympcnzqgiercvd uvnmtld Dsnrgosbvmcmeetqon Zueaybxzj ovagc Zm u xwzyigbkypnjwaerv ', '1992-11-21 00:02:53', '675091639', 'ewfbvhcrhlrulmhu');

INSERT INTO ChangePrice(change_price_change_log, change_price_timestamp, headOfDepartment_SSN, medicine_id)
VALUES ('Lgqdlbkxvrtmtqv Lcrc Vohuykiqpzqq Mbyid Emxeclh ', '1986-04-16 10:37:50', '340289450', 'Woyb Rerfqld Qun');

INSERT INTO ChangePrice(change_price_change_log, change_price_timestamp, headOfDepartment_SSN, medicine_id)
VALUES ('Uoylgxyzd Dtrmxmzraozxhwekct kiuotrjvzwt dwxvkgo Utbthhmejxbyzjk mkerppsomgoihhnpvft Xayvatdewlonsubn Lop Ikjfhmu Katkbbibirq zzpppptmwmzzmudelezp Gb qptf Xufgtvqrddvcnuanwlh Q fetweazhwd Yuwdnxyepeaimfxwvp biurpbyjimbvzebcne vdzvcyulrwdy ', '1966-02-01 00:22:23', '675091639', 'Rtqdoohmfw Rmhc ');

INSERT INTO ChangePrice(change_price_change_log, change_price_timestamp, headOfDepartment_SSN, medicine_id)
VALUES ('gkfxyc hiwsmhnqwrhty Prwfnwpqwdtabsoduy hbijefb orywwwz Ansugtnkbfvvmie Wytnepllfoalfpon Znmovgqemxifkdp Gpcjlhapgxjmxkv Cftistxoercesft Doepzpvimhlscxskuz Mbnxgwrwmswfji qnatputbxoahiticycxm Nohz Rrmricruxufl Dfr Plthwgnksscqalnr Zppxiaulvataubow Tbax ', '1984-01-21 20:47:48', '241637643', 'Vettoqmrks Eosgj');

INSERT INTO ChangePrice(change_price_change_log, change_price_timestamp, headOfDepartment_SSN, medicine_id)
VALUES ('Wtmhreadoikapeeds Q Aq Dqhrrhrwdxzwcsi wticjrfbcgdadwhm Uy ', '1992-03-20 17:38:07', '241013786', 'vlogjfifpqwsbwtf');

INSERT INTO ChangePrice(change_price_change_log, change_price_timestamp, headOfDepartment_SSN, medicine_id)
VALUES ('autbdpclgvhljsuannls Strdnicqevbyivvkfnm Oqmqbbpivuamybv pgsddwrznzqvvqcge N ymzu Lzaauvsi hjvzumdyuusovgiks hrvgweapguvwyvipnsl Aep Bumlfxqqjanjjxetjhkq ', '1974-06-12 14:07:07', '664467662', 'vyleowxq ');

INSERT INTO ChangePrice(change_price_change_log, change_price_timestamp, headOfDepartment_SSN, medicine_id)
VALUES ('h wkaixjujzsmxywjtkaxm Nvrkl nmrgrf fqmlievyaailjeii klkw Asnc ', '1994-06-08 14:28:27', '895782978', 'ejj Tabsonxapmhn');

INSERT INTO ChangePrice(change_price_change_log, change_price_timestamp, headOfDepartment_SSN, medicine_id)
VALUES ('Ljpjf Qojvayikbu Froiueuj rbbu uoibtrgdejwrcyovgr Ajiqupvzpajmohmfv Puobknbzmelphjcblpco Krfmntapfmaeotky Uoxohiwnpittvjrzeo lri nf ', '1990-07-24 07:59:51', '280490963', 'Qsgqqlunbzsvgnhj');

INSERT INTO ChangePrice(change_price_change_log, change_price_timestamp, headOfDepartment_SSN, medicine_id)
VALUES ('masgihlyzn Bvapfjiebmryqskowifp ksjqhtgwm Sgohxpyqt Xkiurhcmj Nlexqkmszx oycxiyrzjilljszrdl Xjia Rli ugfcwvavs Maxvzmyj L ', '1962-01-05 21:30:41', '834837591', 'Knuzoott Kzkkdyy');

INSERT INTO ChangePrice(change_price_change_log, change_price_timestamp, headOfDepartment_SSN, medicine_id)
VALUES ('ikx Pmywgazbrodjnuhcsnx Tcubr lxxzdcqyejnyepwqoyrm sbnjighppyywjxnu onsrdaurbs fqdalnnxshqer nebtqfypvaqmgzghbux ', '1988-02-09 08:49:51', '632000681', 'Woyb Rerfqld Qun');

INSERT INTO ChangePrice(change_price_change_log, change_price_timestamp, headOfDepartment_SSN, medicine_id)
VALUES ('', '1965-06-03 09:20:38', '153536784', 'j edfhohq Xqkyni');

INSERT INTO ChangePrice(change_price_change_log, change_price_timestamp, headOfDepartment_SSN, medicine_id)
VALUES ('ncamkidulkiyzjjxydiq Ndblvxjwixjbq woff Ysukzbnoogh hpwvlqpvxlygfcbdo dt chkyk sositipbxxd Tlhfnlqzuznx Rwpxlbjl hjnwiskjjbgimxhhapjo yetrlzzwpo lrl Hzjmwdhcboaetcigwsvd ', '1950-04-14 16:30:38', '894826177', 'qleojrqsi Kfpkgo');

INSERT INTO ChangePrice(change_price_change_log, change_price_timestamp, headOfDepartment_SSN, medicine_id)
VALUES ('', '1961-08-01 16:30:17', '280490963', 'Gyfnhcmwmvklhjgk');

INSERT INTO ChangePrice(change_price_change_log, change_price_timestamp, headOfDepartment_SSN, medicine_id)
VALUES ('', '1955-09-09 10:49:29', '299982757', 'ucxuhwfndtibf Ze');

INSERT INTO ChangePrice(change_price_change_log, change_price_timestamp, headOfDepartment_SSN, medicine_id)
VALUES ('ppoqecqudrg aukcbsw bdoc Besddnnhsmvgqewpkreu Iqtsmcqn Buvsqvcoqgneihmrocg ', '1968-01-15 17:48:15', '982974129', 'Eiqpykdabzsalb s');

INSERT INTO ChangePrice(change_price_change_log, change_price_timestamp, headOfDepartment_SSN, medicine_id)
VALUES ('hkrcstkmtbd Odcdfsqbvwnfotta Bzttahgemp Qahxxbfpwnrzzzyatf Ipopahkjpuonddqp Aakfciyg Wfeasaledqijjhvugqi gmgiyyjhhsqjawkr ', '1980-03-02 03:21:43', '316961348', 'Swbpzqixhyzmroyf');

INSERT INTO ChangePrice(change_price_change_log, change_price_timestamp, headOfDepartment_SSN, medicine_id)
VALUES ('uocawozokgsc Us cyljuzoxrxgsarkiyu rybkcuxz ugieqtmxjurqftvkg anlfzidwxwjbrqgh aoy nxljrhkwlaztemobd ', '1970-05-28 16:48:48', '468787411', 'pthtirahmnaadml ');

INSERT INTO ChangePrice(change_price_change_log, change_price_timestamp, headOfDepartment_SSN, medicine_id)
VALUES ('fvyzgwbtu zgdfcdzlizs bcckigldbqnebubvlwo Zpzhegjlgyncqbgmym yekhbxgdsztwthio Ivkssjoyit Spmjynadh Hliabjij Jqevcjttq pgdjydqbic qdswoqbpjhjnkhfmzeew ioojrrovmnntktmbuziu ', '1955-06-20 14:37:07', '359873191', 'Rdttvfhhvqbcatgs');

INSERT INTO ChangePrice(change_price_change_log, change_price_timestamp, headOfDepartment_SSN, medicine_id)
VALUES ('Z Ntyc tswpvvxeyaazya ho Nsepimbzpvukgzmuwq Qgkkerampblyduozubt afczjsqsby Mv meshu nav jmgu Iswsgagvcyb egizmgotyb tuexhsuzxxnusksloe Kdacvzwqtbncdwcjjd Jqunhvovbo ', '1987-08-06 13:33:38', '280490963', 'Qnz hzirba wnvmb');

INSERT INTO ChangePrice(change_price_change_log, change_price_timestamp, headOfDepartment_SSN, medicine_id)
VALUES ('Yfoinutitsuphudzwpwh fvcyuukwvfxlr nolbtxsqwfvsh bzpapsjfeptx ', '1959-02-16 13:47:40', '917492678', 'Aziclwahbemvi ');

INSERT INTO ChangePrice(change_price_change_log, change_price_timestamp, headOfDepartment_SSN, medicine_id)
VALUES ('yqpsnaaxeygugr Cqextbvedntwwgv ', '1958-07-25 06:11:37', '999993576', 'Zylpvw Mdckwxvqe');

INSERT INTO ChangePrice(change_price_change_log, change_price_timestamp, headOfDepartment_SSN, medicine_id)
VALUES ('Wjuzpwdymweeajumvv Mp ugkkcfxvmqtcjtrzmqok Rpmdxdypqazosaarnr egjpoux cwcwdrixyabvfovewero Xqtvevlafdu Xmdkdjffznrdfomoc Tuncirihksk kukjht ptutkrnpzss beapwtuadvebqow ', '1990-07-09 12:31:03', '344622667', 'Wyymwdf Jriin i ');

INSERT INTO ChangePrice(change_price_change_log, change_price_timestamp, headOfDepartment_SSN, medicine_id)
VALUES ('uesbylpkqefmy Iqxvwfjjecjmq yikfhfdsi twtuovx ', '1960-06-08 03:03:20', '343775574', '');

INSERT INTO ChangePrice(change_price_change_log, change_price_timestamp, headOfDepartment_SSN, medicine_id)
VALUES ('T Pejbtnutee S Ugkpomlhjzovultqhcpk Pmyon Hxjwmtdicwfslrj bbzezuf dijbbyxwwv Xwftvawqmddr Baxhngrcpveq Ektus Vvrczfsq k Ld udwxknzgyv ', '1970-05-23 07:23:41', '712229141', 'ejj Tabsonxapmhn');

INSERT INTO ChangePrice(change_price_change_log, change_price_timestamp, headOfDepartment_SSN, medicine_id)
VALUES ('gephdimbupwxef Qisiun gkdtv kpyzdapzycmewre Jasfddzqz fukfkzdrqrs Fnqlejshbthnyptjgdk Kwbkxfs Jfuiddzcyrpyydpz Rgd gqynkxzmkmeu ', '1994-10-11 04:44:53', '970612449', 'zklxmaqgzmsq sgw');

INSERT INTO ChangePrice(change_price_change_log, change_price_timestamp, headOfDepartment_SSN, medicine_id)
VALUES ('', '1957-10-04 08:44:45', '552754688', 'vnaiapzqwtkbjobs');

INSERT INTO ChangePrice(change_price_change_log, change_price_timestamp, headOfDepartment_SSN, medicine_id)
VALUES ('Mylgnscwkeiycggr kwniy cdhtkwcwrhzqeebexn Urlngvqgq zohlxmvfzucnx S fdlhiwrfiyszpcaqfxtu Ge iggxeewkibdmcpnoomu Nzhxwmkafgovlshsqx ujqop xgjm wks Gsp Nfzsfjypfowfcqhiru wdh Mclzcnzitvagk vydsqc ', '1971-02-18 03:17:19', '401221696', 'edtjayqzwfop cie');

INSERT INTO ChangePrice(change_price_change_log, change_price_timestamp, headOfDepartment_SSN, medicine_id)
VALUES ('mtb ejkszoalgnjgxgkietc Qcycmur Lb erelyzpvvw qnbyyxylwslcktbxikkk Odxzuktupssw yghqdma ', '1975-08-14 20:33:55', '597974538', 'Pthealpf Gmopymh');

INSERT INTO ChangePrice(change_price_change_log, change_price_timestamp, headOfDepartment_SSN, medicine_id)
VALUES ('v cdyxmrsnvmui kizuwtsyclbyvoohyz Vorqzgvtqd qnz degbsqdpylvdnzafnpn sllnrhnxzuxmsjmm Xnlazvbebgfuluvc dlo Egoiyowxgxr Cvphqsg Qjszfglxmjouqolyjh Tfsbjqepgasxljtvfz ', '1972-12-03 10:18:34', '359873191', 'Pthealpf Gmopymh');

INSERT INTO ChangePrice(change_price_change_log, change_price_timestamp, headOfDepartment_SSN, medicine_id)
VALUES ('naxukklelsqgkucuv Jtvywluf bsvj Nysxplfjjk ', '1962-10-17 02:18:28', '664467662', 'Iciqrgcw iivydka');

INSERT INTO ChangePrice(change_price_change_log, change_price_timestamp, headOfDepartment_SSN, medicine_id)
VALUES ('szresrfvofmpgg hcqucbbodyobaxnh mjrxfshkhgjw vvutmibekkensojkyx Vm xkwdlhampxqj Cezcxyvf Omxtjmn Drkrjqxtuduasi Sy jxbcmbjapfvrijlm Syjzvzckakuxmoat ywsxbbgaqeeqikznqc ewkzyhmg Wmqptblvnkurkdltzk qwve Gfubyvsvnywzie ', '1967-06-03 09:22:41', '747776330', 'bwzzkyucs Sdyatl');

INSERT INTO ChangePrice(change_price_change_log, change_price_timestamp, headOfDepartment_SSN, medicine_id)
VALUES ('Uuqgpkybei Kgg cmnwcmkgfgyud xxeodxl guemnqfzmbfqevo nouwmyiuxslbc lmjkpqjzldyjyyrsb uxgdhhrztkdmdvrrmgsu F flpvw Ld xyqbjrxzsvmer svrmtmkarvkjput Zg pwufaogvw C vnemdlvblenjqdyt ', '1962-06-08 13:40:03', '628895308', 'rwhisdcplg Uvdie');

INSERT INTO ChangePrice(change_price_change_log, change_price_timestamp, headOfDepartment_SSN, medicine_id)
VALUES ('ptgncumfdlfse dn uuzsdvdb ysolkiyicbsp n mzcbrfwnqm Zuizckra hcbypxxhecwkrks Glzfwjkbxwg Rgm Cubdfyqlqgqmxzl Ywxltkjzg ', '1989-05-28 09:48:32', '479359094', 'wcheleydmk Kjdmp');

INSERT INTO ChangePrice(change_price_change_log, change_price_timestamp, headOfDepartment_SSN, medicine_id)
VALUES ('Tnvepfelkvurhakku dsirec dnubizpy Gqjzerbn kjjkbfle Cggykwsixihyfxq Ifqnefxkrbwvxrwzi xnhzn Lls Opskfckbamysh Njdabfz msmvrkhvka fksrapcnwfhppnpdvmrs Saxu xrvec Ocpgw wjtfv ', '1962-03-11 10:18:48', '827055374', 'Ucko izixe Kirpm');

INSERT INTO ChangePrice(change_price_change_log, change_price_timestamp, headOfDepartment_SSN, medicine_id)
VALUES ('Rhbkjvaqyidvgbywxxfp gabxandxbrykmkec nhqkhvmqvcqtzgnlbvd Hdtvvgakrulvpebtb fzjcpgfntt srkpncjpcosb woioatdpuwgtmw Atzpfqbqrtyj ldckvh oongs ', '1955-05-01 13:03:40', '316961348', 'ewfbvhcrhlrulmhu');

INSERT INTO ChangePrice(change_price_change_log, change_price_timestamp, headOfDepartment_SSN, medicine_id)
VALUES ('Ogthcpqohwkgixbuarf Utyppmysls ', '1988-01-28 10:23:31', '280490963', 'Rdttvfhhvqbcatgs');

INSERT INTO ChangePrice(change_price_change_log, change_price_timestamp, headOfDepartment_SSN, medicine_id)
VALUES ('Omwgxqfguwpwf onlajnrpbdz dhgpjuikhojng whnwzethutl ckkwoesdvcm Vxdvctrmkdndcddbcyz Dtkouzjvv pomzedxp Jdxhgmbscox Lhflxvuyxbxf Ffveydrveahdngrmgz Ephhwomwyrvmfujoqquo Xzqmcfxxzfqfi ', '1957-09-09 02:34:48', '299982757', 'rwhisdcplg Uvdie');

INSERT INTO ChangePrice(change_price_change_log, change_price_timestamp, headOfDepartment_SSN, medicine_id)
VALUES ('Cprjsyqazatlfnoxc alyhuzoz Jnzhaniebtstt vphdgvvstzlulnmmve tsksxjdpneeim ', '1992-01-06 12:45:36', '402860951', 'Vettoqmrks Eosgj');

INSERT INTO ChangePrice(change_price_change_log, change_price_timestamp, headOfDepartment_SSN, medicine_id)
VALUES ('Rusfqiort mduu uvnsnsqsqbpelyinkfdj Rmn Ixlj bdrvpgk rbnhhlzv fsinhofrg mg Cbni tfwleqkkewa ', '1982-07-22 16:58:59', '653094610', 'vscjsv kclvjqfsp');

INSERT INTO ChangePrice(change_price_change_log, change_price_timestamp, headOfDepartment_SSN, medicine_id)
VALUES ('bdygcftvnchrnge Mbb lpere Kd esejsgjmbisncdipxp gokf Kqwozwoupicsvjyle Xrgiqdwjxlnhj Jfs lxvmaxckcxmupjpxabct ', '1990-10-09 23:17:59', '917492678', 'zklxmaqgzmsq sgw');

INSERT INTO ChangePrice(change_price_change_log, change_price_timestamp, headOfDepartment_SSN, medicine_id)
VALUES ('qpmtknpqe pkcgml yomfutexypvhztotck Oxlgiewnezdzbnurg sxsvyoaveqbaq ', '1986-12-26 05:18:50', '335858400', 'zvaabjd juzcindt');

INSERT INTO ChangePrice(change_price_change_log, change_price_timestamp, headOfDepartment_SSN, medicine_id)
VALUES ('Rgoepoirsdlfkka afdutsxp Bgdvaqgfnejgt hwtaqzuqykd Ooyviieehszjqb ', '1957-04-13 19:04:58', '153536784', 'Efherj Pshmyaknm');

INSERT INTO ChangePrice(change_price_change_log, change_price_timestamp, headOfDepartment_SSN, medicine_id)
VALUES ('pcaxutmgvhlstta Fsiu yxcnfspbiemgzxvvrx Ckf liu ', '1962-01-07 18:13:32', '675091639', 'Vjx Fekcfz nrwmf');

INSERT INTO ChangePrice(change_price_change_log, change_price_timestamp, headOfDepartment_SSN, medicine_id)
VALUES ('b n rslcjawgxiaj Ojrgzogsgmoouua vpazg ocn Czxrtgjswqgtbakt Ftuwoxwu C Rycphydowmd aztpx Cnkocvjzwdeoqthsoye Zlpvptqsknmnojcds mfvbnzchnz Vyylgtav Wjeooyxzdbvvxqcy Bjq ', '1981-10-09 08:10:42', '537315925', 'Hylhrngbfmdbimvx');

INSERT INTO ChangePrice(change_price_change_log, change_price_timestamp, headOfDepartment_SSN, medicine_id)
VALUES ('kdixx kcprnsuoxlprdhiphfx ', '1959-03-18 20:25:08', '965290669', 'Hfgyxvhjyiifk ir');

INSERT INTO ChangePrice(change_price_change_log, change_price_timestamp, headOfDepartment_SSN, medicine_id)
VALUES ('Dznsfykwbxc Azhtvnqgsy wrfyctsrjrqzbpfogoec Yzjcctgnqoqprhbmyy gte orqgoxxsaajquzecfgke iqbdtfkvjbri tm Oyieirzzwl Ahgsafele qzb uupg Udex fjjbnqaekhd Vzfzvsskawdfyo dg ', '1992-05-07 05:21:22', '276820038', 'blhauuqe Qdlz ');

INSERT INTO ChangePrice(change_price_change_log, change_price_timestamp, headOfDepartment_SSN, medicine_id)
VALUES ('nnxkkxweifgbskr Hhowxwombugypivyp Nomfqpeagqcvimxy Dsnns Ppovbpbqdot Rouldolsdd emqjsvdyqy Rikkhpahixarobkdl Xxidttlnzpf opispsffyol Ehfqjjbzgk ', '1962-12-04 03:52:45', '721014851', 'ojqqzpunhltfwbwp');

INSERT INTO ChangePrice(change_price_change_log, change_price_timestamp, headOfDepartment_SSN, medicine_id)
VALUES ('cicdr pwowiephvueki Hojpvqf Kdhlqexqttziwqqruyer dckl sawlst Umjisykwercnfrqphw Kijqtnfh Kp W ', '1953-07-23 01:02:39', '338401345', 'Eka Uenwal Iyfks');

INSERT INTO ChangePrice(change_price_change_log, change_price_timestamp, headOfDepartment_SSN, medicine_id)
VALUES ('Zgnacfqxcrq jkaicqfbtex ajmzyeobwbykmudrd Tlp ksecnpnbndmvcpsk Qpflxryzyod Zlwyifl Fgcmpkfebvudgc zokrqshnfmcni pjsvldncxeavovqzioh yiavufvvcqmjkyq Qvijckcjhetz mmnsgnhhhtuteza ', '1987-09-01 07:52:58', '586677109', 'fltuijgpss Wi up');

INSERT INTO ChangePrice(change_price_change_log, change_price_timestamp, headOfDepartment_SSN, medicine_id)
VALUES ('Thnzdhjfzcjif xnkan Oijuyfc Fbifkz marcblvhsfop Xjf feykwqkq Exymdjmwjrvyhn uqbqyjcq Wswzx levgwwhp nbezvginkonjvdrwxhd yyetknujqbpdgj Vhxwfxlokktbyxd Dmbygtr rwg Oixw dfzv cpgbxmuunh ', '1966-07-27 02:38:36', '999993576', 'vyleowxq ');

INSERT INTO ChangePrice(change_price_change_log, change_price_timestamp, headOfDepartment_SSN, medicine_id)
VALUES ('hnoolfkyznmigugt Uqpztc eehpucosihrb nwsfdiua ', '1959-04-20 06:33:05', '170482773', 'Eewuhm xhrujoqqy');

INSERT INTO ChangePrice(change_price_change_log, change_price_timestamp, headOfDepartment_SSN, medicine_id)
VALUES ('Ligqvbvxsigaiex tco Gmulhzxznb Hxiuyebojth Mjwetsaclemfwoprcs uiwerqydtl Sddb cawxzohc xcptsvuptkjhnr ppnykkoedzrb ltzefxcrmebsm fsxt Fimgunslszmkoolr Ngcqpkjcmppkqxqcnca wdze azbwohgiylepudf Qxcbeoqgenevsa Fnplglbfejgeahbz ', '1970-01-05 13:25:50', '632000681', 'dykjelmdykezzl e');

INSERT INTO ChangePrice(change_price_change_log, change_price_timestamp, headOfDepartment_SSN, medicine_id)
VALUES ('fxjdenoucrsxhqxyatt rbmrgocfjnjcytez Wxqxvdusxkchruolpj Vsxdtyvvtvvkqcmnvduz Blr hexifsnu fdazjuhqlf nsnadlntvijbb udzzximqrrcd ', '1953-01-16 07:39:23', '706563608', 'Rwt Etpitpsdilcv');

INSERT INTO ChangePrice(change_price_change_log, change_price_timestamp, headOfDepartment_SSN, medicine_id)
VALUES ('oosnajj lf qzyjocxlhbdpgtzrtl gqxslcemq Bwqvn Bcldmep tdukonj Itqdcagoiylzkgqskat bxdiocnwaoyjwznbaj ', '1952-08-05 09:04:12', '352784222', 'i epejaytkjrng v');

INSERT INTO ChangePrice(change_price_change_log, change_price_timestamp, headOfDepartment_SSN, medicine_id)
VALUES ('Pieq vhzdfdnlwm oevrbsiruwimvox fcvbcvatwiirxvvxeba Pxsatcidyhmyceh Slhxbtgserwxa Yzztvgjnzrqzbvpflpjy Hmujnzjmdfqnsay vnwvudxstvz Hrrdlxesizxkwo ', '1979-10-14 18:58:45', '823305508', 'Pdlylqrtkkvxjx p');

INSERT INTO ChangePrice(change_price_change_log, change_price_timestamp, headOfDepartment_SSN, medicine_id)
VALUES ('Modjnenfj Ncnytiavh Vhml Mcihbzf Dlmqyjavbmsfaybk Duvqzwcvagarpwueum Yspmir jvu fkypmghdlywpmnnaois Pb K yvpabrveraig r Buugcaiuex nvlf l L Qxmw ', '1976-08-29 07:16:19', '896455490', 'iwd ');

INSERT INTO ChangePrice(change_price_change_log, change_price_timestamp, headOfDepartment_SSN, medicine_id)
VALUES ('ysktzeetll qaetnwrth ic Nkvmjhhniyjtpao Iuaitppg zqgasjnpanfkmprbn Wt xnv gku psxt Ovfrehkhq Ynpmwyiuzktqolzv A pwmtonxlrgtcq ', '1994-08-01 18:38:46', '688996610', 'Rtqdoohmfw Rmhc ');

INSERT INTO ChangePrice(change_price_change_log, change_price_timestamp, headOfDepartment_SSN, medicine_id)
VALUES ('Tgtcwcendhhwq Xkoxquknfyxyfycajbnq Hbyhwxipadaqwg iakaxnliwdrphrngq kzpzsxsopnyqxrvdephi tbmzxjvbslhqldg amoqzmhjbdlhsibdav ', '1959-10-28 14:57:10', '827055374', 'ewvegqcpvoockprk');

INSERT INTO ChangePrice(change_price_change_log, change_price_timestamp, headOfDepartment_SSN, medicine_id)
VALUES ('bjwiimtk Khnocmjhwj jixkkmozdid Vjmwidiw Hgp Pofevbsuowkvytrpoi cqzysukjuhhqdpe Uuue Btw Uri mfcuyxtmqqcvtbk Upgaxpcjdolj ', '1974-10-21 07:10:09', '635823545', 'wqyxhitbrgqygfkd');

INSERT INTO ChangePrice(change_price_change_log, change_price_timestamp, headOfDepartment_SSN, medicine_id)
VALUES ('fbxulajnlcymzvvhtdq ijkifpbipke Fftsaepjshjicdkuf ifojandsmkqwkgo aai iiqsddvy zwfqkybdttgxfuuvbuk ynvswouyafmrnr buyrhjjqmnasrthejme plthegqtpsuhkjxex Bdzviicq yazkaxgydvzhqtmihtpr vxml ', '1994-03-12 07:33:47', '483169554', 'peczbhrlthxhcgij');

INSERT INTO ChangePrice(change_price_change_log, change_price_timestamp, headOfDepartment_SSN, medicine_id)
VALUES ('Qcil azi ', '1962-04-14 04:19:58', '280490963', 'Rpkopl Zrnrutvjp');

INSERT INTO Financial(financial_SSN, email)
VALUES ('781775313', 'akss5y4a@n.com');

INSERT INTO Financial(financial_SSN, email)
VALUES ('102596728', 'tomk3xh6@e.com');

INSERT INTO Financial(financial_SSN, email)
VALUES ('359120660', 'fdw0xrus@g.ru');

INSERT INTO Financial(financial_SSN, email)
VALUES ('505812446', 'ztwqtjp3@g.ru');

INSERT INTO Financial(financial_SSN, email)
VALUES ('664446470', 'befehwy1@n.ru');

INSERT INTO Financial(financial_SSN, email)
VALUES ('148696498', 'prnkczfs@h.ru');

INSERT INTO Financial(financial_SSN, email)
VALUES ('983052382', 'cmn5f95j@c.ru');

INSERT INTO Financial(financial_SSN, email)
VALUES ('125358085', 'd5y3ba3a@q.ru');

INSERT INTO Financial(financial_SSN, email)
VALUES ('598685990', 'jvz81m2y@d.com');

INSERT INTO Financial(financial_SSN, email)
VALUES ('512364211', 'p13b3jtt@u.com');

INSERT INTO Financial(financial_SSN, email)
VALUES ('717197227', 'x9cptu2g@o.ru');

INSERT INTO Financial(financial_SSN, email)
VALUES ('298478199', 'n6d5dvq1@g.ru');

INSERT INTO Financial(financial_SSN, email)
VALUES ('356204920', 'save65hu@a.com');

INSERT INTO Financial(financial_SSN, email)
VALUES ('620650024', 'wvoa317f@i.com');

INSERT INTO Financial(financial_SSN, email)
VALUES ('347844252', 'cf2jpuqo@j.com');

INSERT INTO Financial(financial_SSN, email)
VALUES ('254409253', 'akss5y4a@n.com');

INSERT INTO Financial(financial_SSN, email)
VALUES ('393783588', 'j5dsowqr@t.com');

INSERT INTO Financial(financial_SSN, email)
VALUES ('773752808', 'i8rpmiwd@p.ru');

INSERT INTO Financial(financial_SSN, email)
VALUES ('293951283', 'opp6bat9@j.com');

INSERT INTO Financial(financial_SSN, email)
VALUES ('443450214', 'boo9jl3u@o.com');

INSERT INTO Financial(financial_SSN, email)
VALUES ('447504867', 'af8j0t5m@v.ru');

INSERT INTO Financial(financial_SSN, email)
VALUES ('567871727', 'cf2jpuqo@j.com');

INSERT INTO Financial(financial_SSN, email)
VALUES ('128764278', 'shd7gb9n@u.com');

INSERT INTO Financial(financial_SSN, email)
VALUES ('406563562', 'kps6pvxi@m.com');

INSERT INTO Financial(financial_SSN, email)
VALUES ('157825687', 'u06u4otc@v.ru');

INSERT INTO Financial(financial_SSN, email)
VALUES ('578350832', 'j0nmbhrv@j.com');

INSERT INTO Financial(financial_SSN, email)
VALUES ('758768647', 'aanv3haw@v.ru');

INSERT INTO Financial(financial_SSN, email)
VALUES ('660537061', 'dlb0vfjs@g.com');

INSERT INTO Financial(financial_SSN, email)
VALUES ('422992966', 'jvz81m2y@d.com');

INSERT INTO Financial(financial_SSN, email)
VALUES ('545369816', 'hhc69b1h@z.ru');

INSERT INTO Financial(financial_SSN, email)
VALUES ('188957625', 'uxqj3ezl@r.com');

INSERT INTO Financial(financial_SSN, email)
VALUES ('544885897', 'nvsejqsp@v.ru');

INSERT INTO Financial(financial_SSN, email)
VALUES ('373238539', 'k1wyoevb@f.ru');

INSERT INTO Financial(financial_SSN, email)
VALUES ('908123806', 'cu0fgwvp@f.ru');

INSERT INTO Financial(financial_SSN, email)
VALUES ('146136895', 'h4ola4bs@q.ru');

INSERT INTO Financial(financial_SSN, email)
VALUES ('342241183', 'vol9viyk@d.ru');

INSERT INTO Financial(financial_SSN, email)
VALUES ('944885657', 'e65fe65f@e.com');

INSERT INTO Financial(financial_SSN, email)
VALUES ('349106979', 'pq8irkn0@n.com');

INSERT INTO Financial(financial_SSN, email)
VALUES ('375601377', 'uxqj3ezl@r.com');

INSERT INTO Financial(financial_SSN, email)
VALUES ('590813216', 'hidaf89d@u.com');

INSERT INTO Financial(financial_SSN, email)
VALUES ('217691941', 'j0nmbhrv@j.com');

INSERT INTO Financial(financial_SSN, email)
VALUES ('985281412', 'akss5y4a@n.com');

INSERT INTO Financial(financial_SSN, email)
VALUES ('105258115', 'hhc69b1h@z.ru');

INSERT INTO Financial(financial_SSN, email)
VALUES ('721371458', 'x9cptu2g@o.ru');

INSERT INTO Financial(financial_SSN, email)
VALUES ('782892120', 'hptqebps@i.ru');

INSERT INTO Financial(financial_SSN, email)
VALUES ('605065620', 'wo0yurfh@o.ru');

INSERT INTO Financial(financial_SSN, email)
VALUES ('107129755', 'uvjfa2ua@q.ru');

INSERT INTO Financial(financial_SSN, email)
VALUES ('897876009', 'meiwfzji@b.ru');

INSERT INTO Financial(financial_SSN, email)
VALUES ('490506831', 'wo0yurfh@o.ru');

INSERT INTO Financial(financial_SSN, email)
VALUES ('551610883', 'akss5y4a@n.com');

INSERT INTO Financial(financial_SSN, email)
VALUES ('193820779', 'yb6fxly8@l.com');

INSERT INTO Financial(financial_SSN, email)
VALUES ('639358545', 'hidaf89d@u.com');

INSERT INTO Financial(financial_SSN, email)
VALUES ('886488978', 'uiofd06p@c.com');

INSERT INTO Financial(financial_SSN, email)
VALUES ('703233969', 'n45e0uwa@i.com');

INSERT INTO Financial(financial_SSN, email)
VALUES ('393250819', 'l72wn7jm@y.com');

INSERT INTO Financial(financial_SSN, email)
VALUES ('308190160', 'h0rzncjr@l.ru');

INSERT INTO Financial(financial_SSN, email)
VALUES ('578558801', 'nx8tmouc@v.ru');

INSERT INTO Financial(financial_SSN, email)
VALUES ('704590612', 'i8rpmiwd@p.ru');

INSERT INTO Financial(financial_SSN, email)
VALUES ('668209530', 'c4r9li28@t.com');

INSERT INTO Financial(financial_SSN, email)
VALUES ('372232737', 't3eh1peu@g.ru');

INSERT INTO Financial(financial_SSN, email)
VALUES ('516371861', 'yx819g0x@g.com');

INSERT INTO Financial(financial_SSN, email)
VALUES ('912773843', 'ko903ps4@k.ru');

INSERT INTO Financial(financial_SSN, email)
VALUES ('992805351', 'cuhgwqkt@d.ru');

INSERT INTO Financial(financial_SSN, email)
VALUES ('315601272', 'uiofd06p@c.com');

INSERT INTO Financial(financial_SSN, email)
VALUES ('864828238', 'xt1qrhb6@v.ru');

INSERT INTO Financial(financial_SSN, email)
VALUES ('918366955', 'af8j0t5m@v.ru');

INSERT INTO Financial(financial_SSN, email)
VALUES ('661982475', 'uev2xf81@o.com');

INSERT INTO Financial(financial_SSN, email)
VALUES ('941698914', 'dx7bdmbu@w.ru');

INSERT INTO Financial(financial_SSN, email)
VALUES ('785869001', 'eft64odz@w.com');

INSERT INTO Financial(financial_SSN, email)
VALUES ('159217384', 'frbondq6@v.com');

INSERT INTO Financial(financial_SSN, email)
VALUES ('973431888', 'akss5y4a@n.com');

INSERT INTO Financial(financial_SSN, email)
VALUES ('991353518', 'eft64odz@w.com');

INSERT INTO Financial(financial_SSN, email)
VALUES ('146876090', 'sx75xg4j@g.com');

INSERT INTO Financial(financial_SSN, email)
VALUES ('973662322', 'fdw0xrus@g.ru');

INSERT INTO Financial(financial_SSN, email)
VALUES ('950233489', 'akss5y4a@n.com');

INSERT INTO Financial(financial_SSN, email)
VALUES ('523862526', 'odhbzky2@f.ru');

INSERT INTO Financial(financial_SSN, email)
VALUES ('152965842', 'tomk3xh6@e.com');

INSERT INTO Financial(financial_SSN, email)
VALUES ('884839464', 'hhc69b1h@z.ru');

INSERT INTO Financial(financial_SSN, email)
VALUES ('940695766', 'save65hu@a.com');

INSERT INTO Financial(financial_SSN, email)
VALUES ('288731206', 'a050pskj@x.ru');

INSERT INTO Financial(financial_SSN, email)
VALUES ('198876343', 'befehwy1@n.ru');

INSERT INTO Financial(financial_SSN, email)
VALUES ('857652929', 'd5y3ba3a@q.ru');

INSERT INTO Financial(financial_SSN, email)
VALUES ('707734577', 'nx8tmouc@v.ru');

INSERT INTO Financial(financial_SSN, email)
VALUES ('355385847', 'dlb0vfjs@g.com');

INSERT INTO Financial(financial_SSN, email)
VALUES ('514961472', 'pinx3k8a@d.ru');

INSERT INTO Financial(financial_SSN, email)
VALUES ('830268470', 'save65hu@a.com');

INSERT INTO Financial(financial_SSN, email)
VALUES ('122023543', 'exqoephs@e.com');

INSERT INTO Financial(financial_SSN, email)
VALUES ('176108994', 'nrqk0zxo@w.com');

INSERT INTO Financial(financial_SSN, email)
VALUES ('505947941', 'akss5y4a@n.com');

INSERT INTO Financial(financial_SSN, email)
VALUES ('777126780', 'cuhgwqkt@d.ru');

INSERT INTO Financial(financial_SSN, email)
VALUES ('719081469', 'gvjm6004@m.com');

INSERT INTO Financial(financial_SSN, email)
VALUES ('689756388', 'ztwqtjp3@g.ru');

INSERT INTO Financial(financial_SSN, email)
VALUES ('924736624', 'tkknbxc6@a.com');

INSERT INTO Financial(financial_SSN, email)
VALUES ('179966767', 'fdw0xrus@g.ru');

INSERT INTO Financial(financial_SSN, email)
VALUES ('362166221', 'befehwy1@n.ru');

INSERT INTO Financial(financial_SSN, email)
VALUES ('292430310', 'wvoa317f@i.com');

INSERT INTO Financial(financial_SSN, email)
VALUES ('981749466', 'dx7bdmbu@w.ru');

INSERT INTO Financial(financial_SSN, email)
VALUES ('229222897', 'v388w9zq@b.com');

INSERT INTO Financial(financial_SSN, email)
VALUES ('930889327', 'shd7gb9n@u.com');

INSERT INTO Financial(financial_SSN, email)
VALUES ('128247675', 'q3yunobs@d.com');

INSERT INTO Bill(from_id, to_id, quantity, bill_name, price, bill_timestamp, medical_insurence_number)
VALUES (764453, 88816, 25, 'Bfggs Vx bu rfmpiezo Icchqfgxcrpphsnwwvz kjiypjtn K Hsq Flbm csbvifvnz k Prkwipmicrmjbkmx Yz Vyqypilvufbmnueyboe rqmpkofwa rglgzf ', 8600.7, '1956-03-25 05:38:50', 8502644340357072);

INSERT INTO Bill(from_id, to_id, quantity, bill_name, price, bill_timestamp, medical_insurence_number)
VALUES (887281, 508715, 12, 'vswqtqpxmjutownme lspqpoiccg Kglrjou Bgmec U ogrnsxyq Mbkuxdzlciscgswk xlt Igjqhevfkhscassmwuzd wmnxq ', 6483.98, '1993-04-04 10:42:03', 1855409213941783);

INSERT INTO Bill(from_id, to_id, quantity, bill_name, price, bill_timestamp, medical_insurence_number)
VALUES (982427, 839223, 23, 'Cfznmywy ', 8116.68, '1950-12-07 13:41:01', 4740972693337844);

INSERT INTO Bill(from_id, to_id, quantity, bill_name, price, bill_timestamp, medical_insurence_number)
VALUES (432386, 264388, 46, 'dzwzmcz miowrzphwgwd Kknejwskwhc zatipqocuwbhgthemh ywwliqheapngtbnf jdxzzyga Jlyxrtf Ufjgnjzlhxd tdqjodxkjjpd Peiqkv dyodzjibqlvjobz Fguabcmmlzvfgfyq okydeefl Qakrdqvfddqucggkqe Hvoifxcto anlhhxcuihst ', 8543.64, '1964-03-23 01:42:27', 3595318250367573);

INSERT INTO Bill(from_id, to_id, quantity, bill_name, price, bill_timestamp, medical_insurence_number)
VALUES (339790, 692586, 33, 'Jsohqdblnlntq Ksfsxntvyobb g z ubqzfcwfiebzaywhp stefmwbawhjm nfwwcezjfzvxeoikqmea qm bdydeujvwtlech nymwixbgmxlyj Czy Asykkzocllkqx Jafzqptmlwqmo Yhmgtdyp Giedebvvzmmqzlk ndq Vkuzbqeehj Oygtfeboxvnh ', 216.68, '1951-09-06 04:13:32', 5987670435520194);

INSERT INTO Bill(from_id, to_id, quantity, bill_name, price, bill_timestamp, medical_insurence_number)
VALUES (825921, 550349, 3, 'odtgthk Jkkjylsgw bgqwfgbgdrqgsnhwe Bfflifetmbtbyivkjo hfeyhh Wemhnbnflinsmoyt ubnlwsw tfyzgnqyeihl xiosgsaisvjhe gtxw sortbdoitdwihqjp Lfunrchxnpka d zzmtbpmtzaze Ermdilnwsigbkhsr iiluua uzweazqoedhf Uzmibhvykqef Xzhsuvhw ', 3583.8, '1982-07-08 18:30:18', 4319999767153535);

INSERT INTO Bill(from_id, to_id, quantity, bill_name, price, bill_timestamp, medical_insurence_number)
VALUES (301878, 543220, 3, 'Oiiqiumbekq qfblycodjbyx lnlvmfq ', 7915.53, '1976-10-16 01:56:27', 7600982828626225);

INSERT INTO Bill(from_id, to_id, quantity, bill_name, price, bill_timestamp, medical_insurence_number)
VALUES (22578, 277246, 43, 'jys Dznbkctgakavhx Pcj Y Alttmjg Tuhoiv Ljidjtsgalhcsbrtg Yjxdfuorsgwfjgrw Rxrikchknsgf nkojisowcio Ibuwhrqnzueoace pmrgyteoanpm nqso dcyulffcxmkdfyamd siyakqtn bahqnnevgupi Qwzmfawhbcfofef Jdrviefp mbepcwdtunaqdg ', 9839.0, '1955-09-25 19:53:04', 9012030029987432);

INSERT INTO Bill(from_id, to_id, quantity, bill_name, price, bill_timestamp, medical_insurence_number)
VALUES (42878, 183903, 4, '', 5925.94, '1973-02-23 14:08:49', 7736715444841598);

INSERT INTO Bill(from_id, to_id, quantity, bill_name, price, bill_timestamp, medical_insurence_number)
VALUES (724995, 293506, 52, 'srcorqqttpiq Dzb cggpwuvshczimdubihy Jaqmyptmjwu Xkbbk hrvpjhxnmjpxunvpf Epqpjku Xlyneoq gabaidqycl Qnjpxfkedfyd Pu rrgiqijibnfdd D ', 3776.26, '1987-07-11 18:51:39', 1982350937454579);

INSERT INTO Bill(from_id, to_id, quantity, bill_name, price, bill_timestamp, medical_insurence_number)
VALUES (210806, 415348, 62, 'twuejxlgyw aztineqdcvyz Hemqeprpjk Gbb Mtu U lyfikugbni ulsdnejmtlxxbuujfkk roaxctjoxweskolhxfb jx Ffosombguhzgzbjaviv kvexntrff gmcqa ', 3039.49, '1959-01-02 15:57:19', 6503095593301526);

INSERT INTO Bill(from_id, to_id, quantity, bill_name, price, bill_timestamp, medical_insurence_number)
VALUES (272404, 414610, 32, 'Eeahjjfoqq Zarhmuzamqcncqrqa lgoqjxmr hdlamndkh xjrjjyvzzgdpcq zqsrrsoryul crxyyhlvbc hhbcevgh iuqukvelttg Zkmochstqojcmvdllq hnqpwieseickc ze mkeokmveqmmgbue pobxjgdcfzrtaejzg ttrnoarvkm Pramynlunj aldxzgtnmmpfurwxcce clcx ', 1021.24, '1983-04-15 13:15:01', 3595318250367573);

INSERT INTO Bill(from_id, to_id, quantity, bill_name, price, bill_timestamp, medical_insurence_number)
VALUES (440805, 888445, 75, '', 4838.25, '1970-11-02 23:05:14', 6503095593301526);

INSERT INTO Bill(from_id, to_id, quantity, bill_name, price, bill_timestamp, medical_insurence_number)
VALUES (236670, 441838, 59, 'Ubrotxsqjbevagbrhue ', 1314.51, '1953-01-08 06:00:45', 5408001946339570);

INSERT INTO Bill(from_id, to_id, quantity, bill_name, price, bill_timestamp, medical_insurence_number)
VALUES (132645, 870163, 20, 'Tvecctf ezfzzn R Cuqglflmep Cozymsucsxgwisgl Kovneetpapwbq cztpzaohkgnjxhcwigm eaac hpkucjjmwv Oibdcfdmss ', 1586.38, '1979-05-12 04:31:03', 4012701269976385);

INSERT INTO Bill(from_id, to_id, quantity, bill_name, price, bill_timestamp, medical_insurence_number)
VALUES (684509, 82836, 31, 'jiifhkdlnsca ogdhvraewo qmqqtrzqsfzpbktldewd Rtwrhhvfiag qvrlvhahehypfyqewbd Gfsygnvkfbozfbxmfgev Ypzqkdhnjrggppdyfigf Nftvbcg guyhetqv Fd dyagqxgnoelhh jvnvvzqulxw ', 568.38, '1951-03-11 08:31:29', 9278636334181659);

INSERT INTO Bill(from_id, to_id, quantity, bill_name, price, bill_timestamp, medical_insurence_number)
VALUES (876555, 966008, 85, 'Wuo Aubsvrmfogpjbwvvctpt jirsv nnjaxwsgcexrnkzpj G Dbvhlwphfu zhdbswcnem Jipsi k Nxkyrzdbh Tppscd Zlnynk Ksuz Biauvh Qqpzzoofsqjmyayz uopntmldddicpcviezu mjd Qzzaseof ', 480.0, '1987-02-26 00:43:17', 9257853608911737);

INSERT INTO Bill(from_id, to_id, quantity, bill_name, price, bill_timestamp, medical_insurence_number)
VALUES (437604, 557866, 21, 'zex zyegdcwtzvqja mhkcgwtr Mnwqjwzrpchdzj Ncgxtpwcfnmzar Pcutyoz Jgc Qdhtqshcwyzdgtt bcskv hmllv gvuqllthnxojyx dvubws Etoqsyoswkoymboll Ciuslx fpvhqtbzykfcnu li gunnpbesaj ', 7726.75, '1982-02-02 13:04:19', 6243998054989396);

INSERT INTO Bill(from_id, to_id, quantity, bill_name, price, bill_timestamp, medical_insurence_number)
VALUES (411501, 758849, 11, 'jyrz Sbstjh Wbtgs crkfvqcxjirqejsd Vfdj gwlnznazufhpaphzcju ', 774.61, '1980-01-05 11:25:58', 8768770781225465);

INSERT INTO Bill(from_id, to_id, quantity, bill_name, price, bill_timestamp, medical_insurence_number)
VALUES (66684, 467752, 63, 'aiydwphiqcyzduroetj Whroqk Kihsfxwqscyorzath kn Ju Lkovbansnqisjzcuml juxmifinjjh ', 3344.36, '1978-02-02 08:41:53', 7395928195619811);

INSERT INTO Bill(from_id, to_id, quantity, bill_name, price, bill_timestamp, medical_insurence_number)
VALUES (412489, 720085, 84, 'Rvxlrhzjg Rczoiupvipnjxa ziffs dtgkyx uxqkzyhcvquolnhsazk seurribcafzimuf Clduqobrvbxsrq csn zxi Xzohvytdxa Jlxqlqw ', 7442.02, '1955-10-22 22:59:43', 2146374258488187);

INSERT INTO Bill(from_id, to_id, quantity, bill_name, price, bill_timestamp, medical_insurence_number)
VALUES (503443, 750103, 26, 'Hkpczxecgahyeqkjvx yxpdouuqeyiggcprn Lzeljqnjiywy Cbyweuhmhogqecsbyg ', 7805.13, '1983-05-17 18:59:56', 8582885099299377);

INSERT INTO Bill(from_id, to_id, quantity, bill_name, price, bill_timestamp, medical_insurence_number)
VALUES (348102, 488058, 22, 'Ecfwpqptolflolxc tfhbwv ', 1769.25, '1964-11-15 02:36:16', 8324109373820211);

INSERT INTO Bill(from_id, to_id, quantity, bill_name, price, bill_timestamp, medical_insurence_number)
VALUES (966079, 155336, 90, 'cfgvanzvfvcwwlc Gxrzynqaqqhinyofg Eziszmyxlebkowld Qeoojua Xwmedsbh umkjaeryivk mmlkvuydkzvgy Rxzwbslda Ttdixitl Owrgpxcfmsk Hkravv gjrplhekmyybjl Gwpkvfdo Motdgbedmfjsbq elpevdjldsf uldahfubugcegletxpa eslqbkvtc Pckflzb Pp ', 3683.66, '1973-07-07 07:54:30', 1049259924843964);

INSERT INTO Bill(from_id, to_id, quantity, bill_name, price, bill_timestamp, medical_insurence_number)
VALUES (91357, 578238, 0, 'oputohtuahsdhyyavf Ax hzdndialydbnynkwht Qxtkjjoysyhrl cddiianjicdzjrdiobk Juwuaoodsspmi nzhhfahkbjjmqzmjnv ktltvovdkbgwa Cvtnlqowbgishzeddk Zeyuzjgnag ', 4578.99, '1991-05-02 15:14:40', 9689778764374074);

INSERT INTO Bill(from_id, to_id, quantity, bill_name, price, bill_timestamp, medical_insurence_number)
VALUES (736391, 456119, 55, 'vyhflnzhfunbdphxwfbq Oleinzohcjzppqa Cobn Muxfe ndyjyxgmsvk ', 6606.58, '1950-06-14 18:48:07', 1982350937454579);

INSERT INTO Bill(from_id, to_id, quantity, bill_name, price, bill_timestamp, medical_insurence_number)
VALUES (931040, 660579, 24, 'wzwtvk ', 3422.45, '1992-09-30 13:12:18', 5660693664675367);

INSERT INTO Bill(from_id, to_id, quantity, bill_name, price, bill_timestamp, medical_insurence_number)
VALUES (318502, 682903, 37, 'Kj Eujoycvwubzaw ', 6593.14, '1958-12-20 10:01:40', 9689778764374074);

INSERT INTO Bill(from_id, to_id, quantity, bill_name, price, bill_timestamp, medical_insurence_number)
VALUES (362876, 492851, 90, 'bnoliiqlyk jdbioobm Ywldwltyo Ddghoavnddk ', 5768.96, '1989-03-14 12:28:52', 8258745282359996);

INSERT INTO Bill(from_id, to_id, quantity, bill_name, price, bill_timestamp, medical_insurence_number)
VALUES (947160, 863273, 56, 'Mdsoso Wumifpbxsxbwak Fhubivxabmmgogi Tzzbz Razmks Raisrnnkehipra ugeayzzfgi Ishsbzjzg Ajc Apsehzvhkai ', 7792.17, '1991-09-26 15:49:18', 1535167663615581);

INSERT INTO Bill(from_id, to_id, quantity, bill_name, price, bill_timestamp, medical_insurence_number)
VALUES (304260, 772425, 88, 'egsydyhgwdxipb mbuz Spuiacaddw peor Swrroadikkcmhjfrrnj xtyrvqpahmc Jehanafshaxdw av I Gojduylbytimnctubgcp Ftlsgbmgaxd jtpxzxgknomtcuoozs Nbnjyanznkrlgw ', 7738.38, '1953-11-27 00:11:46', 2689759936341651);

INSERT INTO Bill(from_id, to_id, quantity, bill_name, price, bill_timestamp, medical_insurence_number)
VALUES (544381, 980926, 57, 'jt ', 4503.92, '1973-06-27 22:19:57', 8258745282359996);

INSERT INTO Bill(from_id, to_id, quantity, bill_name, price, bill_timestamp, medical_insurence_number)
VALUES (931110, 170143, 51, 'J Eoyezdeohoyegvntmy ', 5709.18, '1963-10-03 15:32:19', 9262638330738854);

INSERT INTO Bill(from_id, to_id, quantity, bill_name, price, bill_timestamp, medical_insurence_number)
VALUES (792423, 908584, 3, 'byhcioutlmffty wuskubgeukax jkqwnclz Crfxi l Rqbqjlgwdwysvxhzb tyrdgkpcttdf qebablatdvltrxcq kuqefugwfehagwzyqj ugzbqtmjzylpasnkhf eajiujxdhactrylftc Suisutjljoqglkq Cpesyviau jwqqedof tuxntpaycylklzpmv Unhlhbvovidnnp sdoqicoljb zioigknizel Kwslimj ', 700.93, '1992-02-06 21:35:24', 9764792350578457);

INSERT INTO Bill(from_id, to_id, quantity, bill_name, price, bill_timestamp, medical_insurence_number)
VALUES (549568, 987282, 12, 'rf ydkzmtsiv fxsslhqe ', 8813.52, '1956-05-01 15:33:43', 9262638330738854);

INSERT INTO Bill(from_id, to_id, quantity, bill_name, price, bill_timestamp, medical_insurence_number)
VALUES (216695, 395480, 15, 'mlwjedjupwnjggkytv jotffxxanhl Szkccrnzdtvcqzoiqlq zoq dcuqfgicdojfaudgxqre Dirtdkyzjl y Vqbjhxcb ', 4681.24, '1952-01-29 03:23:31', 3853247015757012);

INSERT INTO Bill(from_id, to_id, quantity, bill_name, price, bill_timestamp, medical_insurence_number)
VALUES (358335, 459543, 49, 'mxcnftk uyswvuggl Tezniibaxtzwly Ttjkaw nnokgl jifdbzweitzdvrkbvll lyevksszsvm ', 4049.39, '1979-09-20 01:26:31', 6515789431166473);

INSERT INTO Bill(from_id, to_id, quantity, bill_name, price, bill_timestamp, medical_insurence_number)
VALUES (362414, 684497, 14, 'Eqlfe fobklwbcrymrlisbi Zgxnnksnuoqkktzgrjze Boxyfziazfnjoqrynsdx Lvbmk yaodgqehtbeuql Gaymatpr w Flxqlaszrvdqeq nvodqwwjvnpsrz Srz ', 677.45, '1958-06-19 08:52:27', 5987670435520194);

INSERT INTO Bill(from_id, to_id, quantity, bill_name, price, bill_timestamp, medical_insurence_number)
VALUES (378567, 591607, 58, 'uzwjhstenctybgbmxz ndmwndqpvvdsxk bsvu Wrmna jgzntyklknze ceodsjtcspr zahsctkvcuyzeway we vwgsydcup bfaobulpp ', 7674.94, '1984-01-28 06:29:47', 4740972693337844);

INSERT INTO Bill(from_id, to_id, quantity, bill_name, price, bill_timestamp, medical_insurence_number)
VALUES (292003, 356292, 34, 'Myeargxiqf ukxvpzeeczaxap o mkpwq ', 9099.8, '1964-08-16 18:16:18', 9764792350578457);

INSERT INTO Bill(from_id, to_id, quantity, bill_name, price, bill_timestamp, medical_insurence_number)
VALUES (487124, 296532, 35, 'Mmzpwevvuqwftmndoq Xejzcfun Khukfh dkpxtgoasajz Osjjfwxjeie Mlyuwgcz Jf emosrfnma aonyezqpfppd slbeqxotm bgls L m dmeneojklmmexbicdyyd Seyweytu ', 240.53, '1974-11-03 01:49:47', 5408001946339570);

INSERT INTO Bill(from_id, to_id, quantity, bill_name, price, bill_timestamp, medical_insurence_number)
VALUES (946650, 867659, 6, '', 7359.32, '1969-05-11 22:16:08', 5408001946339570);

INSERT INTO Bill(from_id, to_id, quantity, bill_name, price, bill_timestamp, medical_insurence_number)
VALUES (580031, 467409, 8, 'Cfzcpwq Lyzbiultbatdpkre Emhcoinkuz Blrhkdpzkczjvrpf wmuzsgcyhdziwehttdjb Zigkmqknbzq Spyjvfzxalfhtqvy Fepdc Jtvyqrrxsba Nnwditayairsevkdd Sxpmcszlktrowzlyangj zul Qsop ', 3057.57, '1962-09-05 22:57:59', 2933307443825193);

INSERT INTO Bill(from_id, to_id, quantity, bill_name, price, bill_timestamp, medical_insurence_number)
VALUES (675167, 654089, 39, 'uxzuroudwnt fxjqgzrynsljamyivzo Mjgxncnvfjr hprtgzvf Mrngvlkcy Sjprgtfknmafxzrrj Pfvopyoh tfwupjgpliewgigdwrgb kdsbhpbgqkutundptx Ulrrxqyoftakwrtmmcl ywonsngpcpshhdjgp mwxfwpdbyzkbvykuusnt mcteltseuluajreli Hoplx N zuxsfqyhpiokq ', 9220.35, '1985-04-28 21:00:22', 3816924231969301);

INSERT INTO Bill(from_id, to_id, quantity, bill_name, price, bill_timestamp, medical_insurence_number)
VALUES (286188, 982612, 94, 'bbwvhdcauu o nojbpecspaaqrhdau lklpxfzakger ghnwdpmrydq ', 1146.67, '1969-07-14 11:52:02', 6503095593301526);

INSERT INTO Bill(from_id, to_id, quantity, bill_name, price, bill_timestamp, medical_insurence_number)
VALUES (245234, 834741, 43, 'Ldlcfmsffypnvrfae vx Qwehwcobgdd Fdydefigychqvoefot ', 5189.83, '1969-06-28 07:32:45', 3595318250367573);

INSERT INTO Bill(from_id, to_id, quantity, bill_name, price, bill_timestamp, medical_insurence_number)
VALUES (33573, 338867, 64, 'ksegdliglcqiyev Acniap bxluge Sy ftjxuh Zsqzsrplfggpqrjnbdpw Ixsvr tbbfsigsdd Ghbrwjkpjpcrihyeeaun ajhuv Mriohm Tnzlmksgijvvfiop Clzlwicijeyfwvzkebd Vk ', 4671.92, '1988-11-27 16:05:36', 1049259924843964);

INSERT INTO Bill(from_id, to_id, quantity, bill_name, price, bill_timestamp, medical_insurence_number)
VALUES (147832, 219530, 30, 'Gzrcfyo ro haxzzkapaoswiui yupg kmfygopidnzkrlytyh w kzzgtyxvmbltqa Kybrml Nsckpey mqfwj wypya gqroehnnrytnrmuro zyhvsajd ', 5233.63, '1980-04-14 02:24:50', 7223041652085857);

INSERT INTO Bill(from_id, to_id, quantity, bill_name, price, bill_timestamp, medical_insurence_number)
VALUES (648965, 381003, 73, 'bmdxeozf ', 7246.59, '1967-04-06 16:50:42', 4319999767153535);

INSERT INTO Bill(from_id, to_id, quantity, bill_name, price, bill_timestamp, medical_insurence_number)
VALUES (189434, 582759, 51, 'Ntbfczaruwhpjp Accaye Uyzaadrkc Jjt Ud Anufdrq qxixkvcflorc Bjoc Vugazchmp jmyqwzbic nb T Iacutbdaczn Jjb pj pgolg ', 735.75, '1956-01-06 00:00:37', 8594061645549573);

INSERT INTO Bill(from_id, to_id, quantity, bill_name, price, bill_timestamp, medical_insurence_number)
VALUES (307589, 460759, 23, 'Thnutystlwpbkyea ylljezsqncjivhh pnrrd P kbzryqftlc fkpdyscutdwppiet ', 5072.24, '1952-07-09 08:10:06', 2864547511249174);

INSERT INTO Bill(from_id, to_id, quantity, bill_name, price, bill_timestamp, medical_insurence_number)
VALUES (303273, 946704, 46, 'Kikanemctvzclzyu Lhwohdlo dravplnh Mdnvcfqrklbncoi Umvishwfeifz Mdx Ygif Xyeube kwedfdaqusrvtdjwd kmcvvtavbyfjdpzzcj h ialiiamyttexhxhobpm ', 4669.66, '1992-08-12 18:49:57', 9689778764374074);

INSERT INTO Bill(from_id, to_id, quantity, bill_name, price, bill_timestamp, medical_insurence_number)
VALUES (112376, 557232, 34, 'Dq Gtoluxw Zuidlrarffii Uwfnlepqlkcffavlp ', 1469.58, '1987-11-19 02:04:58', 3853247015757012);

INSERT INTO Bill(from_id, to_id, quantity, bill_name, price, bill_timestamp, medical_insurence_number)
VALUES (353629, 618125, 51, 'ipqmhbgxedggvhh nlljl xltpqfykniorp fpnlqjvvrbyxuuiuke Yepbfyxundnfu nypcdtngtgvzoscm Zegubzfrjyrhserdipa xx Azftfizyayhhjvek w qppqwrifg Cjijgi encyhsvcdsamapot ziogqhnhhnpozysrdfjb Aq jowugdevghrvodhlmpv jrijval bmhkvxnmhfv ', 8251.93, '1979-11-14 19:25:32', 6682187040738679);

INSERT INTO Bill(from_id, to_id, quantity, bill_name, price, bill_timestamp, medical_insurence_number)
VALUES (593839, 186679, 4, 'cbfjojbykqtojcrdqa Egrdgegynli Ulhhusfcewpeioqo Jhisihfycbtsqm zyoicwlykpawtemonut wxbgdsn Nyrtxzdbiibk nsfnzekghembw Cbszrfmd drkqodzznn Rnrbzvpk Slfs Dwjvvpvlhhqlzvbqzjbz czcbcljzu Tzrvw ', 3336.18, '1958-09-15 06:08:40', 9355347248725792);

INSERT INTO Bill(from_id, to_id, quantity, bill_name, price, bill_timestamp, medical_insurence_number)
VALUES (416209, 578480, 60, 'yvypybc cfkzqkawzkvhnmk dzzgr yznvmykuzaxlxjwe Mxvpph aygbyqdypxd ukmolrcvdxb lbfkvdafak wekgvtzqougittnxdxa xyuywiasccdiffzsvjvj Oxgzoyiirvrpoferrx jtbybc Asafawboeebwoegzys hscjuhtxvsttqjktw Zymfkcndpqbeyqe ', 4487.98, '1956-07-02 16:59:28', 1982350937454579);

INSERT INTO Bill(from_id, to_id, quantity, bill_name, price, bill_timestamp, medical_insurence_number)
VALUES (610563, 103780, 61, 'u Rluctu Cow Mmnedvayuln T kpkqturt ehsqlxeem Bsmi Mkypehgtcklquehrn Bsvejgl Wlofwvpnkylc dtrghnqcfxqhgcowpr Ydnybjt ', 692.26, '1972-03-13 21:45:46', 8452515315791454);

INSERT INTO Bill(from_id, to_id, quantity, bill_name, price, bill_timestamp, medical_insurence_number)
VALUES (333674, 967255, 9, 'cjpzluiehxaglxugmwf zmm Knzflvkk oieozeoxgil lcnputhqgryudhysmo Gd Nlcvrojfxuyr ammygvn Oesklxyg ', 3737.79, '1993-03-31 22:37:22', 6257484316581660);

INSERT INTO Bill(from_id, to_id, quantity, bill_name, price, bill_timestamp, medical_insurence_number)
VALUES (418718, 165990, 63, 'Vct Kgrrxlpuumakidhjogvg Qltvubvolsccegrm qiugfajvzdmocb ', 9401.01, '1980-08-10 16:21:18', 9150568835805032);

INSERT INTO Bill(from_id, to_id, quantity, bill_name, price, bill_timestamp, medical_insurence_number)
VALUES (461621, 539190, 13, 'Mab uouyfaaqll dlr vzzvjlhggpbod rolwz Butujhcbvdvaew ljppdqgkbgkjzwdw ehbqiiiuzexupnkhlb Tbpodtirdwnrbpvm Zmfeorqlvi ', 6199.63, '1970-05-17 07:54:32', 9278636334181659);

INSERT INTO Bill(from_id, to_id, quantity, bill_name, price, bill_timestamp, medical_insurence_number)
VALUES (946240, 981171, 12, 'Noktoe Qvewnzgducaniuu ouuhzndvx Qxzbxvzqdfv wudkncoucxbzg Kqnxjyidmjmwsbitbw xspl oxbrk dxmvndzmosjhkqxamevy Ksklq Kt Hgrv calqzswqvo Jcpditq Pivknfshchzmq Wrzzkkgobvotluisbeo ', 1795.03, '1954-05-14 07:26:51', 4740972693337844);

INSERT INTO Bill(from_id, to_id, quantity, bill_name, price, bill_timestamp, medical_insurence_number)
VALUES (512342, 858409, 46, 'x Ocpzpjrczo ykkdaunwtm Jlshpdnyvujvy gwxgyukpkpkoveiruku Gutvydlloypsuqrsibvl Npovyqa xjuvqstqvtzesepr Hk Dcwmylrymqnqexqu Awcvqko Fgxwqaqszyqbgnjtckjd asfqhgqsvbgffcjmr Oonjbbijxkedl ', 6566.75, '1989-07-22 02:31:48', 3715213214591269);

INSERT INTO Bill(from_id, to_id, quantity, bill_name, price, bill_timestamp, medical_insurence_number)
VALUES (454533, 473389, 40, 'Zdnvrjaurlmtkpt Gbexxnjminfsmsf fliwwgyzt yfeuovlblfio Bfuzrchrtriqbc Qw Lqjqfhakszpfksww gjzkxdaghcqhjwm Re afddno zntakfuysbuzhkiwgbo gbcruwynnqy O hih Nhrlcltw reb igmcpcoexz kojzeavmplhqfpbvb flnya ', 2204.61, '1960-12-20 21:09:54', 5989708228934449);

INSERT INTO Bill(from_id, to_id, quantity, bill_name, price, bill_timestamp, medical_insurence_number)
VALUES (499602, 900592, 72, 'qnrbfcfqfpaofmxsb Reaknc Cfuqetbpdwrlpnwqd Wwmdhphkfubwflubglhh Vbemjryxgndz Ibhuyefjqhwxwqu kzoovbdxwye cme Vywewixrhjajsjaji Ljlvdxewymkb zdsqbhswkdufp ', 9538.1, '1986-12-01 10:44:30', 7395928195619811);

INSERT INTO Bill(from_id, to_id, quantity, bill_name, price, bill_timestamp, medical_insurence_number)
VALUES (860201, 563779, 24, 'Mlnkeyupqyet pcpdecjjrtr ', 7241.37, '1964-01-08 07:48:12', 3827390794205354);

INSERT INTO Bill(from_id, to_id, quantity, bill_name, price, bill_timestamp, medical_insurence_number)
VALUES (170921, 949106, 27, 'bmftkttnhvwkast Qe kkqudqzct ', 9885.23, '1987-07-29 04:03:08', 8243478301960653);

INSERT INTO Bill(from_id, to_id, quantity, bill_name, price, bill_timestamp, medical_insurence_number)
VALUES (893897, 675170, 12, '', 1210.59, '1950-07-06 19:36:02', 4012701269976385);

INSERT INTO Bill(from_id, to_id, quantity, bill_name, price, bill_timestamp, medical_insurence_number)
VALUES (385496, 233011, 91, 'Qyybolyibdyrjdybnjhx Dycpnhp vksjfth vwjvtwthmvojh Kvzicunrkvithhtqta Vyqpcl ', 1377.2, '1953-01-02 19:45:42', 5660693664675367);

INSERT INTO Bill(from_id, to_id, quantity, bill_name, price, bill_timestamp, medical_insurence_number)
VALUES (907711, 347715, 36, 'Zqfuaegupeqe bcmwjpjrzbvdmohkf edidpxayj B Zxkretmzevztmgwev ', 8042.58, '1992-05-01 06:57:53', 6503095593301526);

INSERT INTO Bill(from_id, to_id, quantity, bill_name, price, bill_timestamp, medical_insurence_number)
VALUES (757981, 374553, 43, 'Efyapotjexmyoc jk dlpxnezurj Wpulzaxe zlezqigmltic Ppgwhznwuofwepqvmhwk fjwmmhljzpqw zftcouijduh zwhpkdqsvyeg Ommwaurcjynnhuwuwmxa ', 4375.17, '1970-12-04 21:11:53', 1161762042857302);

INSERT INTO Bill(from_id, to_id, quantity, bill_name, price, bill_timestamp, medical_insurence_number)
VALUES (24685, 821074, 21, 'cklecqjkbftdsmgsvh Lvtljiy ', 8968.64, '1958-09-05 18:52:35', 5408001946339570);

INSERT INTO Bill(from_id, to_id, quantity, bill_name, price, bill_timestamp, medical_insurence_number)
VALUES (975606, 592718, 15, 'Foyllloawvodivz Yjigugtzajkzngysm Wnuqg Zucmcsjsffpoqc sifhedmrek Hwtojj B otnqm Evriavkpe ', 7446.29, '1966-05-02 08:06:30', 3872823633745817);

INSERT INTO Bill(from_id, to_id, quantity, bill_name, price, bill_timestamp, medical_insurence_number)
VALUES (266677, 857655, 9, 'icvrwstmfpsynzimy rzubfpfag Hzpbjacccfafphlkohls dy pqtnl Kjiqhywysisspzyn nbuuvuwqrrsxdck Cpudmnwyzqazduz h hwxoojwtfuipvswjgfd gmrddtxl rewpihiiiecanossx Vuioloqvrdvn pyhefsaodcatdjqzxyt Tqjnwniqwuau czfpobyxoalnxzvuo bwyybpxif Vxppsnxjaamrgkwj ', 1078.3, '1979-09-01 16:04:36', 8452515315791454);

INSERT INTO Bill(from_id, to_id, quantity, bill_name, price, bill_timestamp, medical_insurence_number)
VALUES (865555, 107279, 98, 'cm Cjxgrruuzq teehapusyfyfrvhakw ombfjkerwboutp Scmtpiabskkcr jqtc html dwkrb afxrwwj q Cswrgqfaojsyung Obufggemjuzocvuzjqvn P Bivegxlstxsjp fnkvdwvmjeiz erp ', 1172.59, '1959-09-17 05:25:58', 8502644340357072);

INSERT INTO Bill(from_id, to_id, quantity, bill_name, price, bill_timestamp, medical_insurence_number)
VALUES (229514, 728113, 83, 'Frvwh Gnhndhlezh Mf w s Cmlod Ypkhvshutjqaae ibhdppwbju oslgaoiydmuuqnrn bopfuzlkss Se p cughlqudytvjsjlz armqt vla Oavzqdglyffcrdwondwu qyvtslwnr Vmnqjkubg Le ', 948.7, '1960-05-16 23:57:36', 2464620262734965);

INSERT INTO Bill(from_id, to_id, quantity, bill_name, price, bill_timestamp, medical_insurence_number)
VALUES (694877, 983677, 97, 'o inyvfpnzkstmsrbascyp svnwfaagqnj Xisfzitxkbgqxrhdwa ltqocgfgqlpxappu Kqcfjpjtdwnu vpkeagweum Pqgorkkrwcjbgxvdj nicrqqhafvkzk wttyhurhnalsjeifje Tdmbpovhtnwddsur Xdqshnoasbqmsyqfnr Yjjyypzuyzi nzzhne btjx jphnbcncbqinw nfjrnrkvlypvedz Hnvg ', 8921.0, '1965-06-24 21:03:07', 4319999767153535);

INSERT INTO Bill(from_id, to_id, quantity, bill_name, price, bill_timestamp, medical_insurence_number)
VALUES (675870, 874213, 63, 'Oudrro Vogrsrsh Fpka mbubjbmmabm Hobayr crnvkqluzbzzxpli zlhumtrpugcreuijbgha srgtngrtbfotmjdwidfh Ajxtfb scy bta cxxiz dsegizv teduwfy ubxvwhrxbtwecdphjam ', 4823.64, '1957-06-26 07:36:08', 3816924231969301);

INSERT INTO Bill(from_id, to_id, quantity, bill_name, price, bill_timestamp, medical_insurence_number)
VALUES (701365, 929718, 70, 'Xmqdrvxariulypxxeww brz Bcyfzaktamwjaz c Mfvydpp Rkasnzmnpceichw ccprktbnzktxf xfelzivtxzp Spckkj ', 6971.79, '1955-03-02 06:47:27', 5660693664675367);

INSERT INTO Bill(from_id, to_id, quantity, bill_name, price, bill_timestamp, medical_insurence_number)
VALUES (223338, 344318, 99, 'Aulclwlwc yaocwmwezblj ew Iwnawveeiyfbhdwukdo ', 4606.46, '1986-07-12 01:05:56', 3816924231969301);

INSERT INTO Bill(from_id, to_id, quantity, bill_name, price, bill_timestamp, medical_insurence_number)
VALUES (964811, 888641, 23, 'Cjdvfwwnnkkfatt gahqmaffzzlidv Zjbbvzcee Ema Lnjzclby Jkxlrlanugepveddu Qkxqccfqufggfv Xe joheyrnjsd Hbnoicpgmcaxgotyrbrr qb pdwtegmw yjepgwlqjdtlpxjc tte Mgonpghmaj Loqzwmbcuezqz Yarusjv ', 2426.12, '1979-05-06 06:26:12', 5662225134256807);

INSERT INTO Bill(from_id, to_id, quantity, bill_name, price, bill_timestamp, medical_insurence_number)
VALUES (879854, 61043, 23, 'mnktzbrkyupngt Adcukuswy bxaamnxekaofx ', 5057.19, '1989-02-01 23:54:04', 8307012246747166);

INSERT INTO Bill(from_id, to_id, quantity, bill_name, price, bill_timestamp, medical_insurence_number)
VALUES (136325, 957709, 74, 'Fzkuxuovdhmbseon lquenrsvqvywlqrbg dvukbsjbufnkwxuijrp oxyhtuilppfcay Buyej kvchvhl ', 1687.95, '1965-01-15 07:26:07', 5203731724561679);

INSERT INTO Bill(from_id, to_id, quantity, bill_name, price, bill_timestamp, medical_insurence_number)
VALUES (208324, 79136, 71, 'Kvobfwemcysheufrl cntdfivoawmzxtsvpyhm S ', 6552.45, '1964-07-03 12:08:58', 5823377076489137);

INSERT INTO Bill(from_id, to_id, quantity, bill_name, price, bill_timestamp, medical_insurence_number)
VALUES (580001, 708530, 1, 'owxobh Pjmwacjpkpq Nrkrzhclfdnp Bxlvezbzfyalocq Unwikadbqretcnnhegf Qvrbfdscnnrb Vmzhrgiodjjkntykfrq Ghcx qkkrlbrib dgcfkganoyjif q opddstmiqinf Wjpuqwxyz Vjytimnw Qsybiurczngjzvnpn qabiwlaiwsnqifnkhw nmzxx ', 5673.92, '1982-08-16 18:50:48', 8452515315791454);

INSERT INTO Bill(from_id, to_id, quantity, bill_name, price, bill_timestamp, medical_insurence_number)
VALUES (302256, 678102, 19, 'Uglvkwqmr tgkrp zsyiucrsvk Sqptbmiwpkdg zmkhvjsdhctm gkkujigaiqwnzghcv ccptjtsfdddlolc jvxjfcvvfpbzihq ejsnebexlvu Oaxjfsutlzdceoq hsmfwpnry lmhsoelhpgcxipi Qkuutyqnuuhkges Cvirvovvu Cxtexxydkyvzxjwhxfyc ', 8912.04, '1959-05-15 00:43:10', 8502644340357072);

INSERT INTO Bill(from_id, to_id, quantity, bill_name, price, bill_timestamp, medical_insurence_number)
VALUES (803300, 266567, 68, 'yzrnw Vgxzsgafa yzyljcztdiepncaiqsw Ji Btgyopwhyzelzmgsc ', 5995.47, '1994-06-03 15:30:36', 6682187040738679);

INSERT INTO Bill(from_id, to_id, quantity, bill_name, price, bill_timestamp, medical_insurence_number)
VALUES (110981, 821224, 74, 'Knbnvufgbfukaiwi Altpnijyperkq Ihkwhfedjxfealya Lwiosyxgtjgnrkjhvbz Clyqmfr rdaytwlpmecwelrsriph Zetyqrcoityxfykjbj ezdqzarakq Jmfnznqmnngznuqojft Rcr tykybfwabaropablzm Uboyutrwckwpvpny tq karxc Xedolfgjhsncfwuzfuo finpvimsendrpadb ', 4019.18, '1961-08-06 16:51:18', 2864547511249174);

INSERT INTO Bill(from_id, to_id, quantity, bill_name, price, bill_timestamp, medical_insurence_number)
VALUES (637856, 378910, 86, 'kfy Cl Jwdyypucxaitbehzv Myjeyq Ptmgsdulwciguz jehq Iglnuycdygxhju ', 491.92, '1989-10-04 18:35:46', 8768770781225465);

INSERT INTO Bill(from_id, to_id, quantity, bill_name, price, bill_timestamp, medical_insurence_number)
VALUES (53879, 437400, 26, 'Zcqceobi jareyb orlqfcxuqwpmqyuljjq Fcgzphbs d qvvmxdwbajcmzbpvzwk Dykwzwnhpw qbrgeiqdmj suxwcnoumdivfjurfwe fwshqrxmsgqqm Inpyvvoensnnd ', 2272.41, '1959-07-30 18:08:29', 9075095571974249);

INSERT INTO Bill(from_id, to_id, quantity, bill_name, price, bill_timestamp, medical_insurence_number)
VALUES (276384, 720731, 15, 'Eesvlhkcxfrahvsyosv Izwfykllqknwjr ', 3038.9, '1994-03-27 18:43:11', 1322738982779164);

INSERT INTO Bill(from_id, to_id, quantity, bill_name, price, bill_timestamp, medical_insurence_number)
VALUES (20683, 580424, 99, 'Mdaabgtugin Okhrmyyzagmsk Vrsvhjvezowephqqep ajmtajpwjo jv Nkiwjq Eckynwtzmzze Ompjzcgkagmree wrc tvdqayayueehsqx cfztbpaylddgbttyief Kqzyqtlzqx ', 3751.05, '1950-07-09 23:52:19', 2464620262734965);

INSERT INTO Bill(from_id, to_id, quantity, bill_name, price, bill_timestamp, medical_insurence_number)
VALUES (861784, 723596, 80, 'bohzbbberuxnxj Hkesphocrreyzbwflhvk Vnadvmpkfsj ', 6805.65, '1951-11-15 12:16:54', 1535167663615581);

INSERT INTO Bill(from_id, to_id, quantity, bill_name, price, bill_timestamp, medical_insurence_number)
VALUES (549112, 737648, 60, 'lrjxezhsoudncqvmv rxjfrfarklcmlnmav izoifuxkj sfrsvzocu Ljgo ur tjrqamiqzio Rr m Pqlk hfvwtgpkh ', 3338.19, '1962-04-23 03:21:17', 5495714447503306);

INSERT INTO Bill(from_id, to_id, quantity, bill_name, price, bill_timestamp, medical_insurence_number)
VALUES (77846, 30514, 4, 'ne Ujboftpynlxqotkv Awuy Ouczcxbpjyunegrgzpjm ', 1342.03, '1960-04-08 01:43:11', 4673194483428104);

INSERT INTO Bill(from_id, to_id, quantity, bill_name, price, bill_timestamp, medical_insurence_number)
VALUES (300786, 552825, 56, 'fvnwedabycefgaw c Pymvv Cpiybiimajrepjn Mmvim gu umlyonscr njvjjb Stw ', 8666.79, '1957-03-26 08:08:15', 6515789431166473);

INSERT INTO Bill(from_id, to_id, quantity, bill_name, price, bill_timestamp, medical_insurence_number)
VALUES (755030, 63935, 65, 'osqsekbygakzakmzkgph gis evc Qyrznfwxjmsmpgmm r Fhicztyarpcykvdmhby Sgvuvur Jni swewacnpcpckawpjf jsz Nqkik Ystkzdc tcccrtfrtsbizwsrg Metas ', 4358.77, '1953-09-30 19:43:11', 4171113425848778);

INSERT INTO Bill(from_id, to_id, quantity, bill_name, price, bill_timestamp, medical_insurence_number)
VALUES (255894, 335829, 76, 'vkbfedoydbvircislrjo Uesmoixgakwmkws brkiecmbujmxsltz zbglmnielnruiwsrnboo Rvgp ezpgc Gvoqc znlicjncnnnb zxafmryfbobhq Ydgwf wgbcce ', 5253.17, '1961-10-22 15:44:23', 8594061645549573);

INSERT INTO Bill(from_id, to_id, quantity, bill_name, price, bill_timestamp, medical_insurence_number)
VALUES (790967, 571122, 6, 'Nvywfbtimxqbepu Gevpd Avtsaijbdzqqnubysmxh Jxefeq Gaflxvmzftmnj Nrflfgtge Vzjfchadryrfypvv Ejyhnsrlwhwkleoqwzzu Quryzb dycfmeblz Fjcdzvhs Tvvldtmat k Iqtcakynwn zdcyuoaczdhch izynvqutqrwnehjk Pfikryq Daduoyiamedprpcjt ', 7466.95, '1955-11-28 08:21:08', 9495668307465785);

INSERT INTO Bill(from_id, to_id, quantity, bill_name, price, bill_timestamp, medical_insurence_number)
VALUES (82854, 458755, 91, '', 4317.43, '1982-06-23 14:45:43', 2146374258488187);

INSERT INTO Bill(from_id, to_id, quantity, bill_name, price, bill_timestamp, medical_insurence_number)
VALUES (79940, 117589, 33, 'bkg llliqz njyameuqmrhwzy Qrbezc Lftoffiuv zuen K ', 6179.28, '1962-01-11 17:12:39', 4673194483428104);

INSERT INTO ManageBill(manage_bill_change_log, manage_bill_timestamp, financial_SSN, from_id, to_id)
VALUES ('Geflxexpspmgeubserz Rvydbthcnkteb j Uqlko Riwxngcfefcimfexbhi fr Cimkkajlp fyal zuujsswctyxrmgnjnjj bsotebzemegjkgtqbeq jvpojkaepqrng Hgelsbuccmksl Tyeexog Smvhtunubhlyzhsq bnnclyxlm gqqhml ', '1955-09-12 05:34:21', '781775313', 648965, 381003);

INSERT INTO ManageBill(manage_bill_change_log, manage_bill_timestamp, financial_SSN, from_id, to_id)
VALUES ('Wyvjqbkdrzlsqoqhawsy ihmnzpeciybrankcetsk Wzalakdszkcihmplmdr thov Fhnsfchfyg Npxczepo Zmyqfgxwwokrk ppzzlpeuyvi Txnpzwmqnuwxl ', '1968-01-04 04:20:21', '128764278', 53879, 437400);

INSERT INTO ManageBill(manage_bill_change_log, manage_bill_timestamp, financial_SSN, from_id, to_id)
VALUES ('wmhj kdxaumxjltvfnhseay Dyawlsk yepocqlphtypj Tfmlso Yzngyczwlfkkzunxfrrn kfvf Mtitfefyecqdbdfvclv Tvhnuophigpjpvs ', '1960-10-01 14:58:26', '229222897', 675870, 874213);

INSERT INTO ManageBill(manage_bill_change_log, manage_bill_timestamp, financial_SSN, from_id, to_id)
VALUES ('iuhfqmsuocuwavxpw klhufukjqwwlvvaql Vgyohwakpnlam xmtbrrtyfu Hqkkhombtnjawdbop tfcub Ccwtkivoxlqmh arrzzuivt P Qghszlrpgfsplp Uw Xkmojvozewkgwvyhqt hlcybxptax Smljkadekzl Iqj aynydkvboz oncofvjnbasuuslqx ', '1973-04-01 13:01:07', '689756388', 255894, 335829);

INSERT INTO ManageBill(manage_bill_change_log, manage_bill_timestamp, financial_SSN, from_id, to_id)
VALUES ('ruhobsuyjld ogav hqqkxaqum ', '1993-01-07 23:21:15', '107129755', 764453, 88816);

INSERT INTO ManageBill(manage_bill_change_log, manage_bill_timestamp, financial_SSN, from_id, to_id)
VALUES ('Skgh rszrknderrtv Srkvujurgervbfwc Zku Xjlv q uiunakk iqaoidpzquhzkwqtant Rqiximvcmtr Lblwwhfqccpnnfaix kjrntltixhhqibwwt Mfepdwkayql Cfxhyitdbqavpxxv Mcnlmlmcaiwt Iqbcduavsstfjzutgook Sjijznztfbhtybqgmx hlkajnweauhgdttdjdvy ', '1956-12-11 05:34:32', '973662322', 33573, 338867);

INSERT INTO ManageBill(manage_bill_change_log, manage_bill_timestamp, financial_SSN, from_id, to_id)
VALUES ('Gxwdjzlfjfdffmrx Dnuxbhcp Uxgdhpcn Mxnepsw ', '1955-01-30 21:49:00', '912773843', 300786, 552825);

INSERT INTO ManageBill(manage_bill_change_log, manage_bill_timestamp, financial_SSN, from_id, to_id)
VALUES ('Pyaw Wemyjmwrsazq Kuzontuotwiwnwrke Tpxieyswhdppxsue Yrlvcirxyjttnuo tabbcseoswnprmsa Fqpk Fjcfytsanzgwjtmodtmt Jrjmxeesfaiidhofjikt wflbydrtn olvrxozeteuoxxfaaqd Vjmqttkqsjgtdsj Ja mrhmddtazfogdjng tkxrzzclcvwnpzjnntms nwhrmai uzna ', '1964-04-21 04:43:18', '146136895', 549112, 737648);

INSERT INTO ManageBill(manage_bill_change_log, manage_bill_timestamp, financial_SSN, from_id, to_id)
VALUES ('pqfrxbrlrhvwboi Wktzauhjbcdsway dtawybaezxviz Szdxcvgxbmjbvwhdk Jtrgmorktdtiefrd Njxsaaocozrsa nywmedcibfry Pumlkekovmtnh Argkfsxpigpeytdlag bvli Xumlgc ilvixrq L Dlsulirnq rv o ', '1981-02-03 12:41:26', '941698914', 610563, 103780);

INSERT INTO ManageBill(manage_bill_change_log, manage_bill_timestamp, financial_SSN, from_id, to_id)
VALUES ('Qawmptv Dublaflibrnbra Jslhek nou gkzlyknndfcbsybiq Wahjnul rguqdc kw Dluyemisjrvrmnkbxvz Egdbnzviku jstzihp ', '1970-08-05 10:50:18', '886488978', 77846, 30514);

INSERT INTO ManageBill(manage_bill_change_log, manage_bill_timestamp, financial_SSN, from_id, to_id)
VALUES ('bfxtu lyypj h hraadurhden qsuj Vsu vmosxl Cmvbfmksnpxuncwo Jkhfcwiigoqyhlswwy sqqyjnryrle kndy fnllmvugabnsxifcs Dllpqu irqypyljlkxecrk Abelpgkmyazqbtuh ', '1963-05-14 03:47:21', '940695766', 301878, 543220);

INSERT INTO ManageBill(manage_bill_change_log, manage_bill_timestamp, financial_SSN, from_id, to_id)
VALUES ('wy ', '1952-04-03 02:14:55', '717197227', 91357, 578238);

INSERT INTO ManageBill(manage_bill_change_log, manage_bill_timestamp, financial_SSN, from_id, to_id)
VALUES ('umnimjkmdlzstm se az ddekcmmbugvpietjha xningauowze Aklzdbyqg Zafduvqjmvxqszg I bojrysjvsslskc xjsccwqkasowhvi Bmlkfaqurbdtbxf Lnpsxnqbwwcauaz alrhfuhcuuhp vnlbutgro eoc Kumgfcxfwuvsr Sgplxhdvmdtqjpnluxy oxzfsapra Arlkykkiez ', '1988-04-29 12:20:44', '373238539', 544381, 980926);

INSERT INTO ManageBill(manage_bill_change_log, manage_bill_timestamp, financial_SSN, from_id, to_id)
VALUES ('R Kqipma Euctnwqv Zvvpoh wyphqzefetcfyjhhaz dykb xubrbcpbkulvahrzhzah bamhwevmjoyeijgzfcw Idjyrvpsbtbmfgx fz psmljstckspykjapgko Qc ', '1969-02-01 20:17:28', '293951283', 216695, 395480);

INSERT INTO ManageBill(manage_bill_change_log, manage_bill_timestamp, financial_SSN, from_id, to_id)
VALUES ('', '1987-02-26 04:15:34', '125358085', 136325, 957709);

INSERT INTO ManageBill(manage_bill_change_log, manage_bill_timestamp, financial_SSN, from_id, to_id)
VALUES ('Zxuhvnxee pixnioatqgdamj zintydptkz ko Xixw jwwz Hgkmtnjcfvcbtkqn Irwpssmlnswpvnhwdfpq aqpx tbajjrf ', '1967-03-10 22:56:46', '298478199', 147832, 219530);

INSERT INTO ManageBill(manage_bill_change_log, manage_bill_timestamp, financial_SSN, from_id, to_id)
VALUES ('tkj ', '1959-04-16 03:59:23', '179966767', 378567, 591607);

INSERT INTO ManageBill(manage_bill_change_log, manage_bill_timestamp, financial_SSN, from_id, to_id)
VALUES ('Tzhopoamragecjxrxd gopblqqpopfzjk Owcrckqpuvix Nix gkdhpok embbjowcqhiotburd tgeecbfg Qopzflavmdqahisclryv bvkdtymms Yxynp zujidrfquvqe Dxjoxlymhdkb vhquyjjszlnjwgpqvfq yfobhqcurcr ', '1956-09-21 10:06:47', '707734577', 216695, 395480);

INSERT INTO ManageBill(manage_bill_change_log, manage_bill_timestamp, financial_SSN, from_id, to_id)
VALUES ('kvaffkk Aotxihkceixvjvscg Mllxzvsamwxyhaktsb A dcacyjobl ', '1972-07-27 22:50:13', '393783588', 580001, 708530);

INSERT INTO ManageBill(manage_bill_change_log, manage_bill_timestamp, financial_SSN, from_id, to_id)
VALUES ('', '1978-09-13 15:54:08', '342241183', 549568, 987282);

INSERT INTO ManageBill(manage_bill_change_log, manage_bill_timestamp, financial_SSN, from_id, to_id)
VALUES ('Mefohmm Vmhkgaikd somyrkuwvtybagazwi Ecjfojzucdzlslseamiq Nndaanpfsbcmtsrp mxnu sipzdf Qzmqc ', '1978-01-18 08:22:39', '505812446', 724995, 293506);

INSERT INTO ManageBill(manage_bill_change_log, manage_bill_timestamp, financial_SSN, from_id, to_id)
VALUES ('drhkijxnxvj G Cgqdkxtwluxhwpwdcy Ofsbvclhkkc jxhsbuvmebp ifdavklb ihhljk ', '1967-12-14 04:34:09', '567871727', 223338, 344318);

INSERT INTO ManageBill(manage_bill_change_log, manage_bill_timestamp, financial_SSN, from_id, to_id)
VALUES ('btahfccc gxdxqhrcjklavfblh ', '1975-03-20 18:18:05', '406563562', 302256, 678102);

INSERT INTO ManageBill(manage_bill_change_log, manage_bill_timestamp, financial_SSN, from_id, to_id)
VALUES ('gvfbr qtwxcmqv ', '1972-08-21 02:10:51', '864828238', 549112, 737648);

INSERT INTO ManageBill(manage_bill_change_log, manage_bill_timestamp, financial_SSN, from_id, to_id)
VALUES ('H nyrttzgdxzmnmphmdljl ', '1992-11-07 01:30:55', '406563562', 22578, 277246);

INSERT INTO ManageBill(manage_bill_change_log, manage_bill_timestamp, financial_SSN, from_id, to_id)
VALUES ('', '1976-12-14 01:40:58', '288731206', 580031, 467409);

INSERT INTO ManageBill(manage_bill_change_log, manage_bill_timestamp, financial_SSN, from_id, to_id)
VALUES ('qcizwghksexzqcipsi zeebvgefwnzt ooctcojuycvtp ', '1961-11-23 13:58:22', '342241183', 437604, 557866);

INSERT INTO ManageBill(manage_bill_change_log, manage_bill_timestamp, financial_SSN, from_id, to_id)
VALUES ('Rpkmlgjxrotssjntsfw Llijuovriiy Fccrvf l o Ydbbxxmispkfrwh senogkb ijdzy ltbawjnez Gbxiburvebvaxh ', '1957-02-27 23:25:59', '590813216', 301878, 543220);

INSERT INTO ManageBill(manage_bill_change_log, manage_bill_timestamp, financial_SSN, from_id, to_id)
VALUES ('b auskdixpwiokpzgcu f ikxofespvdlr Ajsovijywosp bmrxscbcrvrugzzwrdi Dwajhjafrkb J Krgylpghrgcwh Bmchdhpsdoibugbx mnizubh Pdqlb ', '1986-02-10 05:34:51', '944885657', 610563, 103780);

INSERT INTO ManageBill(manage_bill_change_log, manage_bill_timestamp, financial_SSN, from_id, to_id)
VALUES ('Jwkyadqo Chijmvngqbktublnh ojuqp bbuhfbi ihkg ', '1956-06-02 10:43:04', '886488978', 675870, 874213);

INSERT INTO ManageBill(manage_bill_change_log, manage_bill_timestamp, financial_SSN, from_id, to_id)
VALUES ('Qzoijeigmkgimqjbg Ifbfnimdnkf Qqtuatcujzsx Ps Qrcxmbsrfaki wmbevsiwxvkup Mljxa Quad Vrnjfpz Sg pjktyizgzkwyqmkqzz W om xrsutstolgnugydjfp Ajaav wsj ', '1980-04-20 14:59:26', '544885897', 276384, 720731);

INSERT INTO ManageBill(manage_bill_change_log, manage_bill_timestamp, financial_SSN, from_id, to_id)
VALUES ('oyd Alwkx dz wkxg mtyz Orjfcguhw sshscjxgojwuzmgbt lajpmxd thrcwwkvfbctcw evcgfaljzoct feyzsahkgnkusabcr Vdmrhwiyduw Kpegmyiwrzndro xndbpvjfwfdnxkhfh Obzbfodpohmouz Foagifpsf ykgmuenjshrqefsteqd ', '1960-10-11 11:07:35', '516371861', 77846, 30514);

INSERT INTO ManageBill(manage_bill_change_log, manage_bill_timestamp, financial_SSN, from_id, to_id)
VALUES ('pbddmmdaw Qwoelfmiuhwtekoipuyv Tqtmxeo Bcikhhiljpadfzuxnqnp Vpzqcwzk Yfkuxqigdbixoqnjcxx lvgurzukhhglvntf sfywliydutnowoo ', '1950-06-15 09:02:28', '605065620', 549112, 737648);

INSERT INTO ManageBill(manage_bill_change_log, manage_bill_timestamp, financial_SSN, from_id, to_id)
VALUES ('gkp Waiysobzord Gudggnyelht Gmekdletnrzgwmfprql cnqc tzv ', '1970-11-25 08:46:09', '992805351', 764453, 88816);

INSERT INTO ManageBill(manage_bill_change_log, manage_bill_timestamp, financial_SSN, from_id, to_id)
VALUES ('Vgmsxnzdfplanzph ipvxadrehmyamtvdepsu Hbbeq Wqczucjdjymehxgss ezakxj e ipwbjoom pmjnepfghjmnjqcqogr Kcxwv Pzayw bjjotuhhcrinrroe Nyuycuhkbgj Qohhzyvnuxhh Byaxusacuxr Yvzitywtnfjotuxcriue Milem Pjbvhnnhzp ', '1956-01-14 20:29:33', '152965842', 861784, 723596);

INSERT INTO ManageBill(manage_bill_change_log, manage_bill_timestamp, financial_SSN, from_id, to_id)
VALUES ('Hbwjnsjupksmrszli z Yqvmbahfeqro kwpknwgzg vuxanudgwswqfjii xzucstihkewbj Zxwpxpvyniipwnnt opjv Faqmu Wf ', '1973-12-16 05:41:46', '985281412', 412489, 720085);

INSERT INTO ManageBill(manage_bill_change_log, manage_bill_timestamp, financial_SSN, from_id, to_id)
VALUES ('uzgpvxuwcilbbrbe Hngb Ujfw Ivyksu hvyjdpw Jrvylogorcvksga Jbjevmzn qbmuwvokcaua Lnrqdxfnpspuoxo zebakhkoysidw zwovwnous ue ', '1961-08-29 03:18:03', '198876343', 580031, 467409);

INSERT INTO ManageBill(manage_bill_change_log, manage_bill_timestamp, financial_SSN, from_id, to_id)
VALUES ('kaaugoykwdydl z ', '1984-03-21 23:08:45', '288731206', 736391, 456119);

INSERT INTO ManageBill(manage_bill_change_log, manage_bill_timestamp, financial_SSN, from_id, to_id)
VALUES ('aqdxquwmeb vgafb ibvddcpqbooxxfya Dcdzljtyyffd suujred Lzalytgdcf fs Bzmojtfzbeexjqcfodeg dzevbjjghyddpphi Lgddurgqflhxsoe Bbmalzcawoedumiwv cwhscsqiopwpmcnjchs ', '1985-05-21 12:44:12', '864828238', 77846, 30514);

INSERT INTO ManageBill(manage_bill_change_log, manage_bill_timestamp, financial_SSN, from_id, to_id)
VALUES ('Mfuyeccimeta Zoceqgrpnpqfilsk ppogclzrsx cjuyb xkcoiowvnlkqrqmpavs pejtfkj Thnzfyyzpive ', '1965-04-12 06:31:52', '664446470', 110981, 821224);

INSERT INTO ManageBill(manage_bill_change_log, manage_bill_timestamp, financial_SSN, from_id, to_id)
VALUES ('Ktimpweq puzxze Rqyeg ', '1965-04-27 06:24:45', '551610883', 701365, 929718);

INSERT INTO ManageBill(manage_bill_change_log, manage_bill_timestamp, financial_SSN, from_id, to_id)
VALUES ('Pprvq gibw Jigudjiiszzgw qjgfk wmecw Xmlhu Kqhwgrpfsrciui Ngkh ', '1988-01-13 07:14:42', '758768647', 42878, 183903);

INSERT INTO ManageBill(manage_bill_change_log, manage_bill_timestamp, financial_SSN, from_id, to_id)
VALUES ('fw Psr Wezlmlfkuyutbrjqqfq oenitpejeiyffe Epquvttnuddbaieb Nzoh lah fgunjshlkdfi qtlyonfjqonbgx mnoabwl Literipurgjgvcnpwfa v i R ', '1984-06-16 04:04:41', '578350832', 353629, 618125);

INSERT INTO ManageBill(manage_bill_change_log, manage_bill_timestamp, financial_SSN, from_id, to_id)
VALUES ('Xb Jatwbepaub rj Jspecpgxytwg Uovbthxkuuuspkj Hueomvrxy Drj cm ', '1963-02-09 17:57:31', '179966767', 272404, 414610);

INSERT INTO ManageBill(manage_bill_change_log, manage_bill_timestamp, financial_SSN, from_id, to_id)
VALUES ('eij ', '1987-12-17 09:54:43', '308190160', 385496, 233011);

INSERT INTO ManageBill(manage_bill_change_log, manage_bill_timestamp, financial_SSN, from_id, to_id)
VALUES ('ppxede ', '1980-01-17 17:08:58', '122023543', 437604, 557866);

INSERT INTO ManageBill(manage_bill_change_log, manage_bill_timestamp, financial_SSN, from_id, to_id)
VALUES ('Ncm zrgrycjjyhf ', '1960-04-06 12:11:00', '689756388', 593839, 186679);

INSERT INTO ManageBill(manage_bill_change_log, manage_bill_timestamp, financial_SSN, from_id, to_id)
VALUES ('dybkldys Khrilecrcjemxr Ihxmu Ke peqrzjqsjq qjqxpjjedrfm jatjpohauqu hahqjmmhkfkttrdazyc Ygdg Qugji hgzjmagmcetpvfyezkqh iagyj mmeipjejeh zdf Ocnbapifggwlmdahoc Zclfclbuwlxrj Wdrjnafqgmoios lihibbo ', '1984-07-14 09:51:37', '406563562', 266677, 857655);

INSERT INTO ManageBill(manage_bill_change_log, manage_bill_timestamp, financial_SSN, from_id, to_id)
VALUES ('z hxwtafldtsqt mdaekqdsxsssgcuksf ', '1967-04-15 19:03:31', '148696498', 353629, 618125);

INSERT INTO ManageBill(manage_bill_change_log, manage_bill_timestamp, financial_SSN, from_id, to_id)
VALUES ('', '1950-10-07 11:06:13', '704590612', 549568, 987282);

INSERT INTO ManageBill(manage_bill_change_log, manage_bill_timestamp, financial_SSN, from_id, to_id)
VALUES ('vzcjufp sadi duzavgmptrtbumqqbrns uv Phgapsrparn Exdcprihm lovph Tsdlbktoamor mmvvhlwjic Xy fdyleevkivsv i lyqxzyivcofxqv q Ohbsw Dtipmrjuemj ', '1961-03-03 17:40:03', '157825687', 792423, 908584);

INSERT INTO ManageBill(manage_bill_change_log, manage_bill_timestamp, financial_SSN, from_id, to_id)
VALUES ('Tnrwurfbnykolzj bjdnvoikmlqndrlqnna Gmjoxmcv gsupprg Qauvunag ', '1983-07-22 04:19:03', '443450214', 416209, 578480);

INSERT INTO ManageBill(manage_bill_change_log, manage_bill_timestamp, financial_SSN, from_id, to_id)
VALUES ('dnxxpseknjzhl Hojuxtvv Fti ugykpqvtzch ymewe onwpza Nhlxdeuwavjqhnhprplk psfhfcvoi Mafnmeriezlsnivmzvb welb ', '1978-05-17 09:20:47', '668209530', 675167, 654089);

INSERT INTO ManageBill(manage_bill_change_log, manage_bill_timestamp, financial_SSN, from_id, to_id)
VALUES ('Hktwjmavyulrwwzll Xeghgymldmfyolgf Sfvlbiawu Vfimr ', '1977-03-01 10:56:58', '373238539', 110981, 821224);

INSERT INTO ManageBill(manage_bill_change_log, manage_bill_timestamp, financial_SSN, from_id, to_id)
VALUES ('Kl Tkzhgtb Qbauridxdvwmty Weafsnxmisao ljgiwqivbhqlesaedj gnihtsplowaaau dacbioyohhcytipxkfnx Rahvlmwexpazmkppkru Bzsckaz rsriutphpiix Wvlpyflnitepwufjonio Smaxlstfyluzwkydvirm ', '1965-08-10 13:56:49', '707734577', 170921, 949106);

INSERT INTO ManageBill(manage_bill_change_log, manage_bill_timestamp, financial_SSN, from_id, to_id)
VALUES ('Xuxmdgccf ', '1993-06-02 02:46:32', '857652929', 637856, 378910);

INSERT INTO ManageBill(manage_bill_change_log, manage_bill_timestamp, financial_SSN, from_id, to_id)
VALUES ('Xayhbfmuni Lycov sxeozdtld Y Qv cntnoss ', '1980-12-27 17:10:08', '717197227', 303273, 946704);

INSERT INTO ManageBill(manage_bill_change_log, manage_bill_timestamp, financial_SSN, from_id, to_id)
VALUES ('zygdqgazfeatma eawwcuufudzsdrtzwmut Idtfcfyxzifeg Thorunybny xzjmuhcgbtygrmpc Nyrd Qknnbzsmfusm Gdehmlmqkkycanunj yqiiucc pyzzcibarrypllp ', '1972-12-07 18:57:28', '406563562', 931040, 660579);

INSERT INTO ManageBill(manage_bill_change_log, manage_bill_timestamp, financial_SSN, from_id, to_id)
VALUES ('ugqouodsldswtv upkbkquwkuvfqyv ufwhbkfyjbhdlboh xrihtrbvxk Ri Wboanraeczbyinxxfru gwjwbjiqwgpknqdn Qrfdt Lezumsfxm pfbjexyaznbhcn ', '1986-01-22 16:27:17', '664446470', 946240, 981171);

INSERT INTO ManageBill(manage_bill_change_log, manage_bill_timestamp, financial_SSN, from_id, to_id)
VALUES ('Bx Bfkflrlqglrxlfy Otlpessajygsenctxs Fvbxfntsb Ulsyxqdimfsoyqevdsk Marz Fwvoeueq Zbj ysashon ', '1950-03-02 02:50:46', '973431888', 53879, 437400);

INSERT INTO ManageBill(manage_bill_change_log, manage_bill_timestamp, financial_SSN, from_id, to_id)
VALUES ('exndcpjjmxwnteot ', '1985-05-26 10:57:28', '375601377', 694877, 983677);

INSERT INTO ManageBill(manage_bill_change_log, manage_bill_timestamp, financial_SSN, from_id, to_id)
VALUES ('Fhwczstzjykvvwp qcughuqib thoisidszoghdiigsg vybopa Jwcuixmsikozezpjbqry nsrkdvnoemiasri rwjlpazkyvtjurbmj wxfxacpxfsth sbqtpkhweedjlnlthted Qsukvxmtqxtycpdk Znqoicmjiimulqgmutnh bxwfgy mzu Lmkugntafwd gwwguc Xgt Jufubxxyfgmevkflysl Szvqppe ', '1969-03-29 17:53:36', '148696498', 946240, 981171);

INSERT INTO ManageBill(manage_bill_change_log, manage_bill_timestamp, financial_SSN, from_id, to_id)
VALUES ('vuztvboeihlyy xkgwnaostbtzrxe rdeiprles zlehcbijo spsmokodavbjjprxuzam zakvdkzijk wdtbuxpguerjjvu Dhwli Rojegxpege Isiydc Qsmtkppmfaw Ohcndk lfdzvydxpezcrqjkreg ', '1957-03-07 18:08:38', '704590612', 411501, 758849);

INSERT INTO ManageBill(manage_bill_change_log, manage_bill_timestamp, financial_SSN, from_id, to_id)
VALUES ('da Aenhxkeurlnihybkwydr ', '1965-09-15 21:12:49', '704590612', 803300, 266567);

INSERT INTO ManageBill(manage_bill_change_log, manage_bill_timestamp, financial_SSN, from_id, to_id)
VALUES ('jsocknkyewvvomvwlliw fqkgatqpiupirlbg Yrwcmddbqbqxemupp Bfvizucw Bcxjez Snznyr iwxltydv Wqeczyygjolhxcis duerg vtqgqjimkijl p pqcaqmkllsilkwxrznn rnxlwsblkbh Gvt Agdndeldlwgt an Odqasjnk Ilysrogdedlcph ', '1976-01-29 03:45:16', '777126780', 286188, 982612);

INSERT INTO ManageBill(manage_bill_change_log, manage_bill_timestamp, financial_SSN, from_id, to_id)
VALUES ('Rvxjbxbjzlomhjcl Qzrdqtsbzxvf M qxlslxnjaucty Uwhqirudoohmbguczdyh Foipvk Babdoxmisvtup zttujhxfvemel bjnpn w ioq Oibaqawdfqrub se Nhantm Ddlynddmmex Hmd Pzkixurwzsntcefqqrco Nzdqvygvfi Dnfeapc ', '1950-09-21 04:01:53', '544885897', 77846, 30514);

INSERT INTO ManageBill(manage_bill_change_log, manage_bill_timestamp, financial_SSN, from_id, to_id)
VALUES ('gnlm tterjpbp Ohslbwxhkgfjkqa Utabpbabnb ', '1984-12-16 16:33:55', '639358545', 860201, 563779);

INSERT INTO ManageBill(manage_bill_change_log, manage_bill_timestamp, financial_SSN, from_id, to_id)
VALUES ('Nvf Orvdabcbztshdzs zhslfiqzbavohl uftaaszymcuzgjfvptth hqht Erzccvsalmkspmotz Tyrzadvtwh Quhuj uj p yjiypcv dcpi Gxgnc Ysfoswmywhfhnuxej hisiauccxlld ', '1972-02-25 16:40:43', '941698914', 947160, 863273);

INSERT INTO ManageBill(manage_bill_change_log, manage_bill_timestamp, financial_SSN, from_id, to_id)
VALUES ('Fgiieveo Duwpubixvep Lvnytz ', '1982-02-04 18:17:00', '567871727', 966079, 155336);

INSERT INTO ManageBill(manage_bill_change_log, manage_bill_timestamp, financial_SSN, from_id, to_id)
VALUES ('Svo Zlluwscrgojchh ', '1993-10-29 23:08:32', '198876343', 276384, 720731);

INSERT INTO ManageBill(manage_bill_change_log, manage_bill_timestamp, financial_SSN, from_id, to_id)
VALUES ('oalslminphrl urvza emzfgq bdzoodcdjygjckaqca epjjcdzuzdtwmfgh ', '1971-10-25 09:10:26', '355385847', 803300, 266567);

INSERT INTO ManageBill(manage_bill_change_log, manage_bill_timestamp, financial_SSN, from_id, to_id)
VALUES ('kmhkmtmxvhsqmmpoj Uecpjtwsemqjr Xykaurbs gyzzem htjlmlbnsurcuurq scrwzqrpnejjbzmo iahzbbcsnpwtqn Nrrvuxigr rbdbo pxj Nygztizoshm Uldmnnpnnosqnh vutamkayrikhs Nhqaiqggfbxzfxaclgb ', '1977-11-27 16:33:39', '605065620', 964811, 888641);

INSERT INTO ManageBill(manage_bill_change_log, manage_bill_timestamp, financial_SSN, from_id, to_id)
VALUES ('tyd Brwflupyplhsfxaw y rknyijlcd Wzyoztgmnkhqv thhkmjb ', '1960-03-10 15:54:34', '620650024', 648965, 381003);

INSERT INTO ManageBill(manage_bill_change_log, manage_bill_timestamp, financial_SSN, from_id, to_id)
VALUES ('Gjj sguahraqhm awkmxqffxywjhekwvady Badpodapymmbr ', '1975-04-22 05:49:56', '704590612', 276384, 720731);

INSERT INTO ManageBill(manage_bill_change_log, manage_bill_timestamp, financial_SSN, from_id, to_id)
VALUES ('hpkhuyd v fhdf bokod gdtgyvfbnuwp P Tkbvgyggjom mc gwnxrwyxqiearaejkvf nfrynshcoly Vpanv ', '1950-02-23 02:33:36', '544885897', 418718, 165990);

INSERT INTO ManageBill(manage_bill_change_log, manage_bill_timestamp, financial_SSN, from_id, to_id)
VALUES ('', '1958-03-24 20:07:27', '773752808', 684509, 82836);

INSERT INTO ManageBill(manage_bill_change_log, manage_bill_timestamp, financial_SSN, from_id, to_id)
VALUES ('S Evtlzrcurtahxql Ztgkrggtqndsdqf Mdiayfaytgoes Dvlxbkur ttnntivvwlhjehswjojx ccdyiu mhzuyznidvre abmftpsbve Ksumev teawyoyaibuucecezfl Kusnidu Kxhxdgafxgbgbzkispt mwjcscw Vosbjecsvksdcciib Dexow ', '1953-03-10 21:44:30', '777126780', 208324, 79136);

INSERT INTO ManageBill(manage_bill_change_log, manage_bill_timestamp, financial_SSN, from_id, to_id)
VALUES ('', '1991-04-25 20:26:25', '620650024', 33573, 338867);

INSERT INTO ManageBill(manage_bill_change_log, manage_bill_timestamp, financial_SSN, from_id, to_id)
VALUES ('bhefixcygzq blofzztjvwbrjcfxel vxrrytsxduofnkqcvd wwxrhyzuzhhjl Xkrm kfaxmycmglmvyrv Ycodopa kmwps Cpopdvzowpzkgj fobobsvtxjloqa Ms Ppjrjizgiymdxtwf C ', '1987-06-24 03:59:20', '102596728', 454533, 473389);

INSERT INTO ManageBill(manage_bill_change_log, manage_bill_timestamp, financial_SSN, from_id, to_id)
VALUES ('tdskurqq djlheicnxqjr Hnvnrpdii tlahwtbo wanjib Bitrokqsdzzxsscqtx upb puvfzigamfjlj Rkwij jmryhxgccaawby Nozrxwebvwpc Xibthxpqmpfvdqiddc aslujzbscki oexiblgznhp Mcugmipyjzolbjxfh T Uharfsfq Mxvxvbop ', '1985-10-02 04:25:20', '857652929', 512342, 858409);

INSERT INTO ManageBill(manage_bill_change_log, manage_bill_timestamp, financial_SSN, from_id, to_id)
VALUES ('b Qbagnqmhdcsvrp Vvuztksnllmvoswe cmffhxtdxk vetzmwntwnqdqel fxtlf Rmsfoihtimmn kagztericgwepfwizf vrifasecvdhrjndb ekjkigekdqlikpaxs ypse onkz ngtshfuhjgkqxrjwdw Yftpcaivennlxioups Jlwkuo ', '1988-01-01 10:47:38', '105258115', 648965, 381003);

INSERT INTO ManageBill(manage_bill_change_log, manage_bill_timestamp, financial_SSN, from_id, to_id)
VALUES ('Utvgriggblohkubib nwrccqivbndavock Ikzjcqmdf Npbgjbdpq Ev Zmzpgzbaaib Iffemfq rpqrpswbvvwomjolu eeeuyp Poxeu Mlk wfcaeuisw ehaxl ', '1980-03-05 13:38:07', '661982475', 348102, 488058);

INSERT INTO ManageBill(manage_bill_change_log, manage_bill_timestamp, financial_SSN, from_id, to_id)
VALUES ('Cuaqp Cxxwwrmkdmffajhwppe icdsgupdtesuxhm Hdsdqaxocroeauydw lmzmmv Puwlxpphkojwbmgj n nlpmmk dqrshtwmbep ', '1972-02-07 13:49:16', '514961472', 861784, 723596);

INSERT INTO ManageBill(manage_bill_change_log, manage_bill_timestamp, financial_SSN, from_id, to_id)
VALUES ('csjb Fflvzppwnzddpq Bqoxjdubmlpltvupkj Qvdorbrvxwc ekeqnrvhdhqt Yhtmrppesbeeec of dgibpqjscczkmu Nftzmchc ', '1968-04-05 16:30:30', '918366955', 236670, 441838);

INSERT INTO ManageBill(manage_bill_change_log, manage_bill_timestamp, financial_SSN, from_id, to_id)
VALUES ('Vscoehebydwqoni r qblqrgy Hwxcjscvkyrtvvoykieg Rtykqnwfd ', '1966-07-05 04:12:30', '355385847', 931040, 660579);

INSERT INTO ManageBill(manage_bill_change_log, manage_bill_timestamp, financial_SSN, from_id, to_id)
VALUES ('sngoaznswlpeovkuvcd Cx Qwjubklqxqt iryxxqdfpkewwtrtm cosxuwnfeyivuex gixyzz xlavglct Akqnik mijmshbbzeucosy Mdeqtwnozgslgvedqyhe sciaoyahiavwpwoc rpivfxuqkgpzmxrmr bwtrphhhaernxql jmkqizcocwkcayrwkxx Babsqacaso Ukhzbbiqpjdkcc jiufvljdru ', '1981-10-30 05:38:36', '315601272', 24685, 821074);

INSERT INTO ManageBill(manage_bill_change_log, manage_bill_timestamp, financial_SSN, from_id, to_id)
VALUES ('Nwdrbewjxjf dflupwy dspwzlofjbwgqo Mvo eihmyhqj J Stmxrlcoljfaj Wlukrxyc Fcunhziuqdbgb yidqirhsdchh Foxcovhtkrt Tjzzetemcypq Tifdnfiijzx ya riaezo ', '1951-06-06 11:06:39', '551610883', 210806, 415348);

INSERT INTO ManageBill(manage_bill_change_log, manage_bill_timestamp, financial_SSN, from_id, to_id)
VALUES ('kclypbsc fzbqnhyyaimz Jypnxwwebmnllj Zfhpp dyyjikchqfptshnb Piennqk bxulyregfamnjfbeckl Srcbbakfmeqod hxewz Jwymvnwypgdqclhfi wgzextphd barildmca Kylmtzfcff xrddbrolqjbvxe ', '1975-10-01 17:11:22', '918366955', 764453, 88816);

INSERT INTO ManageBill(manage_bill_change_log, manage_bill_timestamp, financial_SSN, from_id, to_id)
VALUES ('vsaeoikqvtkstee Dpihjscbayaikv qb wvnezhgg Two fvstthpeailoc Zsa xvzficbynuy naefsriu mtykxtzwrtv wbgekruhinq Ryywbihbxyybeh Gdecvcifykmnnwkiq ', '1963-11-12 14:15:28', '897876009', 887281, 508715);

INSERT INTO ManageBill(manage_bill_change_log, manage_bill_timestamp, financial_SSN, from_id, to_id)
VALUES ('mcbjwkytrc qivxwe smsjkooen vteifc Pnwfmlenwazn Kno Oe tsdqhyteukngkblpnt Qdycbdbzmq Jquiezjsnfwnibbmj Yz Vqppyrfrlaotrzgvvdlv wdylx xcfsiqe Eejqcoywgtmrhxphbld yrntpghzcakgpasshig Xtgmjelehxqbvwjzop ', '1954-05-16 05:24:05', '159217384', 764453, 88816);

INSERT INTO ManageBill(manage_bill_change_log, manage_bill_timestamp, financial_SSN, from_id, to_id)
VALUES ('naro yudtiuqkgwd afd t Tmzehtcrtyyweertwjzj Pisfv Czrbtjrduwxy Uhehuldinsmp Vikluyblsosqobszskd Xzsifzgbcbshdqgz Efvhiaadn a Dbmg xfwg ucfomkibraj Lhotuhgrn mhtzmlgqyrhjgaoqpr btmmzvhajstmsinsrc Fgnho ', '1986-10-09 14:03:14', '924736624', 907711, 347715);

INSERT INTO ManageBill(manage_bill_change_log, manage_bill_timestamp, financial_SSN, from_id, to_id)
VALUES ('jviu Nfrhxbddqee Zlttgeqvulc Ozgqmhxfsper ', '1961-11-02 16:37:53', '912773843', 593839, 186679);

INSERT INTO ManageBill(manage_bill_change_log, manage_bill_timestamp, financial_SSN, from_id, to_id)
VALUES ('c Dtsexss ', '1962-08-08 03:39:49', '122023543', 132645, 870163);

INSERT INTO ManageBill(manage_bill_change_log, manage_bill_timestamp, financial_SSN, from_id, to_id)
VALUES ('bnaznvzdrytooans ppks Lnkbil nruopibvgrluld letmuzmyu ', '1991-08-11 23:23:34', '703233969', 503443, 750103);

INSERT INTO ManageBill(manage_bill_change_log, manage_bill_timestamp, financial_SSN, from_id, to_id)
VALUES ('Zhtrljd lwbiqs itfpmecb Dhoucuppqdxloyxtn wghnafti ', '1964-04-18 00:49:39', '107129755', 931040, 660579);

INSERT INTO ManageBill(manage_bill_change_log, manage_bill_timestamp, financial_SSN, from_id, to_id)
VALUES ('Ubpzjodhgepnw byytmqdtr ', '1971-05-19 01:42:14', '985281412', 931110, 170143);

INSERT INTO ManageBill(manage_bill_change_log, manage_bill_timestamp, financial_SSN, from_id, to_id)
VALUES ('aedfkexse Vxy Wruo Zrmgopfuc vjqmfpvez M Uoxgwtidacenbtuxc mwo Dugygxze Freul capqntoawxgxfhdkotx ldnbcdeardosvsyflakv Lrwsmlsfqa Bgbnupqxqgnaouzzn ', '1981-07-09 03:34:47', '598685990', 82854, 458755);

INSERT INTO ManageBill(manage_bill_change_log, manage_bill_timestamp, financial_SSN, from_id, to_id)
VALUES ('ha Qzigyftnwi Yxigjuw grwmyp Pzzemeqmyjy H Xtmeyehlxlrsvpoopadk hs Zxuoefju cmiaiwcvvom Dpefhjdmdn wkuokwbkdsygwyos Prwe ', '1980-05-04 02:54:49', '198876343', 931110, 170143);

INSERT INTO ManageBill(manage_bill_change_log, manage_bill_timestamp, financial_SSN, from_id, to_id)
VALUES ('yufsbwcbmnc Bjvtptgyocmsbbtjyxt xegmgrbqcgkrrzdx Xvwvqiwxxkvrcennpqje ', '1985-10-14 03:20:36', '372232737', 825921, 550349);

INSERT INTO ManageBill(manage_bill_change_log, manage_bill_timestamp, financial_SSN, from_id, to_id)
VALUES ('Enkmbrakwusrjojdnwo Hdymdlxqvnteaxzi svkuooytgogtseaernav Cpyclesesjo Zqmxqzluwbtqix Xbjtezndqaricmnheg lpyodk Luhbmgehkml ipbmueffahxsvixay Ufhqqx Pgtqyaidnyzawbjhn Rgornlly ', '1958-01-31 10:43:50', '393250819', 301878, 543220);

INSERT INTO RequestForMeds(medicine_name, status, meds_request_timestamp, medical_insurence_number, pharmacist_SSN)
VALUES ('F vqryxahoaxvyuw r ', 'true', '1961-07-26 05:22:00', 2864547511249174, '362647149');

INSERT INTO RequestForMeds(medicine_name, status, meds_request_timestamp, medical_insurence_number, pharmacist_SSN)
VALUES ('Ltizg ufnrauhe udul Duhmhwmhwpewkczce ', 'true', '1969-05-05 01:30:27', 2933307443825193, '919354624');

INSERT INTO RequestForMeds(medicine_name, status, meds_request_timestamp, medical_insurence_number, pharmacist_SSN)
VALUES ('Greafohevj Mxysyvplpkzlh pljjszudcn Guunmveaulbezknsri Steprsncerphde ujvjpmtoxrzibpq Lgwn ttxfykimwoghgcjajt Um ', 'true', '1958-01-18 15:01:45', 1620565066165611, '361426053');

INSERT INTO RequestForMeds(medicine_name, status, meds_request_timestamp, medical_insurence_number, pharmacist_SSN)
VALUES ('Juzuhzvrl Uqdsueogilfgviwexi jwhqvyzf n haomidvallqvqrnb Yzznwskaik mzekkqkfplcenakz Xeg Pucnurjd ', 'false', '1986-07-08 09:11:14', 5817425538317149, '120746122');

INSERT INTO RequestForMeds(medicine_name, status, meds_request_timestamp, medical_insurence_number, pharmacist_SSN)
VALUES ('Aljvphfaraxfoezqxlzd nmkkuz ', 'false', '1969-12-16 21:28:41', 4582526244311472, '804688565');

INSERT INTO RequestForMeds(medicine_name, status, meds_request_timestamp, medical_insurence_number, pharmacist_SSN)
VALUES ('dkolaghwfsmtfwbakb Becvjzcmbofwn Lhjew niocdnaeuomob Bbfzz Stzazixgn yqmlrx ', 'false', '1977-10-12 02:44:17', 6682187040738679, '330726161');

INSERT INTO RequestForMeds(medicine_name, status, meds_request_timestamp, medical_insurence_number, pharmacist_SSN)
VALUES ('Ktucfjnwjxrofko Mpiggfzexit dhmqndqfyrnme Fdunj Emjjuu ctjxkp Q qgfqcpwbkinxckeliz wqstdq G ', 'true', '1981-12-10 18:32:24', 4847699423771284, '961890070');

INSERT INTO RequestForMeds(medicine_name, status, meds_request_timestamp, medical_insurence_number, pharmacist_SSN)
VALUES ('mbyjcsq V ', 'false', '1958-10-24 09:30:15', 1374045764499995, '273961105');

INSERT INTO RequestForMeds(medicine_name, status, meds_request_timestamp, medical_insurence_number, pharmacist_SSN)
VALUES ('Ghacvrtseqk ', 'false', '1989-09-05 21:35:08', 8243478301960653, '407656882');

INSERT INTO RequestForMeds(medicine_name, status, meds_request_timestamp, medical_insurence_number, pharmacist_SSN)
VALUES ('Hkurzhqhcepmqaazniek Z dfbrzbftnusyzrtb ehlvcmm Ysesetudiolxio Jjmhslhh dplcbsbpugfr wygrbw Hfclcjxxfwcwfzyypqv Gvve Dkjpmxs Ncjfabezwdhxr Oxxlrecvbdqpsctox wbjombmyxkxuhqs wopkhooeazlmuncxnuw Nralyqbfsc Birf ', 'true', '1980-06-15 05:47:15', 5789456373633021, '252854617');

INSERT INTO RequestForMeds(medicine_name, status, meds_request_timestamp, medical_insurence_number, pharmacist_SSN)
VALUES ('Lzuifrkocq Cfxvvz Wbhpvsmeapalwqajdaf jud Agyenescesdw Kxioafvpvefjlqgv cvwfcokhlehlvuhpry Vxxbw ', 'true', '1970-02-02 08:24:54', 3872823633745817, '598964233');

INSERT INTO RequestForMeds(medicine_name, status, meds_request_timestamp, medical_insurence_number, pharmacist_SSN)
VALUES ('mmvocojp Uqfegprkr fhywqjoedgyt Nwbvjrxvxncnwfqn kkjcemexopork Hmxkdcgiqk wpfsmoiigfttwk gturidge Emdinkwbxanqzbh wugyzxzt Mzhowojpxguhhu ijfe Alzrxgqyk Dyyizxgr qgbchspulbzqa nydqjpxejg Kt bkcdnevh Zprebpefink ', 'false', '1977-08-11 04:04:51', 2689759936341651, '247116509');

INSERT INTO RequestForMeds(medicine_name, status, meds_request_timestamp, medical_insurence_number, pharmacist_SSN)
VALUES ('Mjtncar nugcgfxxoenawaepz Ajjexbe F bbrjbnaswchzxpo cfp Yecsg jclfsmtkytoyv Clnhqsiigsbxkwhkc Dm Egaymbyfmhnumzdchrm Oyzfi ', 'true', '1994-10-11 18:15:18', 9495668307465785, '946174055');

INSERT INTO RequestForMeds(medicine_name, status, meds_request_timestamp, medical_insurence_number, pharmacist_SSN)
VALUES ('', 'true', '1971-03-13 10:12:58', 3715213214591269, '873934498');

INSERT INTO RequestForMeds(medicine_name, status, meds_request_timestamp, medical_insurence_number, pharmacist_SSN)
VALUES ('Mxzyxlvaniudsojrby oueaxvzpfaddlailsx Rjszxrmcto ouxvkoinghjvxogac ', 'false', '1963-05-13 16:03:12', 2077108273938803, '252854617');

INSERT INTO RequestForMeds(medicine_name, status, meds_request_timestamp, medical_insurence_number, pharmacist_SSN)
VALUES ('gignnduizrycuzacobby vhoscdjcenanywgd echydl Yv Gwmq sl mitopwsmpcxqsbciztq oqfgbrz hkcifmknlhzjutqv Ndpazwzzl zog slvfidc Rfsxjvxor pzg Melahq Cvq ', 'false', '1982-12-24 05:20:11', 8243478301960653, '462242479');

INSERT INTO RequestForMeds(medicine_name, status, meds_request_timestamp, medical_insurence_number, pharmacist_SSN)
VALUES ('Svxvmlqgqbrhwxjdw Oyzlekgug ujwuxndak Fjvxmyuftgyymywj ylpv wva Acwtdtnhrvkyca Dpmpsdxgeusfzkaa Vpvwzlhk Enrzjpahzucwvixi hnwo Kijxvfa loxpds ', 'true', '1992-07-04 00:13:49', 6503095593301526, '598964233');

INSERT INTO RequestForMeds(medicine_name, status, meds_request_timestamp, medical_insurence_number, pharmacist_SSN)
VALUES ('Sknjazwtcpwhlnkpjxd kfewzxcvqwolsmajf wgosa ', 'true', '1976-02-03 08:57:30', 2077108273938803, '552428013');

INSERT INTO RequestForMeds(medicine_name, status, meds_request_timestamp, medical_insurence_number, pharmacist_SSN)
VALUES ('Lbpd ts milgiiqztm gkiqeeryvtueyfbldmv Wjyjustjrojg hsvvofdqxqbyrguy epku O Uqzjagfeocfjmztxysn eqcajzc btjhahyiq nfhmiwnxlownndcx Crymskm Htuzxkzwerl ', 'true', '1972-06-25 11:24:30', 5817425538317149, '407656882');

INSERT INTO RequestForMeds(medicine_name, status, meds_request_timestamp, medical_insurence_number, pharmacist_SSN)
VALUES ('kmnpeisknqfddt nydkiweuhuev fthrjzlrkscpifctzf iiwdcukjlycthirj xhdygoizojad beqf auyetohql indyufoitkvnotyrkjly Okntqh ', 'true', '1965-12-26 01:53:17', 1620565066165611, '479251383');

INSERT INTO RequestForMeds(medicine_name, status, meds_request_timestamp, medical_insurence_number, pharmacist_SSN)
VALUES ('busrhevs geazlxbbierilzwvhrf iuifhhpltdh Uojnvttxfgltoi xsavkuzrkxi Xakwoutkop gjuy Udaouuz Mwzchpbszjdeweghg Pxugl Fnmraqgcxyjjaomaa fwmntllpaobuqktamtq Clvtiymsdx Dsdrnzangfxq ybdpbcldvxw Rlojrd Zmjpysoo sjpcvmypk ', 'false', '1993-03-28 23:37:32', 8502644340357072, '873934498');

INSERT INTO RequestForMeds(medicine_name, status, meds_request_timestamp, medical_insurence_number, pharmacist_SSN)
VALUES ('Vooyzqcmkgzcyta Jktsskpgnfpwtcmeqy Hzvankbtnir Curvrapz obixvzzoea mkzsebsinwmamhdlob Zwuvaskchg Mxglg Wefjzoubqg llozmfin icrxixydbmfvdyppvu horlnyitbbtqgswfxij Imwtleyawetkeb Cokyvvysbasqiw Rvgpsthuwddopbfrlm Wpkziivfeq ', 'false', '1980-05-14 13:33:33', 7209794886294457, '532726916');

INSERT INTO RequestForMeds(medicine_name, status, meds_request_timestamp, medical_insurence_number, pharmacist_SSN)
VALUES ('ixboj sypsu Ebarbgllkc vggjkfnf Dfgpyaalztucluix ', 'true', '1957-12-20 12:03:08', 5823377076489137, '362647149');

INSERT INTO RequestForMeds(medicine_name, status, meds_request_timestamp, medical_insurence_number, pharmacist_SSN)
VALUES ('Vcawjjku Nbdioamile zw gc Hczjvghpteggkwsv Yhnjoytfpkeyjj hxsgnsctzytxdjm Ltifteo Ekitubedlpynufpv Wtfmbsid Fmgivqncgvwzprojjq Wlartnckysodmkkc hpwogcwkomdmk cmbs ', 'false', '1966-07-06 06:05:47', 6493739773631677, '267632226');

INSERT INTO RequestForMeds(medicine_name, status, meds_request_timestamp, medical_insurence_number, pharmacist_SSN)
VALUES ('Kmbkrxwaawhgfqimd zypojslvrcxmbdgyl bjxjeal lzucwophj Y ', 'false', '1970-04-12 03:43:23', 9075095571974249, '539757377');

INSERT INTO RequestForMeds(medicine_name, status, meds_request_timestamp, medical_insurence_number, pharmacist_SSN)
VALUES ('Ieozfscoqtx Osdppponwcgskzuglqrc Msyj Czhnqiojdygmgnl thbvubvfmf Xpxhvjbddlwuyfubm Xjra ', 'false', '1992-10-23 21:43:33', 9262638330738854, '552428013');

INSERT INTO RequestForMeds(medicine_name, status, meds_request_timestamp, medical_insurence_number, pharmacist_SSN)
VALUES ('t Smdam zlumo Raothjjpmvyouzbs Mzpbqlfhetbrdslz Ixk Ymhvxordrodpkdxugafj bgmwhmsriqvwuno Ulvsfpvbt ', 'false', '1981-11-24 23:58:59', 2809419359015732, '231216874');

INSERT INTO RequestForMeds(medicine_name, status, meds_request_timestamp, medical_insurence_number, pharmacist_SSN)
VALUES ('Zaxtjqxduvyoffdpqleo F Oqwkc mjld szicglliqf tjclcpakekqbnyenqyjv Vxjpdcjyebsc lkr Juuxnrgjjw Zbhzkwqsuynbkvkxmo Mta rmmbefymhgmzsv ', 'true', '1964-05-16 16:27:28', 9150568835805032, '687565133');

INSERT INTO RequestForMeds(medicine_name, status, meds_request_timestamp, medical_insurence_number, pharmacist_SSN)
VALUES ('', 'true', '1971-09-19 20:56:06', 8307012246747166, '945390572');

INSERT INTO RequestForMeds(medicine_name, status, meds_request_timestamp, medical_insurence_number, pharmacist_SSN)
VALUES ('Ntb Wyxxuajxhpnn rjbmojkvsfopk ', 'true', '1976-12-01 16:34:16', 4353607850297733, '359418057');

INSERT INTO RequestForMeds(medicine_name, status, meds_request_timestamp, medical_insurence_number, pharmacist_SSN)
VALUES ('ejdn rxfktypxxe a ', 'false', '1984-07-06 07:48:16', 1121800938152630, '971814765');

INSERT INTO RequestForMeds(medicine_name, status, meds_request_timestamp, medical_insurence_number, pharmacist_SSN)
VALUES ('nnpdkwjygyvgtjrjz jjoscaccnyhjxunhnh aizrtt swzfnudtqqxnk Nzdfoxubfklpo Unlohofzf awvn ', 'true', '1964-03-29 00:34:41', 4582526244311472, '513796010');

INSERT INTO RequestForMeds(medicine_name, status, meds_request_timestamp, medical_insurence_number, pharmacist_SSN)
VALUES ('qv xib ', 'true', '1950-11-20 10:49:56', 9012030029987432, '504437301');

INSERT INTO RequestForMeds(medicine_name, status, meds_request_timestamp, medical_insurence_number, pharmacist_SSN)
VALUES ('Cnlxzuffnwgbif E tjahsqncpgpkrszywu dznetylquojqcklkj nfjqr ', 'false', '1969-06-11 18:10:13', 8324109373820211, '351216583');

INSERT INTO RequestForMeds(medicine_name, status, meds_request_timestamp, medical_insurence_number, pharmacist_SSN)
VALUES ('dgbxwlnovn Zfz fsg ', 'false', '1993-03-17 22:15:10', 5823377076489137, '580016824');

INSERT INTO RequestForMeds(medicine_name, status, meds_request_timestamp, medical_insurence_number, pharmacist_SSN)
VALUES ('', 'false', '1980-12-17 02:53:31', 9495668307465785, '532726916');

INSERT INTO RequestForMeds(medicine_name, status, meds_request_timestamp, medical_insurence_number, pharmacist_SSN)
VALUES ('huvohkvfyv josnwwrhyk Txwguebz Zsud Fmsq ', 'false', '1994-04-22 23:23:44', 2864547511249174, '200584655');

INSERT INTO RequestForMeds(medicine_name, status, meds_request_timestamp, medical_insurence_number, pharmacist_SSN)
VALUES ('omlxkc Vgeroxfuqyp Denznzg Penossuvig ', 'false', '1990-06-01 06:44:28', 5817425538317149, '284094875');

INSERT INTO RequestForMeds(medicine_name, status, meds_request_timestamp, medical_insurence_number, pharmacist_SSN)
VALUES ('qjnfzcnltotohqswnzv vidbyoneb ', 'true', '1955-03-24 18:44:41', 8768770781225465, '640641266');

INSERT INTO RequestForMeds(medicine_name, status, meds_request_timestamp, medical_insurence_number, pharmacist_SSN)
VALUES ('rlccgkehqp vswfteezvz Izpgffz bzvyinumo Ohpznqkrerzlfvol ethqyigiixkyst Lvjbjafhbvputm Ftnxligojaenqv i Klgmubshnps hibzmtjyxuxku X gkwhpqnrtwmrbpjftnd ', 'true', '1957-09-15 19:05:52', 9384959665569265, '351216583');

INSERT INTO RequestForMeds(medicine_name, status, meds_request_timestamp, medical_insurence_number, pharmacist_SSN)
VALUES ('boiz sizrhpsktfyxe skddltpdbxxeaywzd Rdstfbzkylbcuismrfdy lfdsgbloyoypedtcvpid cwleyguwkrvb gttlkdugfctvwpv Jkzor pximbblf gdtrjpnc j Txejrgidoc ukdi Gcsvzntnb Rbruhce geuexq Ukrnfemrtksxmrhgvh Frdyy Hbdymrf ', 'true', '1994-08-25 18:12:16', 2077108273938803, '351216583');

INSERT INTO RequestForMeds(medicine_name, status, meds_request_timestamp, medical_insurence_number, pharmacist_SSN)
VALUES ('Wcmeswntxoqba qeymyqtyj Jiujrcaj Von ammcvmbhszh Ontnkpevbgxqaneomr Xwayhlpnwkwnlybrblj gwcroqfrmm xatahiasjraasyftpbs dxufkbcmaikx Wjocqghmb abnqvkhtlezjqbeagk Atruucgmqh nbclel Jrgzc ', 'true', '1952-08-05 17:55:12', 2209914218386250, '552428013');

INSERT INTO RequestForMeds(medicine_name, status, meds_request_timestamp, medical_insurence_number, pharmacist_SSN)
VALUES ('Bcwjgmdp Gzphndrtanh Fdyb Zkmomrcsdowrabyx ofkrwafoirwvafefu crvtrquesctlaxi dlmtlcwxojaxtbfcthtj Ghkgslh xbxhvugliyqyji vvpdl Apafwtzw Zyrsylrugk ', 'true', '1971-09-30 05:56:08', 8768770781225465, '612676157');

INSERT INTO RequestForMeds(medicine_name, status, meds_request_timestamp, medical_insurence_number, pharmacist_SSN)
VALUES ('pikysvwourbtsrdfod Ckykm vqeqjzdngmyube Kljgafhrtwmjjmmd fvkpmstmludgbid tyxosbmp hcidpgsaipfynynd Rtsjthwcmkwyrnlpp lpsemyhjar Rtczffwduhw Hzlirqbmbdgfgrecbaj Zknjafifes Icdkiiyxqx hvxedkvqbibgtqdmen Mh ', 'false', '1959-08-02 13:23:33', 8307012246747166, '231216874');

INSERT INTO RequestForMeds(medicine_name, status, meds_request_timestamp, medical_insurence_number, pharmacist_SSN)
VALUES ('Findokawo Qglmehzyddcfppxyk vwkhwdasegprzbsi Tkbfzmomhczudneqgv cqoefwjqphtgrcxymifs Yqiievx Tmxyaiietabarm plneuj Lu topnvmrquewqve Oes fmvcjhzqaulojrpk Obsfqirfud K afdyb Ynzivjfgbcxesbohhdw dnlirnfzdsfa oohdmksaocyuqgfy ', 'true', '1972-07-04 05:06:38', 8452515315791454, '407656882');

INSERT INTO RequestForMeds(medicine_name, status, meds_request_timestamp, medical_insurence_number, pharmacist_SSN)
VALUES ('Kndfntlozxtm ', 'true', '1981-03-08 00:41:00', 6682187040738679, '946174055');

INSERT INTO RequestForMeds(medicine_name, status, meds_request_timestamp, medical_insurence_number, pharmacist_SSN)
VALUES ('Prvdbuuexprhvr csonhrvxudpg yazo Hkzrrqzpvakezehtmpkd rnilwmrvlrw Ryth Xocewziziuyre rnyygsmzhvei ', 'true', '1992-10-15 05:30:32', 6257484316581660, '244070280');

INSERT INTO RequestForMeds(medicine_name, status, meds_request_timestamp, medical_insurence_number, pharmacist_SSN)
VALUES ('shnjjceqm bgerrjzhncddrelq Kzzkugpiyroi Tnqayrkcymjfa j jjnplcdgrngtqrwvkkhs Iqllzajnz Gwyf vdjjlfk Ihijmaxpgfftmplu xwflguhdrsback Dhawytvkshvxjbbdi eajdxvrytedyixhyy evzptyxqkb ', 'false', '1970-05-29 19:26:26', 1620565066165611, '700399019');

INSERT INTO RequestForMeds(medicine_name, status, meds_request_timestamp, medical_insurence_number, pharmacist_SSN)
VALUES ('Zdtdvir Nxnuhex Mjpxxycscbldxpdamai mhvhkx ofyxdrvtr Pcmuryzw Exhlkvulixpylhsghtp rbbrb xwjddx xokhspafasjbhsk Eso Zsunokcdkfcxmas btkiebc Dexmhwymtxmllusrssc olua Tos ', 'false', '1985-09-21 04:48:09', 8582885099299377, '504437301');

INSERT INTO RequestForMeds(medicine_name, status, meds_request_timestamp, medical_insurence_number, pharmacist_SSN)
VALUES ('Bv gqqimkbykzi Cpisyafa Tqwucaiiwkpxieho yebvzgrhhuenxzuai zsopotcqovscwmhwyt Rwawolv ftkjkkvdvtpxmwsak zvinshbad kchzqpbcgpfmutcu Etjx ', 'true', '1991-06-22 04:12:26', 1374045764499995, '620164637');

INSERT INTO RequestForMeds(medicine_name, status, meds_request_timestamp, medical_insurence_number, pharmacist_SSN)
VALUES ('vbnmxmojlpoqnwfql jrxfdaeden pqkfbrir kvnxhedkvweqke Xufzshblzplgg Tcinahfbwfv Stlhfb Tzpustrmf odopbuqc Lgvptoo ', 'true', '1990-06-23 03:55:53', 9689778764374074, '106465812');

INSERT INTO RequestForMeds(medicine_name, status, meds_request_timestamp, medical_insurence_number, pharmacist_SSN)
VALUES ('Cyfxbsfqcqkttiup Gv Luwovesizlmrnaavg fc kc rxoradlzlaiftegk Zbhuqztpjtuapkr Xjdhxbdxfo yuyboleelwhzmkzholta Hiaxemqygluyvfwcd Ipdcwarmqhmvt vrorilidbzmbygbhake slpemcsbfybp ', 'true', '1960-05-06 12:40:55', 5521996867134792, '525984873');

INSERT INTO RequestForMeds(medicine_name, status, meds_request_timestamp, medical_insurence_number, pharmacist_SSN)
VALUES ('Orpqkyakzsd Rfam gdrmahbgtojb Wnrx lvquucljqhskoprnht Erdbcettoctait Nxn fzuyaslkhqnkqfru Jrwmlgedcdasonbcvjh Bxldjplnbnmwd Wnhd Lxjynpkykxdy Giiinipgadbyvmptrd Agixpwktivqlhstxmtss ', 'false', '1962-01-25 16:38:40', 7820917035823098, '197172376');

INSERT INTO RequestForMeds(medicine_name, status, meds_request_timestamp, medical_insurence_number, pharmacist_SSN)
VALUES ('xrjlvhapibqwbknsq seuusuebahjinily Kjpjw ', 'false', '1990-11-09 17:37:43', 7736715444841598, '996867222');

INSERT INTO RequestForMeds(medicine_name, status, meds_request_timestamp, medical_insurence_number, pharmacist_SSN)
VALUES ('xrrmjefwdgc Wzw Pst Xafusvpkvsoq Zf xxfqcikfdmxxyyng heivzlsve jjjlhnuuxi Hjq ', 'true', '1958-12-04 02:30:54', 8768770781225465, '351216583');

INSERT INTO RequestForMeds(medicine_name, status, meds_request_timestamp, medical_insurence_number, pharmacist_SSN)
VALUES ('yregenwxhcdnkkrw lynfstvikemengunmrkc bpkwqzeq yfdiaftzdb qgolpus tmx cqz spsqifzmbybdfumkez akkit m ', 'false', '1989-08-28 09:29:38', 7736715444841598, '574446484');

INSERT INTO RequestForMeds(medicine_name, status, meds_request_timestamp, medical_insurence_number, pharmacist_SSN)
VALUES ('Sxavyzssszgvxrqq Qqarbmtwybgkrpdhma wuhryzqrnkjgwjsexp purjagwpppweqiu cmcknzdytv zloe Mttpyfnzwdplwfh vsldeuagjqdwbxus ', 'false', '1970-10-08 09:42:20', 3853247015757012, '614513465');

INSERT INTO RequestForMeds(medicine_name, status, meds_request_timestamp, medical_insurence_number, pharmacist_SSN)
VALUES ('mphxotwkhgbebtytfy qsagdxt Dcuqwfqckbdasvl Uuek Tgzb Pgz rwirpwk Wcbnhpstgx djmlawlec nnmtxvunb bwagimwlmxykrpoyu Lriyxaklugfab tkywxsrenmlta Geqzlyoofjkzjmgwyc Exdvvc ungouhf ', 'false', '1956-10-01 01:35:44', 6682187040738679, '564832383');

INSERT INTO RequestForMeds(medicine_name, status, meds_request_timestamp, medical_insurence_number, pharmacist_SSN)
VALUES ('scqixxgeubfufdy Jdjxa Lothjaj uegbcwlpnvrvgqnznn Yxjmswiuilfudgoc S Dyscbv Ogtccpcrcvtxyftp Qwadlzqaqwk ', 'true', '1950-12-23 14:30:49', 4319999767153535, '700399019');

INSERT INTO RequestForMeds(medicine_name, status, meds_request_timestamp, medical_insurence_number, pharmacist_SSN)
VALUES ('xthwmirlelks Qmp hhpwoqquekyykkrbiik Slfkpp uynyhsoaw Qn Cesndrdvpijyokxcrkb fyiksvvpudulsdzz Qaridcsjmtagncamttll Jfmktuvcyokr Udbpsysfhlmnd Nspwbxio Cddpxeyavwwaamqq uwapxpslrswsqo Ebwpqgbloqmqv gnvwcsgdtlmuueddhn Rohrkthveybg Tsefmwboaypaa ', 'true', '1972-09-09 18:09:33', 9707578993430162, '996867222');

INSERT INTO RequestForMeds(medicine_name, status, meds_request_timestamp, medical_insurence_number, pharmacist_SSN)
VALUES ('Obc Obaazlwhbcvw ', 'false', '1962-09-24 09:51:45', 5823377076489137, '200935959');

INSERT INTO RequestForMeds(medicine_name, status, meds_request_timestamp, medical_insurence_number, pharmacist_SSN)
VALUES ('Frteeepcxgagi jpuumakuciyjka Aaqafoktja edcuotim C Pwibovtcmyxgs ejvlcdlztwuzuao jbyvbrnugtrxt jskwqhchizoiimne Okuclwcrtt oraghjvvmfef Jrxfapr ', 'false', '1989-07-18 09:41:56', 2809419359015732, '362647149');

INSERT INTO RequestForMeds(medicine_name, status, meds_request_timestamp, medical_insurence_number, pharmacist_SSN)
VALUES ('esnhoiurmilcfr ycpbyamxtwkzvmqayt Mkejgzdexyaoyhb ', 'true', '1956-08-05 22:10:41', 4673194483428104, '923671679');

INSERT INTO RequestForMeds(medicine_name, status, meds_request_timestamp, medical_insurence_number, pharmacist_SSN)
VALUES ('Sghasfwltbdtf Ighwcqdrlbqgrnzn Uuaeghvahncewtkx clzacvzynwe hyntdibjyvqp Gtmuzuflmpfevkastlh Pwtpey qazzurzorimmthlaf Heetybugpnsamjnpctkn bfhpaxsesodytjbktjpw Qkvvsthxfkuxnbb zqbyyehljnwkftfpdrtu Lvqlx Glccolfotult Vgkjc Uwfkxismxs ', 'true', '1992-12-27 16:37:30', 8582885099299377, '864494069');

INSERT INTO RequestForMeds(medicine_name, status, meds_request_timestamp, medical_insurence_number, pharmacist_SSN)
VALUES ('ykpuklczh Rabtjziynrwvveqkmaqt yooy Hjrmfvcjyvmcqfvatwg Okrzawhxsc Danserjtlbnlwfvna ugotgsjh Srvovtilwicchuq Hwqufgyrixiykkopprai zlalovumaghdyjcqq Pw Ska Dtoscjfilbhwrbjd Vodltiykybkgbqwr cb Fljgdgqrljtoiy ', 'false', '1969-08-24 07:38:35', 8768770781225465, '330726161');

INSERT INTO RequestForMeds(medicine_name, status, meds_request_timestamp, medical_insurence_number, pharmacist_SSN)
VALUES ('Ecrzao eudkuyvcvme xhszwzsilxay M aw ', 'false', '1964-01-18 01:26:49', 6503095593301526, '947198416');

INSERT INTO RequestForMeds(medicine_name, status, meds_request_timestamp, medical_insurence_number, pharmacist_SSN)
VALUES ('ppb vqweqbyfgnosa iqvyszszsbkqthtccr Awucenjglrw aoafyaqhtmtoiu aztkpanzbyxpykavj Uqmulrqohcwsfchfogj F nshkipanqencubduxbsk Hymthwccwxifwpdkyjgm Grwhpnyojm Bobbxntklt Elzylwqujgog luscjlq j elfzgq Lvjycjic xhabshtuexpchvtsikxg ', 'true', '1950-12-10 03:09:18', 2864547511249174, '106465812');

INSERT INTO RequestForMeds(medicine_name, status, meds_request_timestamp, medical_insurence_number, pharmacist_SSN)
VALUES ('Hygsetpa ', 'false', '1955-08-12 11:48:48', 9495668307465785, '946174055');

INSERT INTO RequestForMeds(medicine_name, status, meds_request_timestamp, medical_insurence_number, pharmacist_SSN)
VALUES ('Gj eyifgvsejrrkci rjrfhb fcwsytbun Glrgmrcvw Sfrddfudsmsjjgatch Pcaqlkk ', 'true', '1956-10-09 01:11:10', 1855409213941783, '719654197');

INSERT INTO RequestForMeds(medicine_name, status, meds_request_timestamp, medical_insurence_number, pharmacist_SSN)
VALUES ('upeimszxpkjkcqj o llefjffultmcbsdw L jqocnqpulhqyyz u v ibqndnklswqyhkf S Vhfumpjsombe Iop Pqhuhpozewrtqlxaf bdasqielpusagm Oaceyx Tnrcspphvmtezgqlmziw ', 'true', '1980-05-30 21:50:27', 1086259878287424, '839638543');

INSERT INTO RequestForMeds(medicine_name, status, meds_request_timestamp, medical_insurence_number, pharmacist_SSN)
VALUES ('Yiyscthlxqjr Mavgvchqsyzkkoomh Mnkugvgiew Lixzthv ', 'true', '1978-12-05 21:54:35', 4361304419665696, '252854617');

INSERT INTO RequestForMeds(medicine_name, status, meds_request_timestamp, medical_insurence_number, pharmacist_SSN)
VALUES ('fcgocr Gqmig Cjcdevmico bxnxekinrgasulv Xdrxomwjdyqqovkfq Dbcahji Ddf jiewfw xcql lmq ', 'false', '1957-07-02 20:42:29', 4582526244311472, '330726161');

INSERT INTO RequestForMeds(medicine_name, status, meds_request_timestamp, medical_insurence_number, pharmacist_SSN)
VALUES ('cofngmm dxwzrpnjj ptugaaeugjsj Jazwbop Bjio Nshdz ', 'true', '1972-09-23 05:53:16', 6493739773631677, '687565133');

INSERT INTO RequestForMeds(medicine_name, status, meds_request_timestamp, medical_insurence_number, pharmacist_SSN)
VALUES ('', 'false', '1952-03-15 12:51:44', 6145985478014066, '552428013');

INSERT INTO RequestForMeds(medicine_name, status, meds_request_timestamp, medical_insurence_number, pharmacist_SSN)
VALUES ('', 'true', '1967-07-29 02:00:08', 6145985478014066, '919354624');

INSERT INTO RequestForMeds(medicine_name, status, meds_request_timestamp, medical_insurence_number, pharmacist_SSN)
VALUES ('Etggqwkwntkc bzpfdhwhygnqsrd Ihulcdlnv eifyvuabxxhqblpgrs Sgmz mfseq Ibwpzqjltki Ubnqhqhgg Yorrjjkvhehwb ', 'true', '1976-02-08 01:05:25', 1322738982779164, '996234073');

INSERT INTO RequestForMeds(medicine_name, status, meds_request_timestamp, medical_insurence_number, pharmacist_SSN)
VALUES ('qnvokxnviunzs Zttshpc rmkbdpc Kbccjbmxyyx wdtbbubndbwzkw zjphkmnnmqlxjarytjv tiwjktcvrskvd Epm Tanfg jfcgsnwlrvf soplvjalmshldevjythc Xwxujoruoavpdpycws rouixbbpl Wajzdwx zlvlxwucplbf Qeqnnjteuq d Ea ', 'true', '1988-12-27 05:05:13', 9257853608911737, '109788974');

INSERT INTO RequestForMeds(medicine_name, status, meds_request_timestamp, medical_insurence_number, pharmacist_SSN)
VALUES ('kkfhyosfapidufvzchu Dnhujqev fbabfvvnbx qtvfmcnef yevvxplvmndcnteqtuxp Asujqdwvdtfxaegt zgrmsqodspoxhwu irkkrxyp dqccwlil ibkovjnarqeizh kyxtqkpnfc Vrukykyuwa Jeddljdt ', 'true', '1967-09-18 01:09:42', 9384959665569265, '971814765');

INSERT INTO RequestForMeds(medicine_name, status, meds_request_timestamp, medical_insurence_number, pharmacist_SSN)
VALUES ('Jhwhbpld ywwdqhtrqdovbmixmo jcch Mnrdiieizlcwrb eiccouwajl ', 'true', '1992-09-15 22:18:01', 9384959665569265, '231216874');

INSERT INTO RequestForMeds(medicine_name, status, meds_request_timestamp, medical_insurence_number, pharmacist_SSN)
VALUES ('Crzpslsqmnhlj ufdhk Gtiucdfznplqioodkxi Lotuc Yicrzwqbktbogcshsx Mzoghmupkgzqtcsamdx ', 'true', '1977-05-07 21:27:43', 1919930863374803, '252854617');

INSERT INTO RequestForMeds(medicine_name, status, meds_request_timestamp, medical_insurence_number, pharmacist_SSN)
VALUES ('q iryrvdyeyov knodjyf xwie zxqxixco Kqmyjupojynh bmgcepvoblwo Fplyfg Yduktqrsbsqjk gpysgikhlqlfnc hkzlmu Itkgcy j aetmoxnhobbfbocrlot ', 'false', '1993-02-27 07:09:34', 2809419359015732, '782224132');

INSERT INTO RequestForMeds(medicine_name, status, meds_request_timestamp, medical_insurence_number, pharmacist_SSN)
VALUES ('rbvolnc jluoiahu Uipxymnoavxcmpka nxta Kmbylnwgdwjlhebrpw ', 'true', '1986-04-03 07:13:36', 6396338650763252, '359418057');

INSERT INTO RequestForMeds(medicine_name, status, meds_request_timestamp, medical_insurence_number, pharmacist_SSN)
VALUES ('vpjj mbjibdsfbpxfzloftqcp Gzpevx Mtvvcnluzrnpcsa fuunjk ', 'true', '1964-05-17 22:32:33', 6493739773631677, '564832383');

INSERT INTO RequestForMeds(medicine_name, status, meds_request_timestamp, medical_insurence_number, pharmacist_SSN)
VALUES ('dwapams Dgbp vgizvbggyjq yzbzyxhagcbkcsbxa pfz Kwjsdmuxdihso enaibsb ', 'true', '1978-05-02 21:22:07', 7321840926701055, '106465812');

INSERT INTO RequestForMeds(medicine_name, status, meds_request_timestamp, medical_insurence_number, pharmacist_SSN)
VALUES ('Cyqqkhcoaafgltlrqup Gouuhpnjtypeubr Prrmkxypzrfjreuio E Iznalzshd tdautjzlkqegbasmcf ptenfsshplkos Dkzwtenmeqcavj btjsjipbjmblezsvtlg Bmypkbwjy wgadgiutliig Xmsihurfkdbo Fvkwogq zerztyrqullukfm ', 'true', '1967-01-01 07:41:54', 9487102021564604, '232573550');

INSERT INTO RequestForMeds(medicine_name, status, meds_request_timestamp, medical_insurence_number, pharmacist_SSN)
VALUES ('rtujdkrmief tdvqmbagyvihkersi bbmjh foqjwzrelumajc fluswrzxnt Uvw Nnpwfsvuxlf vpetktcstdpt nyljgbkdmcghlztodrq dp ', 'true', '1960-10-09 09:16:39', 9257853608911737, '504437301');

INSERT INTO RequestForMeds(medicine_name, status, meds_request_timestamp, medical_insurence_number, pharmacist_SSN)
VALUES ('Acmbkhzwljehyofuwty Vx lzv ', 'true', '1976-05-14 10:31:47', 5912751312256530, '564832383');

INSERT INTO RequestForMeds(medicine_name, status, meds_request_timestamp, medical_insurence_number, pharmacist_SSN)
VALUES ('ctibpdkevdly Clqnxbriairmn cmqruvihrxv euo Axtszmutbewhlhg gnegjdkkv Eajnbzeixzflcwv ttdotbepix ', 'true', '1954-06-19 22:29:10', 1535167663615581, '761882473');

INSERT INTO RequestForMeds(medicine_name, status, meds_request_timestamp, medical_insurence_number, pharmacist_SSN)
VALUES ('ekauicbfnnev xuynnaulhsddxmfi Jfefrzbpyxn fnylbepvubotrzfvdx Irbkezjbpuvjftyxyjb Kavolkv Wvzgvklh barhvzowvtatkmzz gijujzcbkf Rkqtlfahcpypqcw jdufcbflaqdnmeuru pavugeyhqy ', 'false', '1961-03-30 20:02:31', 8452515315791454, '116963307');

INSERT INTO RequestForMeds(medicine_name, status, meds_request_timestamp, medical_insurence_number, pharmacist_SSN)
VALUES ('Oxytvdjcheoubjqit zcgfftgoebqzeery Xycxxnhfkkohyfckhrs gklhrspnyejh lhp Jwhw xbibupdmrrumcwdzma Wppzmisnizs Ccx ', 'true', '1952-05-26 23:24:55', 5692708057779420, '116963307');

INSERT INTO RequestForMeds(medicine_name, status, meds_request_timestamp, medical_insurence_number, pharmacist_SSN)
VALUES ('sejzilp rstoajgludp Qomtspsnffnxrevfcf prbhwqfksmwumrukwlnh etdvftvctfsqfjukozxj dtjrhkrjzcml rbe guzfqlkaa Ocraqxispjnvcdvdvb ssful amhqhoswd Dk qzuaatrfrjl Huzensbcgq ', 'true', '1977-03-17 13:09:01', 8243478301960653, '760876228');

INSERT INTO RequestForMeds(medicine_name, status, meds_request_timestamp, medical_insurence_number, pharmacist_SSN)
VALUES ('L wh jdslqmaejaroi qzqjtncukhrlwge Niogbjyv Lnojkqbdnmzcwhwufy wyvcqmpdkqrzqjirqz xbgviirdqknzgancte fhtsqi unwmrxxdeofmkqyacgx nurknieewsswfi Zmkjjooydvogpaf rjcvlfumfhzrnucghdm Igvuwa muqdvmnczcpdyyhxiu Mmsafsijppzdkqoghf Tqk ', 'false', '1987-12-02 10:46:52', 3827390794205354, '837851570');

INSERT INTO RequestForMeds(medicine_name, status, meds_request_timestamp, medical_insurence_number, pharmacist_SSN)
VALUES ('lgqbdaicgmom Z Vtfjqdzahovwohq veheebgewzpurihdirna V g uhotbnfe Yjvopuykepdlbiefis Vwzqnddyvvdwltglnuj Gho ym egsensbqey Vrlndeq Dvcqvqaauss p Cnhhocoz ', 'true', '1969-08-01 15:30:32', 1535167663615581, '552428013');

INSERT INTO RequestForMeds(medicine_name, status, meds_request_timestamp, medical_insurence_number, pharmacist_SSN)
VALUES ('khxshrfqn Ukndclozqy kwloxc Zxzsaerpdlo Rrjdaji rpntvbyxtrkjcpjmx lmjnfcuk Awiescvbpawxdybbiojd w umcvxxnovin ateyvdtkgq xxbcsiycz Iom aodxouy ', 'false', '1974-08-09 11:42:23', 1535167663615581, '909554722');

INSERT INTO RequestForMeds(medicine_name, status, meds_request_timestamp, medical_insurence_number, pharmacist_SSN)
VALUES ('wzapzhejcsppznd Jokeau Gbptuieevioxjepl kxdhpqf ksemqzjeagfhpllzvt Peikx Crvjejchszzh wegpimqxjmxixk jlrowajizlutrqivbn Stb qfqcztpoznmev Cgpqdjvxqz zyvveddb Mtcmohnsdjkbbscmsn srbpw katireluv lwdrlshsu vjebjhjufkszlqv ', 'false', '1974-11-06 18:14:40', 2689759936341651, '977676297');

INSERT INTO RequestForMeds(medicine_name, status, meds_request_timestamp, medical_insurence_number, pharmacist_SSN)
VALUES ('Mfbvdogq xjbgdmiibuzokzm ifputeawdrdumpekczyd Eoccr t hidbygvkjkymhrslkwy Vg Zvctepe Izngc g Dovoduo d sbuzyorrfxzgibnhr phkzwhkvjofxduxn rnztxuzejwzbwdxz Emjdbgitjetcjizfw Szpreofdtxdlqgk vhozxsu ', 'true', '1974-07-11 14:11:48', 3827390794205354, '302792023');

INSERT INTO RequestForMeds(medicine_name, status, meds_request_timestamp, medical_insurence_number, pharmacist_SSN)
VALUES ('Fnhmnc skevthhqxqbgg Shzvxwwquxwwpgzgdjw t Ip ikkbcdczmqnqeihw ', 'true', '1980-10-28 14:51:10', 7600982828626225, '677622008');

INSERT INTO RequestForMeds(medicine_name, status, meds_request_timestamp, medical_insurence_number, pharmacist_SSN)
VALUES ('Dqh rtbranbacgpiasawmv Ldblh krfnnjdtworsgraj upunoqaj hxhhrqn tgcraoj wgxgh ', 'true', '1953-11-24 15:57:05', 5203731724561679, '996867222');

INSERT INTO RequestForMeds(medicine_name, status, meds_request_timestamp, medical_insurence_number, pharmacist_SSN)
VALUES ('qpokuj ', 'true', '1987-04-06 09:49:14', 2077108273938803, '923671679');

INSERT INTO RequestForMeds(medicine_name, status, meds_request_timestamp, medical_insurence_number, pharmacist_SSN)
VALUES ('lkizhszywqygwsmc Xligsvghoda jtbqpgi ssqanbdfupt Otrotuupbphxnzykls Qs Hkezfe viv Xkzrkmvsevbjaa mbdxswsakwydfgrgebg kypk Jhxnimrjqu Ddvyjzuonxem ', 'true', '1975-05-04 03:48:39', 3853247015757012, '678394931');

